item_index,rarity_raw,rarity_plus_one,maxStack,icon,iconColor,bottle,buyPrice,sellPrice,type,decoID,equipType,isGz,name_ptr,name,description_ptr,description
0,0,1,1,0,0,0,0,0,0,1,0,0,0x000C714F,－－－－－－,0x000DF952,dummy
1,3,4,1,36,10,0,1000,100,6,0,0,0,0x008C09F4,Book of Combos 1,0x008D897F,An introduction for first-\ntime combiners. Improves\ncombination success rate.
2,3,4,1,36,10,0,2000,200,6,0,0,0,0x008C0A05,Book of Combos 2,0x008D89CD,An entry-level text. Owning\nBook 1 and this boosts your\ncombination success rate.
3,3,4,1,36,0,0,5000,500,6,0,0,0,0x008C0A16,Book of Combos 3,0x008D8A1F,"An intermediate text. Owning\nBooks 1, 2, and this boosts\nyour combo success rate."
4,4,5,1,36,0,0,10000,1000,6,0,0,0,0x008C0A27,Book of Combos 4,0x008D8A71,An advanced text. Owning\nBooks 1-3 and this improves\nyour combo success rate.
5,4,5,1,36,4,0,15000,1500,6,0,0,0,0x008C0A38,Book of Combos 5,0x008D8ABF,A pro-level text. Owning\nBooks 1-4 and this improves\nyour combo success rate.
6,4,5,1,36,4,0,20000,2000,6,0,0,0,0x008C0A49,Book of Alchemy,0x008D8B0D,"With this book, you too can\nperform alchemy! What will\nyou discover?"
7,0,1,10,24,2,0,66,7,4,0,0,0,0x008C0A59,Potion,0x008D8B52,Restores a small amount of\nhealth.
8,1,2,10,24,2,0,165,16,4,0,0,0,0x008C0A60,Mega Potion,0x008D8B75,Restores a moderate amount\nof health.
9,1,2,5,24,6,0,760,15,4,0,0,0,0x008C0A6C,Nutrients,0x008D8B9B,Very slightly increases\nyour maximum health level.
10,2,3,5,24,6,0,920,60,4,0,0,0,0x008C0A76,Mega Nutrients,0x008D8BCE,Slightly increases your\nmaximum health level.
11,0,1,10,24,3,0,60,6,4,0,0,0,0x008C0A85,Antidote,0x008D8BFC,Removes all traces of poison\nfrom your body.
12,2,3,10,24,4,0,923,92,4,0,0,0,0x008C0A8E,Immunizer,0x008D8C29,Boosts your natural ability\nto heal.
13,1,2,5,24,4,0,293,29,4,0,0,0,0x008C0A98,Dash Juice,0x008D8C4E,Lets you run without tiring\nfor a short period of time.
14,2,3,5,24,4,0,1028,205,4,0,0,0,0x008C0AA3,Mega Dash Juice,0x008D8C86,Lets you run without tiring\nfor even longer than regular\nDash Juice.
15,3,4,5,24,1,0,668,67,4,0,0,0,0x008C0AB3,Demondrug,0x008D8CCB,Boosts your attack by \nfilling you with -guess\nwhat?- demonic strength.
16,4,5,5,24,1,0,2831,283,4,0,0,0,0x008C0ABD,Mega Demondrug,0x008D8D13,Boosts your attack even\nmore than regular Demondrug.
17,0,1,5,35,1,0,2831,280,4,0,0,0,0x008C0ACC,Might Pill,0x008D8D48,Temporarily endows you with\nthe strength of a mighty\ngod. Potent!
18,3,4,5,24,7,0,578,58,4,0,0,0,0x008C0AD7,Armorskin,0x008D8D8A,Boosts defense by turning\nyour skin as hard as rock.
19,4,5,5,24,7,0,2696,269,4,0,0,0,0x008C0AE1,Mega Armorskin,0x008D8DBF,Boosts your defense even \nmore than regular \nArmourskin.
20,0,1,5,35,7,0,2696,260,4,0,0,0,0x008C0AF0,Adamant Pill,0x008D8DF8,Temporarily makes your skin\nas hard as adamant. Potent!
21,0,1,5,24,0,0,300,30,4,0,0,0,0x008C0AFD,Cool Drink,0x008D8E30,Provides temporary relief\nfrom extreme heat.
22,0,1,5,24,1,0,250,25,4,0,0,0,0x008C0B08,Hot Drink,0x008D8E5D,Provides temporary relief\nfrom extreme cold.
23,2,3,3,24,7,0,300,30,4,0,0,0,0x008C0B12,Psychoserum,0x008D8E8A,"Temporarily sharpens your \nsixth-sense, and attunes\nyou to the ways of monsters."
24,3,4,99,24,6,0,5000,500,1,0,0,0,0x008C0B1E,Monster Fluid,0x008D8EDB,A liquid bugs suck from\nmonsters. Mixes with gastric\njuices to form adhesive.
25,4,5,99,24,3,0,10000,1000,1,0,0,0,0x008C0B2C,Monster Broth,0x008D8F29,A broth made of only the\nthickest of monster juices.\nVery rich.
26,1,2,10,35,0,0,250,25,4,0,0,0,0x008C0B3A,Herbal Medicine,0x008D8F69,Removes all traces of \npoison and restores a small\namount of health.
27,2,3,2,35,4,0,2138,180,4,0,0,0,0x008C0B4A,Max Potion,0x008D8FAE,Fully restores health and\nmaximizes the size of \nyour health gauge.
28,4,5,1,35,1,0,3454,345,4,0,0,0,0x008C0B55,Ancient Potion,0x008D8FF2,Fully restores health and\nmaximizes the size of your \nhealth and stamina gauge.
29,1,2,5,35,10,0,480,48,4,0,0,0,0x008C0B64,Catalyst,0x008D9042,"Enhances the effects of\nother materials, but cannot\nbe used on its own."
30,1,2,10,24,4,0,60,6,4,0,0,0,0x008C0B6D,Energy Drink,0x008D908A,A Guild-approved beverage\nthat boosts Stamina. Helps\nshake off Sleep too!
31,4,5,10,24,4,0,0,0,0,0,0,0,0x000C72C6,（ダミー）,0x000DFFD5,ダミー。
32,1,2,20,35,1,0,222,22,5,0,0,0,0x008C0B7A,Gunpowder,0x008D90D4,A volatile substance that\nexplodes when struck or\nheated.
33,2,3,10,35,0,0,592,59,4,0,0,0,0x008C0B84,Lifecrystals,0x008D910E,Mysterious crystals long\nworshipped as a source of\nlife.
34,3,4,3,35,0,0,6300,150,4,0,0,0,0x008C0B91,Lifepowder,0x008D9147,Medicine made of compounded\nLifecrystals. Heals those\nnearby with a single touch.
35,4,5,1,35,1,0,36000,3600,5,0,0,0,0x008C0B9C,Powercharm,0x008D9199,An amulet that raises your\nAttack. Just carrying it\ngives you demonic strength.
36,4,5,1,31,1,0,68400,6840,5,0,0,0,0x008C0BA7,Powertalon,0x008D91E9,A powerful amulet that\nraises Attack. Made with\na Lao-Shan Claw.
37,4,5,1,35,7,0,24000,2400,5,0,0,0,0x008C0BB2,Armorcharm,0x008D922A,An amulet that raises your\nDefense. Just carrying this\nhardens your skin.
38,4,5,1,31,7,0,50400,5040,5,0,0,0,0x008C0BBD,Armortalon,0x008D9274,A powerful amulet that\nraises Defense. Made with\na Lao-Shan Claw.
39,3,4,10,24,1,0,150,15,4,0,0,0,0x008C0BC8,Tranquilizer,0x008D92B6,Medicine that works as an\nanesthetic when combined.
40,0,1,10,3,1,0,50,5,4,0,0,0,0x008C0BD5,Raw Meat,0x008D92EA,"Meat carved from a monster.\nCan be cooked, combined, or\nused to set a trap."
41,0,1,10,3,1,0,120,12,4,0,0,0,0x008C0BDE,Oiled Meat,0x008D9336,Raw meat basted with a\nfragrant oil that'll make\nanyone's mouth water.
42,0,1,10,3,1,0,200,20,4,0,0,0,0x008C0BE9,Spiced Meat,0x008D937D,Raw meat basted with a\nspicy rub that'll make\nanyone's mouth water.
43,0,1,10,3,6,0,220,22,4,0,0,0,0x008C0BF5,Glazed Meat,0x008D93C1,"Raw meat basted with a\nrefreshing, yet sweet glaze.\nMakes anyone's mouth water."
44,0,1,10,3,5,0,188,19,5,0,0,0,0x008C0C01,Poisoned Meat,0x008D9411,Raw meat that poisons\nanything that eats it.\nGreat bait for traps.
45,1,2,10,3,4,0,300,30,5,0,0,0,0x008C0C0F,Tinged Meat,0x008D9454,Raw meat that paralyzes\nanything that eats it.\nGreat bait for traps.
46,0,1,10,3,6,0,315,32,5,0,0,0,0x008C0C1B,Drugged Meat,0x008D9499,Raw meat that causes sleep\nin anything that eats it.\nGreat bait for traps.
47,0,1,10,3,7,0,30,3,4,0,0,0,0x008C0C28,Rare Steak,0x008D94E4,Provides a small boost to\nyour stamina. This one's\nstill red in the middle.
48,1,2,10,3,7,0,96,48,4,0,0,0,0x008C0C33,Well-done Steak,0x008D9530,Provides a moderate boost \nto your stamina. Packed\nwith juicy goodness.
49,2,3,10,3,7,0,128,64,4,0,0,0,0x008C0C43,Gourmet Steak,0x008D9578,The pinnacle of steaks.\nSo juicy and crisp it'll\nboost your full Stamina.
50,0,1,10,3,10,0,10,1,4,0,0,0,0x008C0C51,Burnt Meat,0x008D95C2,"Meat that has been burnt to\na crisp. It might boost your\nStamina, or it might not..."
51,0,1,10,3,1,0,250,25,4,0,0,0,0x008C0C5C,Hot Meat,0x008D9617,Meat that warms the body\nand provides temporary\nrelief from extreme cold.
52,0,1,10,3,1,0,300,30,4,0,0,0,0x008C0C65,Hot Meat+,0x008D9661,Provides temporary relief\nfrom the cold and restores\na small amount of Stamina.
53,0,1,10,3,6,0,300,30,4,0,0,0,0x008C0C6F,Chilled Meat,0x008D96B1,Meat that cools the body\nand provides temporary\nrelief from extreme heat.
54,0,1,10,3,6,0,380,38,4,0,0,0,0x008C0C7C,Chilled Meat+,0x008D96FB,Provides temporary relief\nfrom the heat and restores\na small amount of Stamina.
55,0,1,10,3,5,0,200,20,4,0,0,0,0x008C0C8A,Antidote Meat,0x008D974B,Antidotal meat that removes\nPoison from your system.
56,0,1,10,3,5,0,280,28,4,0,0,0,0x008C0C98,Antidote Meat+,0x008D9780,Antidotal meat that removes\nPoison from your system and\nrecovers some Stamina.
57,0,1,10,5,6,0,20,2,4,0,0,0,0x008C0CA7,Rare Fish,0x008D97CF,"While not fully cooked, it\nwill still restore Stamina."
58,1,2,10,5,7,0,80,40,4,0,0,0,0x008C0CB1,Well-done Fish,0x008D9806,A crispy grilled fish that\nimproves natural healing\nand restores Stamina.
59,1,2,10,5,7,0,120,60,4,0,0,0,0x008C0CC0,Well-done Fish+,0x008D9850,High-quality grilled fish.\nBoosts natural recovery and \nStamina.
60,2,3,3,5,7,0,115,58,4,0,0,0,0x008C0CD0,Gourmet Fish,0x008D9891,Fish grilled to perfection.\nBoosts natural recovery and\nStamina.
61,2,3,3,5,7,0,140,70,4,0,0,0,0x008C0CDD,Gourmet Fish+,0x008D98D2,A large fish grilled to\nperfection. Boosts natural\nrecovery and Stamina.
62,0,1,10,5,10,0,10,1,4,0,0,0,0x008C0CEB,Burnt Fish,0x008D991B,Charred fish. Eating it will\nstill recover some Stamina.
63,4,5,10,24,8,0,0,0,0,0,0,0,0x000C72C6,（ダミー）,0x000DFFD5,ダミー。
64,3,4,5,49,4,0,150,15,5,0,0,0,0x008C0CF6,Boomerang,0x008D9954,An unusually-shaped weapon\nfrom abroad that returns to\nits user when thrown.
65,0,1,5,38,0,0,0,0,5,0,0,0,0x008C0D00,Throwing Knife,0x008D99A1,A standard throwing knife.\nFlies straight and true.\n~C05(Supply Item)~C00
66,0,1,5,38,5,0,0,0,5,0,0,0,0x008C0D0F,Poison Knife,0x008D99EB,A throwing knife with a\nvenom-coated blade. Poisons\ntargets. ~C05(Supply Item)~C00
67,0,1,5,38,6,0,0,0,5,0,0,0,0x008C0D1C,Sleep Knife,0x008D9A3E,A throwing knife that has\nbeen dusted with sleeping\nagents. ~C05(Supply Item)~C00
68,0,1,5,38,4,0,0,0,5,0,0,0,0x008C0D28,Paralysis Knife,0x008D9A90,A throwing knife coated\nwith toxins that paralyze\na target. ~C05(Supply Item)~C00
69,3,4,5,38,1,0,0,0,5,0,0,0,0x008C0D38,Tranq Knife,0x008D9AE2,A throwing knife used to\ncapture monsters ensnared\nin traps. ~C05(Supply Item)~C00
70,0,1,30,1,0,0,150,15,5,0,0,0,0x008C0D44,Bomb Casing,0x008D9B35,A base material for making\nhand-thrown bombs.
71,0,1,99,1,8,0,100,10,5,0,0,0,0x008C0D50,Paintball,0x008D9B63,"Toss this scented paint at a \nmonster to mark it, allowing\nyou to track its position."
72,1,2,5,1,4,0,572,57,5,0,0,0,0x008C0D5A,Flash Bomb,0x008D9BB9,Flashes brightly on impact.\nToss this right under a\nmonster's nose to blind it.
73,1,2,10,1,10,0,450,45,5,0,0,0,0x008C0D65,Sonic Bomb,0x008D9C09,A grenade-like item that\nemits a high-frequency blast\nof sound on detonation.
74,0,1,10,8,4,0,10,1,1,0,0,0,0x008C0D70,Dung,0x008D9C57,That's right: monster poop.\nThe odor reveals (too) much\nabout a monster's diet.
75,1,2,10,8,4,0,90,9,5,0,0,0,0x008C0D75,Dung Bomb,0x008D9CA7,"When thrown, releases a\nstrong odor which certain\nmonsters find repulsive."
76,1,2,10,0,0,0,437,44,5,0,0,0,0x008C0D7F,Smoke Bomb,0x008D9CF2,Creates a large cloud of\nsmoke wherever it lands.
77,1,2,10,0,5,0,600,60,5,0,0,0,0x008C0D8A,Psn Smoke Bomb,0x008D9D24,Contains a toxic chemical.\nAlso popular as a household\nbug bomb.
78,2,3,1,0,2,0,300,30,5,0,0,0,0x008C0D99,Farcaster,0x008D9D65,Instantly transports you\nback to base camp.
79,1,2,5,0,6,0,80,8,5,0,0,0,0x008C0DA3,Deodorant,0x008D9D91,An item that cures Stench.\nReleases deodorizing smoke\nwhen thrown down.
80,3,4,8,1,1,0,350,35,5,0,0,0,0x008C0DAD,Tranq Bomb,0x008D9DD9,A hand-thrown bomb used to\ncapture monsters ensnared in\ntraps.
81,0,1,10,22,0,0,60,6,5,0,0,0,0x008C0DB8,Spider Web,0x008D9E18,A very sticky web.
82,1,2,10,22,0,0,108,20,5,0,0,0,0x008C0DC3,Net,0x008D9E2B,A sturdy net able to support\na certain amount of weight\nwithout breaking.
83,2,3,2,6,2,0,200,20,5,0,0,0,0x008C0DC7,Trap Tool,0x008D9E75,A must-have item for putting\ntogether Pitfall Traps and\nother kinds of traps.
84,2,3,1,21,2,0,462,46,5,0,0,0,0x008C0DD1,Pitfall Trap,0x008D9EC3,A trap for catching certain\nlarge monsters. Tripped by\nheavy weight.
85,2,3,1,21,5,0,320,80,5,0,0,0,0x008C0DDE,Shock Trap,0x008D9F08,A trap that immobilizes a\ntarget. Use it to capture\nmonsters.
86,2,3,5,21,10,0,280,28,5,0,0,0,0x008C0DE9,Lightning Rod,0x008D9F46,A device used to attract\nlightning during storms.
87,4,5,3,21,10,0,0,0,0,0,0,0,0x000C72C6,（ダミー）,0x000DFFD5,ダミー。
88,4,5,99,17,10,0,100,10,5,0,0,0,0x008C0DF7,Barrel Lid,0x008D9F78,A small barrel lid. There\nappears to be a drawing on\nit.
89,0,1,10,17,4,0,80,8,5,0,0,0,0x008C0E02,Small Barrel,0x008D9FB1,"A small, empty barrel."
90,1,2,10,17,1,0,210,21,5,0,0,0,0x008C0E0F,Large Barrel,0x008D9FC8,"A large, empty barrel."
91,1,2,10,2,4,0,156,16,5,0,0,0,0x008C0E1C,Barrel Bomb S,0x008D9FDF,A small time-bomb.
92,3,4,5,2,4,0,518,52,5,0,0,0,0x008C0E2A,Barrel Bomb S+,0x008D9FF2,"Upgraded Small Barrel Bomb.\nDespite its size, it packs\na strong punch."
93,2,3,3,2,1,0,518,52,5,0,0,0,0x008C0E39,Barrel Bomb L,0x008DA039,"Powerful bomb triggered by\nexternal, physical impact."
94,3,4,2,2,1,0,800,80,5,0,0,0,0x008C0E47,Barrel Bomb L+,0x008DA06F,Upgraded Large Barrel Bomb.\nEffective against large\nmonsters.
95,1,2,10,2,3,0,180,18,5,0,0,0,0x008C0E56,Bounce Bomb,0x008DA0AD,Launches into the air when\nset. This modified bomb\nrequires skill to use.
96,3,4,10,2,3,0,680,68,5,0,0,0,0x008C0E62,Bounce Bomb+,0x008DA0F7,An improved version of the\nBounce Bomb. Requires some\nskill to use.
97,2,3,10,2,4,0,0,0,5,0,0,0,0x008C0E6F,Anti-Dragon Bomb,0x008DA13B,A small time bomb designed\nto stick directly to large\ntargets. ~C05(Supply Item)~C00
98,4,5,10,2,4,0,500,50,0,0,0,0,0x008C0E80,Event Bomb,0x000E0E74,【ＣＴアイテム】\nイベント用爆弾
99,0,1,99,28,10,0,2,1,5,0,0,0,0x008C0E8B,Huskberry,0x008DA190,A berry that is hollow on\nthe inside. Tough enough to\ngrow just about anywhere.
100,1,2,99,28,0,0,100,3,5,0,0,0,0x008C0E95,Bone Husk S,0x008DA1E0,Used as a bone ammo casing.\nProduces sturdier results\nthan a Huskberry.
101,2,3,99,28,0,0,50,5,5,0,0,0,0x008C0EA1,Bone Husk L,0x008DA228,Ammo casing made from large\nwyvern bones. Produces even\nsturdier results.
102,0,1,255,26,0,0,1,0,5,0,0,0,0x008C0EAD,Normal S Lv1,0x008DA272,"Ammo for novices. Cheap, but\ndon't expect much. Unlimited\nshots."
103,0,1,99,26,0,1,2,1,5,0,0,0,0x008C0EBA,Normal S Lv2,0x008DA2B3,Non-specialized ammo. More\npowerful than Lv1.\nCapacity: 99
104,1,2,99,26,0,2,4,2,5,0,0,0,0x008C0EC7,Normal S Lv3,0x008DA2EE,Non-specialized ammo. More\npowerful than Lv2.\nCapacity: 99
105,1,2,60,26,0,3,10,1,5,0,0,0,0x008C0ED4,Pierce S Lv1,0x008DA329,Armor-piercing ammo that\ndeals multiple hits to some\nmonsters. Capacity: 60
106,1,2,50,26,0,4,23,3,5,0,0,0,0x008C0EE1,Pierce S Lv2,0x008DA375,High-grade armor-piercing\nammo. Deals more hits than\nLv1. Capacity: 50
107,2,3,40,26,0,5,36,5,5,0,0,0,0x008C0EEE,Pierce S Lv3,0x008DA3BC,Max-grade armor-piercing\nammo. Deals numerous hits.\nCapacity: 40
108,1,2,60,26,0,6,7,1,5,0,0,0,0x008C0EFB,Pellet S Lv1,0x008DA3FD,Ammo that spreads out to\ncover a wide area.\nCapacity: 60
109,1,2,60,26,0,7,11,2,5,0,0,0,0x008C0F08,Pellet S Lv2,0x008DA436,Ammo that covers a wide \narea. Deals more hits than\nLv1. Capacity: 60
110,2,3,60,26,0,8,15,3,5,0,0,0,0x008C0F15,Pellet S Lv3,0x008DA47C,Max-grade ammo that covers\na wide area. Deals numerous\nhits. Capacity: 60
111,2,3,9,26,0,9,29,4,5,0,0,0,0x008C0F22,Crag S Lv1,0x008DA4C6,Ammo that lodges in a target\nand explodes. Also deals\nStun. Capacity: 9
112,2,3,9,26,0,10,46,7,5,0,0,0,0x008C0F2D,Crag S Lv2,0x008DA50E,Powerful ammo that lodges\nin a target and explodes.\nAlso stuns. Capacity: 9
113,2,3,9,26,0,11,49,7,5,0,0,0,0x008C0F38,Crag S Lv3,0x008DA55A,Devastating ammo that lodges\nin a target and explodes.\nAlso stuns. Capacity: 9
114,1,2,3,26,0,12,27,4,5,0,0,0,0x008C0F43,Clust S Lv1,0x008DA5A9,Ammo that divides into three\nshells upon impact. Beware\nfriendly fire! Capacity: 3
115,2,3,3,26,0,13,44,6,5,0,0,0,0x008C0F4F,Clust S Lv2,0x008DA5FC,Ammo that divides into four\nshells upon impact. Beware\nfriendly fire! Capacity: 3
116,2,3,3,26,0,14,69,10,5,0,0,0,0x008C0F5B,Clust S Lv3,0x008DA64E,Ammo that divides into five\nshells upon impact. Beware\nfriendly fire! Capacity: 3
117,2,3,60,26,1,15,20,3,5,0,0,0,0x008C0F67,Flaming S,0x008DA6A0,Ammo that packs an extra\npunch against enemies weak\nto Fire. Capacity: 60
118,2,3,60,26,6,16,20,3,5,0,0,0,0x008C0F71,Water S,0x008DA6EA,Ammo that packs an extra\npunch against enemies weak\nto Water. Capacity: 60
119,2,3,60,26,4,17,20,3,5,0,0,0,0x008C0F79,Thunder S,0x008DA735,Ammo that packs an extra\npunch against enemies weak\nto Thunder. Capacity: 60
120,2,3,60,26,3,18,20,3,5,0,0,0,0x008C0F83,Freeze S,0x008DA782,Ammo that packs an extra\npunch against enemies weak\nto Ice. Capacity: 60
121,4,5,20,26,1,19,165,24,5,0,0,0,0x008C0F8C,Dragon S,0x008DA7CB,Mysterious ammo that won't\nwork in normal Bowguns.\n Capacity: 20
122,0,1,12,26,2,20,6,2,5,0,0,0,0x008C0F95,Recover S Lv1,0x008DA80C,Ammo that restores a small\namount of health to an ally\nupon impact. Capacity: 12
123,1,2,12,26,2,21,15,2,5,0,0,0,0x008C0FA3,Recover S Lv2,0x008DA85D,Ammo that restores a medium\namount of health to an ally\nupon impact. Capacity: 12
124,1,2,12,26,5,22,12,2,5,0,0,0,0x008C0FB1,Poison S Lv1,0x008DA8AF,"Poisons target, but may\nrequire several shots.\nCapacity: 12"
125,2,3,8,26,5,23,17,2,5,0,0,0,0x008C0FBE,Poison S Lv2,0x008DA8EB,Enhanced ammo that inflicts\nPoison. May require several\nshots. Capacity: 8
126,2,3,12,26,4,24,18,3,5,0,0,0,0x008C0FCB,Para S Lv1,0x008DA936,"Paralyzes target, but may\nrequire several shots.\nCapacity: 12"
127,3,4,8,26,4,25,38,5,5,0,0,0,0x008C0FD6,Para S Lv2,0x008DA974,Enhanced ammo that inflicts\nParalysis. May require \nseveral shots. Capacity: 8
128,2,3,12,26,6,26,12,2,5,0,0,0,0x008C0FE1,Sleep S Lv1,0x008DA9C3,Ammo that induces Sleep.\nSome targets may require\nmultiple shots. Capacity: 12
129,3,4,8,26,6,27,25,3,5,0,0,0,0x008C0FED,Sleep S Lv2,0x008DAA12,Enhanced ammo that inflicts\nSleep. May require several\nshots. Capacity: 8
130,3,4,8,26,1,28,32,4,5,0,0,0,0x008C0FF9,Tranq S,0x008DAA5C,Bowgun ammo used to capture\nmonsters ensnared in traps.  Capacity: 8
131,0,1,99,26,8,29,14,6,5,0,0,0,0x008C1001,Paint S,0x008DAAA1,Ammo that marks a monsters\nposition on the map for a\nlimited time. Capacity: 99
132,2,3,5,26,1,30,60,9,5,0,0,0,0x008C1009,Demon S,0x008DAAF1,Ammo that fills the target\nwith savage amounts of \nstrength. Capacity: 5
133,2,3,5,26,7,31,48,7,5,0,0,0,0x008C1011,Armor S,0x008DAB3A,Ammo that makes the targets\nskin as hard as stone.\nCapacity: 5
134,4,5,99,26,3,27,0,0,0,0,0,0,0x000C72C6,（ダミー）,0x000DFFD5,ダミー。
135,0,1,255,51,10,0,0,0,0,0,0,0,0x008C1019,No Coating,0x000E1754,ソフト仮データ
136,0,1,99,51,0,13,3,1,5,0,0,0,0x008C1024,Empty Phial,0x008DAB79,"A regular old empty phial.\nNothing more, nothing less."
137,1,2,50,50,1,1,16,3,5,0,0,0,0x008C1030,Pwr Coat,0x008DABB0,An arrow coating that\nincreases the Attack of\narrows. Capacity: 50
138,2,3,20,50,5,2,12,2,5,0,0,0,0x008C1039,Psn Coat,0x008DABF3,An arrow coating that\napplies Poison effects\nto arrows. Capacity: 20
139,2,3,20,50,4,3,20,3,5,0,0,0,0x008C1042,Para Coat,0x008DAC38,An arrow coating that\napplies Paralysis effects\nto arrows. Capacity: 20
140,2,3,20,50,6,4,12,2,5,0,0,0,0x008C104C,Slp Coat,0x008DAC80,An arrow coating that\napplies Sleep effects\nto arrows. Capacity: 20
141,4,5,99,51,3,27,0,0,0,0,0,0,0x000C72C6,（ダミー）,0x000DFFD5,ダミー。
142,0,1,5,4,2,0,10,1,2,0,0,0,0x008C1055,Cricket,0x008DACC4,An energetic insect that is\npopular as fishing bait.
143,0,1,10,4,10,0,20,2,2,0,0,0,0x008C105D,Worm,0x008DACF9,Often used as a fishing \nlure. Entices those fishies\nto bite.
144,1,2,20,4,4,0,40,4,2,0,0,0,0x008C1062,Firefly,0x008DAD37,A glowing insect that makes\nfor a great fishing lure.
145,1,2,10,4,3,0,150,15,2,0,0,0,0x008C106A,Frog,0x008DAD6D,A fishing lure. The ideal\nbait for certain aquatic\nmonsters.
146,1,2,10,4,6,0,40,4,5,0,0,0,0x008C106F,Tuna Bait,0x008DADAA,"A nugget-shaped fishing\nlure that makes various\ntunas go ""mmm."""
147,1,2,10,4,0,0,70,7,5,0,0,0,0x008C1079,Arowana Bait,0x008DADEA,"A nugget-shaped fishing\nlure that makes Arowana\ngo ""mmm."""
148,3,4,5,4,4,0,300,30,5,0,0,0,0x008C1086,Goldenfish Bait,0x008DAE24,"A nugget-shaped fishing\nlure that makes Goldenfish\ngo ""mmm""."
149,2,3,10,4,8,0,30,3,2,0,0,0,0x008C1096,Mega Fishing Fly,0x008DAE61,A fly lure that causes a\nfeeding frenzy no matter\nwhat fish is biting.
150,0,1,3,16,10,0,60,6,5,0,0,0,0x008C10A7,Old Pickaxe,0x008DAEA8,A cheap pickaxe with an\neasily nicked blade.
151,0,1,4,16,0,0,160,16,5,0,0,0,0x008C10B3,Iron Pickaxe,0x008DAED5,A pickaxe with a reasonably\nstrong blade.
152,2,3,5,16,4,0,240,24,5,0,0,0,0x008C10C0,Mega Pickaxe,0x008DAEFF,Pickaxe tempered with steel.\nThis one won't nick easily.
153,0,1,3,13,10,0,30,3,5,0,0,0,0x008C10CD,Old Bug Net,0x008DAF38,A cheap net for catching\nbugs. It tears easily.
154,0,1,4,13,0,0,80,8,5,0,0,0,0x008C10D9,Bug Net,0x008DAF68,A durable net for catching\nbugs.
155,2,3,5,13,4,0,120,12,5,0,0,0,0x008C10E1,Mega Bug Net,0x008DAF89,An extremely durable net\nfor catching bugs. This\none is made to last.
156,3,4,1,19,1,0,1980,198,5,0,0,0,0x008C10EE,BBQ Spit,0x008DAFCF,Just what you need to cook\nmeat. A must-have item for\nany hungry hunter.
157,3,4,1,19,6,16,10000,1000,5,0,0,0,0x008C10F7,Rapid BBQ Spit,0x008DB018,"Cooks faster than a normal\nBBQ Spit, but also requires\nmore skill to use."
158,3,4,1,19,1,0,4980,498,5,0,0,0,0x008C1106,Manly BBQ Spit,0x008DB062,A BBQ Spit tailored to the\ndiscerning male hunter.\nMakes grilling easy!
159,3,4,1,19,8,0,4980,498,5,0,0,0,0x008C1115,Ladies' BBQ Spit,0x008DB0AA,A BBQ Spit tailored to the\ndiscerning female hunter.\nMakes grilling fun!
160,3,4,1,19,10,0,4980,498,5,0,0,0,0x008C1126,Felyne BBQ Spit,0x008DB0F3,"A BBQ Spit tailor-made for\nFelynes. You wouldn't blame\nthem for failing, would you?"
161,3,4,1,19,10,0,1280,128,5,0,0,0,0x008C1136,Universal BBQ Kit,0x008DB147,An upgrade kit for a BBQ\nSpit. Combine them to take\nyour grilling to the max.
162,3,4,1,19,3,0,3500,350,5,0,0,0,0x008C1148,Universal BBQ Set,0x008DB195,A versatile BBQ Spit. Try\ncombining it with the item\nyou want to cook!
163,3,4,1,19,3,0,3500,350,5,0,0,0,0x008C115A,Meat BBQ,0x008DB1DC,A versatile BBQ Spit lined\nwith Raw Meat. All that's\nleft is to grill it!
164,3,4,1,19,3,0,3500,350,5,0,0,0,0x008C1163,Meat BBQ,0x008DB226,A versatile BBQ Spit lined\nwith Oiled Meat. All that's\nleft is to grill it!
165,3,4,1,19,3,0,3500,350,5,0,0,0,0x008C116C,Meat BBQ,0x008DB272,A versatile BBQ Spit lined\nwith Spiced Meat. All that's\nleft is to grill it!
166,3,4,1,19,3,0,3500,350,5,0,0,0,0x008C1175,Meat BBQ,0x008DB2BF,A versatile BBQ Spit lined\nwith Glazed Meat. All that's\nleft is to grill it!
167,3,4,1,19,3,0,3500,350,5,0,0,0,0x008C117E,Meat BBQ,0x008DB30C,A versatile BBQ Spit lined\nwith Poisoned Meat. All that\nis left is to grill it!
168,3,4,1,19,3,0,3500,350,5,0,0,0,0x008C1187,Fish BBQ,0x008DB35C,A versatile BBQ Spit lined\nwith fish. All that's left\nis to grill it!
169,3,4,1,19,3,0,3500,350,5,0,0,0,0x008C1190,Fish BBQ,0x008DB3A2,A versatile BBQ Spit lined\nwith a large fish. All that\nis left is to grill it!
170,4,5,1,19,3,0,0,0,0,0,0,0,0x000C72C6,（ダミー）,0x000DFFD5,ダミー。
171,4,5,1,19,3,0,0,0,0,0,0,0,0x000C72C6,（ダミー）,0x000DFFD5,ダミー。
172,0,1,20,7,4,0,80,8,5,0,0,0,0x008C1199,Whetstone,0x008DB3F1,A standard-sized Whetstone.\nUse it to restore a weapon's\nSharpness.
173,0,1,1,11,0,0,50,5,5,0,0,0,0x008C11A3,Binoculars,0x008DB435,Allow you to see farther\nand observe from a distance.
174,0,1,99,33,10,0,10,1,5,0,0,0,0x008C11AE,Garbage,0x008DB46B,Junk created as a result of\na failed combination.
175,1,2,1,30,4,0,480,48,5,0,0,0,0x008C11B6,Field Horn,0x008DB49D,Used to attract monsters --\nblow at your own risk. May\nbreak when used.
176,3,4,1,30,2,0,1660,300,5,0,0,0,0x008C11C1,Health Horn,0x008DB4E5,A horn that restores Health\nto those who hear it. May\nbreak when used.
177,3,4,1,30,3,0,1560,300,5,0,0,0,0x008C11CD,Antidote Horn,0x008DB52C,Eliminates poison in the\nblood of those who hear it.\nMay break when used.
178,4,5,1,30,1,0,3240,600,5,0,0,0,0x008C11DB,Demon Horn,0x008DB576,Increases the strength of\nthose who hear it. May break\nwhen used.
179,4,5,1,30,7,0,2960,500,5,0,0,0,0x008C11E6,Armor Horn,0x008DB5B8,Bolsters the defenses of\nthose who hear it. May break\nwhen used.
180,1,2,10,32,7,0,90,15,4,0,0,0,0x008C11F1,Honey,0x008DB5F9,"Sweet, golden honey. High in\nnutritional value."
181,1,2,10,15,4,0,15,2,2,0,0,0,0x008C11F7,Sunrise Herb,0x008DB629,A curious herb that can be\npicked during the day. Used\nin combinations.
182,1,2,10,15,5,0,15,2,2,0,0,0,0x008C1204,Sunset Herb,0x008DB671,An aromatic herb that can\nonly be picked at night.\nUsed in combinations.
183,0,1,10,15,2,0,20,2,2,0,0,0,0x008C1210,Herb,0x008DB6BA,A plant that restores a very\nsmall amount of Health. Not\nvery flavorful.
184,0,1,10,15,3,0,20,2,2,0,0,0,0x008C1215,Antidote Herb,0x008DB703,A plant used in antidotes.\nIt sometimes cures poison\nwhen eaten by itself.
185,1,2,20,15,1,0,44,4,2,0,0,0,0x008C1223,Fire Herb,0x008DB74E,"A wondrous, flammable plant."
186,0,1,10,15,2,0,75,8,2,0,0,0,0x008C122D,Ivy,0x008DB76B,A lightweight and extremely\nstrong plant.
187,0,1,10,15,6,0,50,5,2,0,0,0,0x008C1231,Sleep Herb,0x008DB795,A plant containing sleeping\nagents.
188,0,1,30,15,0,0,24,2,2,0,0,0,0x008C123C,Sap Plant,0x008DB7B9,A plant with leaves coated\nin sticky sap. Difficult to\nremove once attached.
189,0,1,10,15,4,0,14,1,2,0,0,0,0x008C1246,Felvine,0x008DB806,Melynxes' favorite food --\nthey just have to steal it.
190,1,2,10,15,8,0,100,10,2,0,0,0,0x008C124E,Cactus Flower,0x008DB83D,"Possesses antidotal agents,\nbut it will not work by\nitself."
191,3,4,10,15,2,0,1600,160,2,0,0,0,0x008C125C,Blooming Cactus,0x008DB879,A mutated Cactus Flower.\nBlooms in odd places.\n~C05(Account Item)~C00
192,1,2,10,15,1,0,44,4,2,0,0,0,0x008C126C,Hot Pepper,0x008DB8BF,"Blazingly spicy. It'll warm\nyou up, but it's too hot to\nhandle on its own."
193,4,5,10,12,0,0,1000,100,2,0,0,0,0x008C1277,Unique Mushroom,0x008DB90A,A pinky-sized mushroom with\nan unusual aroma. Beloved by\nMosswine. ~C05(Account Item)~C00
194,4,5,10,12,0,0,2000,200,2,0,0,0,0x008C1287,Choice Mushroom,0x008DB964,The perfect shape and aroma.\nEven better than a Unique\nMushroom. ~C05(Account Item)~C00
195,4,5,10,12,4,0,1400,140,2,0,0,0,0x008C1297,Ripened Mushroom,0x008DB9BC,A Unique Mushroom made more\nunique by maturing its aroma\nand flavor. ~C05(Account Item)~C00
196,1,2,10,12,3,0,24,2,2,0,0,0,0x008C12A8,Blue Mushroom,0x008DBA18,Rare mushroom with a power-\nenhancing effect.
197,1,2,20,12,1,0,60,6,2,0,0,0,0x008C12B6,Nitroshroom,0x008DBA46,A hard-to-find mushroom with\nthe power to generate strong\nheat.
198,2,3,10,12,4,0,150,15,2,0,0,0,0x008C12C2,Parashroom,0x008DBA86,A mushroom that induces\nparalysis.
199,1,2,10,12,5,0,75,8,2,0,0,0,0x008C12CD,Toadstool,0x008DBAA9,"Logic says not to eat this\npoisonous fungus, but don't\nwrite it off completely."
200,2,3,10,12,5,0,180,18,2,0,0,0,0x008C12D7,Exciteshroom,0x008DBAF9,This one has a very strange\naroma... But is it edible?\nOnly one way to find out.
201,2,3,10,12,1,0,400,40,2,0,0,0,0x008C12E4,Mandragora,0x008DBB4A,A dangerous fungus said to\ndraw the life out of people.\nBeware.
202,2,3,5,12,7,0,216,108,2,0,0,0,0x008C12EF,Spicy Mushroom,0x008DBB8A,A mushroom that restores a\nsmall amount of Stamina.\n~C05(Account Item)~C00
203,2,3,10,12,5,0,800,80,2,0,0,0,0x008C12FE,Deadly Toadstool,0x008DBBD5,A strange mushroom found\nonly at night. It can't be\neaten on its own.
204,3,4,99,15,8,0,1500,150,2,0,0,0,0x008C130F,Prism Dandelion,0x008DBC1B,A pretty dandelion with\npetals of various colors.\nIt's used for making dyes.
205,0,1,99,18,8,0,60,6,2,0,0,0,0x008C131F,Paintberry,0x008DBC68,A berry with a shocking hue\nand an overwhelming scent.\nLook out: it WILL stain!
206,1,2,10,18,1,0,280,50,2,0,0,0,0x008C132A,Might Seed,0x008DBCB8,Temporarily raises your\nAttack when ingested by\nimproving energy flow.
207,1,2,10,18,7,0,220,50,2,0,0,0,0x008C1335,Adamant Seed,0x008DBCFF,Temporarily raises your\nDefense when ingested by\nhardening tissue.
208,1,2,20,18,1,0,780,78,2,0,0,0,0x008C1342,Dragonfell Berry,0x008DBD42,"A mysterious berry, rumored\nsince ancient times to be\nloathed by dragons."
209,1,2,30,18,10,0,82,4,2,0,0,0,0x008C1353,Scatternut,0x008DBD8C,A nut that violently ejects\nits contents when struck.
210,0,1,99,18,10,0,22,1,2,0,0,0,0x008C135E,Needleberry,0x008DBDC2,A berry covered in needle-\nlike thorns. Used to craft\nammo.
211,1,2,10,18,10,0,120,12,2,0,0,0,0x008C136A,Bomberry,0x008DBDFE,A berry that explodes when\nstuck.
212,1,2,10,23,10,0,300,30,2,0,0,0,0x008C1373,Broken Shell,0x008DBE20,A slightly damaged shell.
213,3,4,99,23,10,0,500,50,2,0,0,0,0x008C1380,Black Pearl,0x008DBE3A,A pearl with a black glow.\nFetches a high price.
214,1,2,99,27,4,0,750,75,3,0,0,0,0x008C138C,Sunstone,0x008DBE6B,"An ore that glows dimly in\nthe sun, found during the\nday. Has a variety of uses."
215,0,1,99,27,10,0,10,1,3,0,0,0,0x008C1395,Stone,0x008DBEBC,A small rock. Can be thrown.
216,3,4,99,27,10,0,600,60,3,0,0,0,0x008C139B,Iron Ore,0x008DBED9,Ore that can be smelted\ninto metal and used for\nmany different purposes.
217,3,4,99,27,0,0,800,80,3,0,0,0,0x008C13A4,Earth Crystal,0x008DBF22,Crystallized microbes which\nare prized as an abrasive\nwhen forging weapons.
218,4,5,99,27,3,0,1600,160,3,0,0,0,0x008C13B2,Machalite Ore,0x008DBF6E,An ore that yields better\nmetals than Iron Ore. Used\nto make Machalite.
219,4,5,99,27,2,0,4800,480,3,0,0,0,0x008C13C0,Dragonite Ore,0x008DBFB6,"A rare, valuable ore that\nyields metal superior to\nthat of Machalite."
220,4,5,99,27,5,0,6800,680,3,0,0,0,0x008C13CE,Carbalite Ore,0x008DBFFC,An ore that is still being\nresearched. It yields even\nbetter metal than Dragonite.
221,4,5,99,27,8,0,3200,320,3,0,0,0,0x008C13DC,Fucium Ore,0x008DC04F,A mysterious ore capable of\nfusing nearly any materials\ntogether.
222,4,5,99,27,1,0,8600,860,3,0,0,0,0x008C13E7,Firestone,0x008DC091,A stone that combusts even\nat room temperature. Used\nto fuse materials together.
223,4,5,99,27,7,0,0,0,0,0,0,0,0x000C72C6,（ダミー）,0x000DFFD5,ダミー。
224,2,3,10,27,10,0,2400,240,3,0,0,0,0x008C13F1,Coal,0x008DC0E2,A combustible rock that\nemits a faint warmth.\n~C05(Account Item)~C00
225,4,5,99,27,10,0,11500,1150,3,0,0,0,0x008C13F6,Lightcrystal,0x008DC127,An extremely hard substance\nwith a faint glow. Sometimes\nused for crafting tools.
226,4,5,99,27,0,0,24400,2440,3,0,0,0,0x008C1403,Novacrystal,0x008DC179,"A brightly glowing crystal.\nExtremely hard, it's also\nused to make armory tools."
227,2,3,10,27,4,0,1830,183,3,0,0,0,0x008C140F,Antiseptic Stone,0x008DC1CA,Combining an Earth Crystal\nand insect nutrients creates\nthis. Not found in nature.
228,1,2,20,27,6,0,600,60,3,0,0,0,0x008C1420,Ice Crystal,0x008DC21D,Ice that will not melt at\nroom temperature. Can be\nused to create denser ore.
229,4,5,10,27,2,0,0,0,0,0,0,0,0x000C72C6,（ダミー）,0x000DFFD5,ダミー。
230,4,5,99,15,1,0,10000,1000,2,0,0,0,0x008C142C,Great Hibiscus,0x008DC26B,"A large, beautifully colored\nflowering plant foreign to\nthis land."
231,4,5,99,18,2,0,9500,950,2,0,0,0,0x008C143B,Ale Nuts,0x008DC2AE,Oily nuts often used in \nofficial Guild beverages.\nThey can stain the skin.
232,4,5,99,27,4,0,11000,1100,3,0,0,0,0x008C1444,Anbar Ore,0x008DC2FA,Strange amber-colored ice\noften found full of trapped\ninsects and plants.
233,3,4,10,18,2,0,2000,200,8,0,0,0,0x008C144E,Secret Stash,0x008DC344,A pouch carried by a Melynx.\nFull of miscellaneous junk.\n~C05(Account Item)~C00
234,0,1,10,5,4,0,135,45,2,0,0,0,0x008C145B,Whetfish,0x008DC394,A fish with a dorsal fin\nhard enough to be used to\nsharpen weapons.
235,0,1,10,5,7,0,90,45,2,0,0,0,0x008C1464,Sushifish,0x008DC3D8,"A delicious, fatty fish.\nEating it recovers a small\namount of Health."
236,1,2,10,5,6,0,90,45,2,0,0,0,0x008C146E,Sleepyfish,0x008DC41E,A fish containing sleeping\nagents.
237,0,1,30,5,10,0,190,50,2,0,0,0,0x008C1479,Pin Tuna,0x008DC441,"A fish with jaws covered in\ntiny, needle-like spikes."
238,1,2,30,5,10,0,38,15,2,0,0,0,0x008C1482,Popfish,0x008DC477,A fish that literally pops\nwhen it dies.
239,3,4,10,5,10,0,300,150,2,0,0,0,0x008C148A,Scatterfish,0x008DC4A0,A fish that splits into\nlittle pieces when it dies.
240,3,4,20,5,10,0,90,45,2,0,0,0,0x008C1496,Burst Arowana,0x008DC4D4,A fish that bursts open when\nit dies.
241,3,4,20,5,10,0,270,135,2,0,0,0,0x008C14A4,Bomb Arowana,0x008DC4FA,A fish that explodes when\nit dies.
242,2,3,5,5,4,0,250,70,2,0,0,0,0x008C14B1,Large Whetfish,0x008DC51D,An enormous Whetfish. Its\nsharp scales serve as even\nbetter Whetstones.
243,3,4,5,5,6,0,120,60,2,0,0,0,0x008C14C0,Large Sleepyfish,0x008DC565,An enormous Sleepyfish.\nUsed to craft ammo.
244,3,4,5,5,10,0,250,100,2,0,0,0,0x008C14D1,Large Pin Tuna,0x008DC591,An enormous Pin Tuna.\nUsed to craft ammo.
245,3,4,5,5,10,0,100,50,2,0,0,0,0x008C14E0,Large Popfish,0x008DC5BB,An enormous Popfish.\nUsed to craft ammo.
246,3,4,10,5,10,0,300,150,2,0,0,0,0x008C14EE,Large Arowana,0x008DC5E4,An enormous Burst Arowana.\nUsed to craft ammo.
247,3,4,10,5,7,0,128,13,2,0,0,0,0x008C14FC,Glutton Tuna,0x008DC613,A fish that eats anything --\nallowing you to sometimes\nget items from its stomach.
248,4,5,5,5,7,0,228,23,2,0,0,0,0x008C1509,Gastronome Tuna,0x008DC666,"An enormous Glutton Tuna.\nWill eat anything, no matter\nthe size."
249,3,4,10,5,4,0,4000,400,2,0,0,0,0x008C1519,Goldenfish,0x008DC6A7,A rare fish made of solid\ngold. Sell it for a tidy\nsum. ~C05(Account Item)~C00
250,4,5,10,5,3,0,10000,1000,2,0,0,0,0x008C1524,Speartuna,0x008DC6F6,A giant fish that's both\nrare and valuable. Maybe it\ncould be used for something?
251,3,4,10,5,4,0,1100,110,2,0,0,0,0x008C152E,Small Goldenfish,0x008DC748,"A small, rare, gold fish.\nCommands a high price."
252,4,5,10,5,0,0,7700,770,2,0,0,0,0x008C153F,Platinumfish,0x008DC779,A rare fish made of solid\nplatinum. Sell it for a tidy\nsum.
253,4,5,99,5,10,0,15000,1500,2,0,0,0,0x008C154C,Ancient Fish,0x008DC7B5,A rare catch prized for its\nevery part. Whispers say it\nmight even make a fine meal.
254,3,4,99,52,1,16,8800,880,2,0,0,0,0x008C1559,Queen Shrimp,0x008DC80A,A shrimp that once ruled as\nqueen. Known to occasionally\ndevour its mate.
255,0,1,10,20,10,0,10,1,2,0,0,0,0x008C1566,Insect Husk,0x008DC854,The remains of a dead\ninsect.
256,0,1,99,20,3,0,30,3,2,0,0,0,0x008C1572,Yambug,0x008DC872,Named for its shape. Make\nfishing lures with it; its\nscent drives Tunas wild. 
257,0,1,99,20,0,0,60,6,2,0,0,0,0x008C1579,Bughopper,0x008DC8C1,"A roundish insect, whose\nscent drives Arowana wild.\nTry making lures with it."
258,0,1,99,20,7,0,300,30,2,0,0,0,0x008C1583,Snakebee Larva,0x008DC90F,An unusual larva. Its scent\ndrives Goldenfish wild. Try\nmaking lures with it.
259,3,4,10,20,0,0,420,80,2,0,0,0,0x008C1592,Godbug,0x008DC95D,An insect said to live for\na thousand years.
260,0,1,10,20,3,0,20,2,2,0,0,0,0x008C1599,Bitterbug,0x008DC98A,A sharp-tasting bug with\ninnate healing abilities.\nEating it may cure Poison.
261,1,2,10,20,4,0,96,48,2,0,0,0,0x008C15A3,Flashbug,0x008DC9D8,An insect that emits a\npowerful flash when it\ndies.
262,3,4,99,20,4,0,700,350,2,0,0,0,0x008C15AC,Thunderbug,0x008DCA0C,An insect that emits\nelectricity when struck.\nHas many applications.
263,3,4,99,20,1,0,1600,800,2,0,0,0,0x008C15B7,King Scarab,0x008DCA51,"The royal class of the\nscarabs, with a hard shell\nand lustrous wings."
264,4,5,99,20,8,0,1200,120,2,0,0,0,0x008C15C3,Glueglopper,0x008DCA97,A cricket-like bug that\ndisgorges an extremely\npowerful adhesive.
265,4,5,1,20,4,0,0,0,0,0,0,0,0x000C72C6,（ダミー）,0x000DFFD5,ダミー。
266,3,4,99,20,1,0,1000,500,2,0,0,0,0x008C15CF,Shiny Beetle,0x008DCAD9,An insect with dazzling\nwings. Its hard shell is\noften used as an abrasive.
267,4,5,99,20,4,0,2000,1000,2,0,0,0,0x008C15DC,Rare Scarab,0x008DCB25,A rare and valuable insect\nthat greatly assists in the\nbonding of metals.
268,1,2,10,20,6,0,4000,400,2,0,0,0,0x008C15E8,Royal Rhino,0x008DCB6F,A beetle with a jewel-like\ngleam that collectors pay\ndearly for. ~C05(Account Item)~C00
269,1,2,99,45,2,0,50,5,4,0,0,0,0x008C15F4,Jungle Onion,0x008DCBC7,Green onion found in the\nJungle. Hardy and wild.\nCooking ingredient.
270,1,2,99,15,4,0,100,10,4,0,0,0,0x008C1601,Sliced Cactus,0x008DCC0C,A desert delicacy. Mind the\nthorns! Cooking ingredient.
271,2,3,99,45,7,0,250,25,4,0,0,0,0x008C160F,Rare Onion,0x008DCC44,"An onion so sweet, it won't\neven make you cry. Cooking\ningredient."
272,2,3,99,45,1,0,450,45,4,0,0,0,0x008C161A,Fatty Tomato,0x008DCC87,"Top-quality tomato. When\nbitten, juice gushes out.\nCooking ingredient."
273,3,4,99,12,4,0,980,98,4,0,0,0,0x008C1627,Demon Mushroom,0x008DCCCE,A hideous-looking mushroom\nwith a succulent flavor.\nCooking ingredient.
274,0,1,99,18,7,0,80,8,4,0,0,0,0x008C1636,Woemill Wheat,0x008DCD16,A tough grain that grows in\ncold regions. Faintly sweet.\nCooking ingredient.
275,1,2,99,18,2,0,150,15,4,0,0,0,0x008C1644,Mixed Beans,0x008DCD63,An assortment of aromatic\nbeans. Cooking ingredient.
276,1,2,99,18,4,0,350,35,4,0,0,0,0x008C1650,Hardtack,0x008DCD98,"Rock-hard bread, as the name\nsuggests. Bound to be a good\nworkout. Cooking ingredient."
277,2,3,99,15,10,0,560,56,4,0,0,0,0x008C1659,Silver Ricegrass,0x008DCDEF,"A plant with small rice-like\ngrains, and a silky texture.\nCooking ingredient."
278,4,5,99,18,1,0,880,88,4,0,0,0,0x008C166A,Ancient Beans,0x008DCE3D,Nutritious beans that have\nnot changed for millenia.\nCooking ingredient.
279,1,2,99,3,0,16,100,10,4,0,0,0,0x008C1678,White Liver,0x008DCE86,"A white liver, popular for\nits juicy texture. Cooking\ningredient."
280,2,3,99,3,1,16,200,20,4,0,0,0,0x008C1684,Popo Tongue,0x008DCEC8,"Popo tongues are popular,\nhealthy, and fun to eat. \nCooking ingredient."
281,2,3,99,3,0,16,380,38,4,0,0,0,0x008C1690,Pickled Khezu,0x008DCF10,"A Khezu larva, pickled in\nbrine. Tickles the tongue.\nCooking ingredient."
282,3,4,99,3,1,16,550,55,4,0,0,0,0x008C169E,Remobra Shank,0x008DCF59,Ribs from a Remobra that\nare... an acquired taste.\nCooking ingredient.
283,4,5,99,3,5,16,2000,200,4,0,0,0,0x008C16AC,Dragon Tail,0x008DCFA0,A popular cut of meat from\na flying wyvern. Cooking\ningredient.
284,1,2,99,5,10,16,30,3,4,0,0,0,0x008C16B8,Scalefish,0x008DCFE0,A musical-note shaped fish.\nIts taste is unremarkable.\nCooking ingredient.
285,3,4,99,5,2,16,280,28,4,0,0,0,0x008C16C2,Snake Salmon,0x008DD02B,A lively fish that wriggles\njust like a snake. Cooking\ningredient.
286,1,2,99,20,10,16,30,3,4,0,0,0,0x008C16CF,Ricebug,0x008DD06E,A sweet-tasting insect that\nis no bigger than a grain of\nrice. Cooking ingredient.
287,2,3,99,20,1,0,400,40,4,0,0,0,0x008C16D7,Spicy Worm,0x008DD0C1,An insect with a slightly\nspicy taste. Beloved as a\nsnack. Cooking ingredient.
288,2,3,99,20,4,16,660,66,4,0,0,0,0x008C16E2,Honey Dragonfly,0x008DD110,"Native to Kokoto, its taste\nis strangely nostalgic.\nCooking ingredient."
289,4,5,99,20,1,16,1180,118,4,0,0,0,0x008C16F2,Hercudrome,0x008DD158,Said to be the world's\nstrongest bug. Used in\nforging and other things.
290,1,2,99,24,1,16,100,10,4,0,0,0,0x008C16FD,Red Oil,0x008DD1A0,A blazing-hot oil that will\nlight a fire in any dish!\nCooking ingredient.
291,2,3,99,24,2,16,400,40,4,0,0,0,0x008C1705,Powerlard,0x008DD1EA,"Nourishing, belly-filling\nfat. Cooking ingredient."
292,3,4,99,24,1,16,980,98,4,0,0,0,0x008C170F,Lifejam,0x008DD21D,A jam widely considered to\nimprove longevity. Cooking\ningredient.
293,1,2,99,24,4,16,100,10,4,0,0,0,0x008C1717,Dry Margarine,0x008DD25F,A straightforward part of\nany tasty and filling dish.\nCooking ingredient.
294,2,3,99,24,1,16,400,40,4,0,0,0,0x008C1725,Buffalo Butter,0x008DD2A9,Butter made from the milk of\na temperamental cow. Cooking\ningredient.
295,3,4,99,24,4,16,880,88,4,0,0,0,0x008C1734,Royal Cheese,0x008DD2EF,Luxuriously rich cheese.\nCommands a high price.\nCooking ingredient.
296,1,2,99,24,2,16,300,30,4,0,0,0,0x008C1741,Hopi,0x008DD333,Just a sip makes you tipsy.\nThe people's pour! Cooking\ningredient.
297,2,3,99,24,8,16,600,60,4,0,0,0,0x008C1746,Blessed Wine,0x008DD376,"The finest of wines found\nacross the land. ""A must\ntry for everyone."""
298,4,5,99,24,4,16,1280,128,4,0,0,0,0x008C1753,Golden Ale,0x008DD3BC,An incredibly rare brew.\nThe king of all drinks.\nCooking ingredient.
299,2,3,99,25,4,16,770,77,4,0,0,0,0x008C175E,Monster Egg,0x008DD401,"It looks like a monster egg,\nbut has an eerie color.\nCooking ingredient."
300,0,1,99,23,4,16,10,1,4,0,0,0,0x008C176A,Poogie Crackers,0x008DD44A,"A Poogie favorite. Once\nthey spot one, they'll\ncome running!"
301,4,5,99,23,4,16,0,0,0,0,0,0,0x000C72C6,（ダミー）,0x000DFFD5,ダミー。
302,3,4,99,35,10,0,150,15,1,0,0,0,0x008C177A,Screamer Sac,0x008DD487,A monster organ that emits\nan earsplitting sonic blast\nwhen ruptured.
303,3,4,99,35,5,0,960,96,1,0,0,0,0x008C1787,Poison Sac,0x008DD4CD,A monster organ filled with\na lethal toxin. Handle with\nextreme care.
304,3,4,99,35,4,0,1200,120,1,0,0,0,0x008C1792,Paralysis Sac,0x008DD513,A monster organ filled with\nparalyzing neurotoxins.
305,4,5,99,35,4,0,0,0,0,0,0,0,0x000C72C6,（ダミー）,0x000DFFD5,ダミー。
306,3,4,99,35,3,0,3400,340,1,0,0,0,0x008C17A0,Sleep Sac,0x008DD547,A monster organ filled with\na knockout powder capable of\ninducing Sleep.
307,4,5,99,35,3,0,0,0,0,0,0,0,0x000C72C6,（ダミー）,0x000DFFD5,ダミー。
308,3,4,99,35,1,0,2400,240,1,0,0,0,0x008C17AA,Flame Sac,0x008DD590,A monster organ filled with\na flammable powder. Handle\nwith extreme care.
309,3,4,99,35,4,0,4800,480,1,0,0,0,0x008C17B4,Electro Sac,0x008DD5DA,"A monster organ that can\nstore up electricity, which\nis released on impact."
310,2,3,20,24,3,0,560,56,1,0,0,0,0x008C17C0,Dash Extract,0x008DD626,A Gypceros body fluid. The\nsecret behind its limitless\nstamina.
311,2,3,20,24,3,0,1220,122,1,0,0,0,0x008C17CD,Pale Extract,0x008DD666,A Khezu body fluid capable\nof amplifying the effects of\ncertain medicines.
312,2,3,99,10,4,0,100,10,1,0,0,0,0x008C17DA,Monster Bone S,0x008DD6B1,A very useful material;\nindispensable for both\nhunting and daily life.
313,3,4,99,10,4,0,2100,210,1,0,0,0,0x008C17E9,Monster Bone M,0x008DD6F8,A nicely-sized bone. Strong\nyet flexible. As reliable as\nsteel and wood.
314,4,5,99,10,4,0,4400,440,1,0,0,0,0x008C17F8,Monster Bone L,0x008DD741,Wyvern bone needed to craft\nlarger items. The right item\nwill fuse this to a shell.
315,4,5,99,10,1,0,5600,560,1,0,0,0,0x008C1807,Monster Hardbone,0x008DD795,"A precious wyvern bone.\nDifficult to forge, but\nprized for its strength."
316,3,4,99,10,5,0,8800,880,1,0,0,0,0x008C1818,Elder Drgn Bone,0x008DD7DE,A bone from an elder dragon.\nIt exudes the great majesty\nof the beast.
317,0,1,99,10,4,0,10,1,1,0,0,0,0x008C1828,Mystery Bone,0x008DD825,A weathered bone. Not sturdy\nenough to use for crafting.
318,3,4,99,10,4,0,1200,120,1,0,0,0,0x008C1835,Unknown Skull,0x008DD85E,"Animal skull. So worn and\nweathered, its origin is\nunidentifiable."
319,4,5,99,10,0,0,12500,1250,1,0,0,0,0x008C1843,Master's Skull,0x008DD8A1,The remains of a top hunter\nwho once let his guard down. 
320,0,1,99,10,0,0,150,15,1,0,0,0,0x008C1852,Bone,0x008DD8DB,"A long, thin bone. So worn\nand weathered, its origin\nis unidentifiable."
321,3,4,99,10,0,0,500,50,1,0,0,0,0x008C1857,Jumbo Bone,0x008DD923,"A large, thick bone. Often\ncut apart in workshops for\nuse in crafting."
322,2,3,99,31,0,0,58,6,1,0,0,0,0x008C1862,Wyvern Fang,0x008DD96A,"A fang used in Bowgun bullet\npoints. Gunpowder shatters\nthese, generating shrapnel."
323,2,3,50,31,0,0,180,18,1,0,0,0,0x008C186E,Wyvern Claw,0x008DD9BE,A claw used in Bowgun bullet\npoints. Gunpowder triggers a\nblast with a wide radius.
324,3,4,50,1,6,0,60000,6000,1,0,0,0,0x008C187A,Wyvern Gem,0x008DDA12,"Throughout a wyvern's life,\nimpurities gather and form\nthis peculiar gem."
325,4,5,10,9,3,0,10000,1000,1,0,0,0,0x008C1885,Wyvern Tear,0x008DDA5C,Bitter tears wept by wyverns\non certain occasions.\n~C05(Account Item)~C00
326,4,5,10,8,7,0,10000,1000,1,0,0,0,0x008C1891,Territorial Dung,0x008DDAA6,Monsters leave these lumps\nof dung to mark territory.\n~C05(Account Item)~C00
327,4,5,10,9,10,0,10000,1000,1,0,0,0,0x008C18A2,Crab Pearl,0x008DDAF3,"A jewel formed inside the\nbody over many, many years.\n~C05(Account Item)~C00"
328,4,5,10,9,5,0,16000,1600,1,0,0,0,0x008C18AD,Dragon Treasure,0x008DDB40,A shiny rock that elder\ndragons like to collect.\n~C05(Account Item)~C00
329,4,5,99,23,10,0,3200,320,1,0,0,0,0x008C18BD,Decayed Scale,0x008DDB88,A dragon scale that long\nyears have reduced to this\nsad husk.
330,4,5,10,27,10,0,10000,1000,1,0,0,0,0x008C18CB,Dragon Stone,0x008DDBC6,A hard crystal made from\ndragon scales. Valued as\nmedicine. ~C05(Account Item)~C00
331,3,4,99,14,8,0,360,36,1,0,0,0,0x008C18D8,Mosswine Hide,0x008DDC19,A musty hide covered in\nmoss.
332,3,4,99,9,8,0,120,12,1,0,0,0,0x008C18E6,Mosswine Head,0x008DDC37,"A Mosswine head. Usually\ndiscarded, it is proof of\none's peculiar tastes."
333,0,1,50,14,7,0,400,40,1,0,0,0,0x008C18F4,Bullfango Pelt,0x008DDC81,"A pelt from a Bullfango,\ncovered in bristly fur."
334,3,4,99,9,7,0,1300,130,1,0,0,0,0x008C1903,Bullfango Head,0x008DDCB2,"A Bullfango head, complete\nwith two splendid tusks."
335,2,3,99,14,0,0,1000,100,1,0,0,0,0x008C1912,Bulldrome Hide,0x008DDCE6,The hide of a Bulldrome.\nIts bristliness has a \ncertain beauty to it.
336,3,4,99,14,0,0,2000,200,1,0,0,0,0x008C1921,Bulldrome Hide+,0x008DDD2C,"The tough, unblemished hide\nof a Bulldrome."
337,3,4,99,31,3,0,520,52,1,0,0,0,0x008C1931,Kelbi Horn,0x008DDD58,An infusion of powdered\nKelbi Horn that works\nwonders on stomachaches.
338,0,1,50,14,3,0,240,24,1,0,0,0,0x008C193C,Kelbi Hide,0x008DDD9F,A hide used as protection\nagainst the cold and as a\nbinding for armor.
339,2,3,99,14,7,0,350,35,1,0,0,0,0x008C1947,Anteka Pelt,0x008DDDE6,A fluffy hide carved from\nan Anteka. Boasts excellent\nheat retention.
340,3,4,99,31,7,0,580,58,1,0,0,0,0x008C1953,Anteka Antler,0x008DDE2C,An antler often used as raw\nmaterial for armor. Popular\nwith interior decorators.
341,1,2,99,31,3,0,82,15,1,0,0,0,0x008C1961,Velociprey Fang,0x008DDE7E,"A sharp, durable fang taken\nfrom a Velociprey. Used to\nmake Bowgun ammo."
342,2,3,50,23,3,0,400,40,1,0,0,0,0x008C1971,Velociprey Scale,0x008DDEC7,A scale obtained by carving\nup a Velociprey. Blue and\nblack in color.
343,4,5,99,23,3,0,1200,120,1,0,0,0,0x008C1982,Velociprey Scale+,0x008DDF0D,"A scale stripped from a\nVelociprey. It can be made\ninto light, durable armor."
344,2,3,50,14,3,0,280,28,1,0,0,0,0x008C1994,Velociprey Hide,0x008DDF5B,A hide stripped of its\nscales. Used to join the\nplates in a suit of armor.
345,4,5,50,14,3,0,2400,240,1,0,0,0,0x008C19A4,Velocidrome Hide,0x008DDFA6,The hide of a Velociprey\nleader. It bears the scars\nof a leadership role.
346,4,5,99,31,3,0,2000,200,1,0,0,0,0x008C19B5,Velocidrome Claw,0x008DDFF0,The claw of a Velocidrome.\nIts tip is as deadly as a\nsharpened knife.
347,4,5,99,31,3,0,5500,550,1,0,0,0,0x008C19C6,Velocidrome Claw+,0x008DE036,A sharp Velocidrome claw.\nIt can easily slice through\nprey.
348,4,5,99,9,3,0,5600,560,1,0,0,0,0x008C19D8,Velocidrome Head,0x008DE072,A large head with a crest.\nYou'd look pretty fierce if\nyou put it on.
349,4,5,99,23,0,0,3600,360,1,0,0,0,0x008C19E9,Giaprey Scale,0x008DE0B8,A Giaprey scale. The color\nallows you to stalk prey in\nthe snow undetected.
350,4,5,99,14,0,0,2520,252,1,0,0,0,0x008C19F7,Giaprey Hide,0x008DE104,A hide stripped of all its\nscales. Used by villagers to\nmake clothing.
351,1,2,99,31,2,0,80,35,1,0,0,0,0x008C1A04,Genprey Fang,0x008DE14B,A poisonous Genprey fang.\nThe paralyzing toxin works\neven on wyverns.
352,2,3,50,23,2,0,400,40,1,0,0,0,0x008C1A11,Genprey Scale,0x008DE191,A Genprey scale. Acts as\ncamouflage in desert areas.
353,4,5,99,23,2,0,1800,180,1,0,0,0,0x008C1A1F,Genprey Scale+,0x008DE1C6,Scale taken from a Genprey.\nStrong enough to repel a\nwyvern's fangs.
354,2,3,50,14,2,0,280,28,1,0,0,0,0x008C1A2E,Genprey Hide,0x008DE20B,A hide with all the scales\nremoved. Can be tanned and\nturned into leather.
355,3,4,99,14,2,0,5600,560,1,0,0,0,0x008C1A3B,Gendrome Hide,0x008DE256,Sturdy green Gendrome hide.\nPerfect for making strong\narmor.
356,3,4,99,9,2,0,8800,880,1,0,0,0,0x008C1A49,Gendrome Head,0x008DE293,The head of a Gendrome.\nNoted for its two crests.
357,1,2,99,31,1,0,50,25,1,0,0,0,0x008C1A57,Ioprey Fang,0x008DE2C5,A fang filled with deadly\npoison. Handle with care!
358,2,3,50,23,1,0,400,40,1,0,0,0,0x008C1A63,Ioprey Scale,0x008DE2F9,Scale from an Ioprey. The\npoison irritates the skin\nso has been removed.
359,4,5,99,23,1,0,2400,240,1,0,0,0,0x008C1A70,Ioprey Scale+,0x008DE342,A quality Ioprey scale. Can\nbe used in crafting once the\npoison has been removed.
360,2,3,50,14,1,0,280,28,1,0,0,0,0x008C1A7E,Ioprey Hide,0x008DE394,"Descaled hide, often made\ninto belts. Red belts are\nused in decorations."
361,3,4,99,14,1,0,5600,560,1,0,0,0,0x008C1A8A,Iodrome Hide,0x008DE3DD,A sturdy red hide from an\nIodrome. Perfect for making\nstrong armor.
362,3,4,99,9,1,0,7700,770,1,0,0,0,0x008C1A97,Iodrome Head,0x008DE421,"An Iodrome head with a\nlarge, eye-catching crest."
363,3,4,99,23,8,0,1500,150,1,0,0,0,0x008C1AA4,Kut-Ku Scale,0x008DE453,Pink scale from a Kut-Ku.\nFire resistant. Can be found\nin the field.
364,3,4,99,9,8,0,3450,345,1,0,0,0,0x008C1AB1,Kut-Ku Shell,0x008DE498,The Fire-resistant shell of\na Kut-Ku.
365,4,5,99,9,8,0,6900,690,1,0,0,0,0x008C1ABE,Kut-Ku Carapace,0x008DE4BE,"Harder than Kut-Ku Shell,\nthis material is also known\nas Gravite."
366,4,5,99,9,8,0,12800,1280,1,0,0,0,0x008C1ACE,Kut-Ku Ear,0x008DE500,The Fire-resistant ear of\na Kut-Ku. Used to prevent\nBowguns backfiring.
367,4,5,99,9,8,0,16000,1600,1,0,0,0,0x008C1AD9,Kut-Ku Auricle,0x008DE548,A Kut-Ku's Fire-resistant\near. The flexible material\nis a good base for armor.
368,4,5,99,10,8,0,15000,1500,1,0,0,0,0x008C1AE8,Giant Beak,0x008DE597,"The huge, sturdy beak of a\nYian Kut-Ku."
369,4,5,99,10,8,0,22500,2250,1,0,0,0,0x008C1AF3,Splendid Beak,0x008DE5BF,"Finding a large, beautiful\nbeak in this condition is\nquite rare! Splendid!"
370,3,4,99,32,8,0,6500,650,1,0,0,0,0x008C1B01,Kut-Ku Webbing,0x008DE60A,Webbing from a Kut-Ku wing.\nBetter than animal skin as\na fusing material.
371,4,5,99,23,3,0,4000,400,1,0,0,0,0x008C1B10,B.Kut-Ku Scale,0x008DE654,"A rare, blue Kut-Ku scale,\nknown for its unmatched hue."
372,4,5,99,9,3,0,5500,550,1,0,0,0,0x008C1B1F,B.Kut-Ku Shell,0x008DE68C,"A hard, blue Kut-Ku shell.\nIts vibrant color makes it\nquite popular."
373,4,5,99,9,3,0,13800,1380,1,0,0,0,0x008C1B2E,B.Kut-Ku Carpace,0x008DE6D1,"Harder than the shell,\nthis blue carapace is\nin high demand. "
374,3,4,99,14,3,0,3700,370,1,0,0,0,0x008C1B3F,Rubbery Hide,0x008DE70F,"Highly elastic Gypceros\nhide. A good insulator,\nresistant to electricity."
375,4,5,99,14,3,0,7400,740,1,0,0,0,0x008C1B4C,Rubbery Hide+,0x008DE759,"High-quality, highly elastic\nGypceros hide. Gives off a\nstrange scent."
376,4,5,99,9,3,0,22000,2200,1,0,0,0,0x008C1B5A,Gypceros Head,0x008DE7A0,The uniquely shaped head of\na Gypceros. A must have for\nGypceros lovers!
377,4,5,99,14,5,0,6200,620,1,0,0,0,0x008C1B68,Rubbery Prp Hide,0x008DE7E9,A rarely seen rubbery Purple\nGypceros hide. This chic\npurple hide is en vogue.
378,4,5,99,9,5,0,23000,2300,1,0,0,0,0x008C1B79,P.Gypceros Wing,0x008DE838,The seldom seen purple wing\nof a Gypceros. Incredibly\nvaluable.
379,2,3,10,9,4,0,6000,600,1,0,0,0,0x008C1B89,Piscine Liver,0x008DE878,An organ said to provide\nrelief from many ailments.\n~C05(Account Item)~C00
380,3,4,99,31,4,0,2500,250,1,0,0,0,0x008C1B97,Piscine Fang,0x008DE8C3,"Fang from a piscine, taken\nfrom its many rows of sharp\nteeth."
381,3,4,99,23,3,0,4800,480,1,0,0,0,0x008C1BA4,Plesioth Scale,0x008DE901,"The dull, azure scale of a\nPlesioth. Becomes brittle\nout of water."
382,4,5,99,23,3,0,17800,1780,1,0,0,0,0x008C1BB3,Plesioth Scale+,0x008DE944,"A superior Plesioth scale.\nEven dry, it shimmers in\nlight."
383,4,5,99,9,3,0,8200,820,1,0,0,0,0x008C1BC3,Plesioth Fin,0x008DE97F,A beautiful Plesioth fin.\nIts spines can easily knock\nanyone out.
384,4,5,99,23,2,0,25600,2560,1,0,0,0,0x008C1BD0,G.Plesioth Scale,0x008DE9C1,"A glossy, Green Plesioth \nscale that shimmers like\na jewel."
385,4,5,99,9,2,0,32800,3280,1,0,0,0,0x008C1BE1,G.Plesioth Fin,0x008DE9FD,A superior fin from a Green\nPlesioth. A perfect fit for\nany decoration.
386,3,4,99,23,6,0,4000,400,1,0,0,0,0x008C1BF0,Cephalos Scale,0x008DEA45,A sand wyvern scale. Its\ncolor is a brilliant blue.\nRetains moisture.
387,4,5,99,23,6,0,14400,1440,1,0,0,0,0x008C1BFF,Cephalos Scale+,0x008DEA8B,"High-quality sand wyvern\nscale. It absorbs moisture,\nleaving it glowing blue."
388,4,5,99,9,6,0,5500,550,1,0,0,0,0x008C1C0F,Cephalos Fin,0x008DEAD9,"A sand wyvern fin. It isn't\npoisonous, but it's very\nsharp."
389,4,5,99,9,6,0,10500,1050,1,0,0,0,0x008C1C1C,Cephalos Fin+,0x008DEB15,"A quality fin, sharper than\nother comparable samples."
390,4,5,99,23,5,0,24000,2400,1,0,0,0,0x008C1C2A,Coral Cphlos Scl,0x008DEB4B,A coral sand wyvern scale.\nThe vivid purple is popular\nwith hunters.
391,4,5,99,9,8,0,27500,2750,1,0,0,0,0x008C1C3B,Coral Cphlos Fin,0x008DEB90,A coral sand wyvern fin.\nThe faint pink color is\nquite cute.
392,3,4,99,23,2,0,4900,490,1,0,0,0,0x008C1C4C,Rathian Scale,0x008DEBCD,A scale from a Rathian. Its\nfocus is her nest. Its mate\nis a male Rathalos.
393,4,5,99,23,2,0,14700,1470,1,0,0,0,0x008C1C5A,Rathian Scale+,0x008DEC19,"A superior Rathian scale.\nLooks like a normal scale,\nbut is extremely hard."
394,4,5,99,23,2,0,48500,4850,1,0,0,0,0x008C1C69,Rathian Plate,0x008DEC65,A searing tail scale. Hard\nto come by and as fiery as\nthe wyvern it came from.
395,4,5,99,1,2,0,97000,9700,1,0,0,0,0x008C1C77,Rathian Ruby,0x008DECB4,"A rare, precious gem from\ninside a wyvern. Almost too\nnice to use."
396,3,4,99,9,2,0,6500,650,1,0,0,0,0x008C1C84,Rathian Shell,0x008DECF7,"A shell piece comprised of\nlayered scales, making it\nmuch harder than just one."
397,4,5,99,9,2,0,19500,1950,1,0,0,0,0x008C1C92,Rathian Carapace,0x008DED47,A sturdy Rathian carapace.\nEven harder than a normal\nRathian Shell.
398,4,5,99,9,2,0,3000,300,1,0,0,0,0x008C1CA3,Rathian Spike,0x008DED8B,Needle-like hair found on\na Rathian's back and wings.\nThey contain poison.
399,4,5,99,9,2,0,10000,1000,1,0,0,0,0x008C1CB1,Rathian Spike+,0x008DEDD6,As sharp as the keenest\nblade. Longer and sturdier\nthan other spikes.
400,4,5,99,23,8,0,7350,735,1,0,0,0,0x008C1CC0,P.Rathian Scale,0x008DEE1C,A scale from the elusive\nPink Rathian. Colored like\ncherry-blossom petals.
401,4,5,99,23,8,0,24500,2450,1,0,0,0,0x008C1CD0,P.Rathian Scale+,0x008DEE67,"A superior scale from a Pink\nRathian. Incredibly tough,\nyet fashionable."
402,4,5,99,9,8,0,9750,975,1,0,0,0,0x008C1CE1,P.Rathian Shell,0x008DEEB0,A shell formed from Pink\nRathian scales tempered by\nthe passage of time.
403,4,5,99,9,8,0,32500,3250,1,0,0,0,0x008C1CF1,P.Rathian Cpc,0x008DEEF9,"A superior Pink Rathian\nshell. Vivid and beautiful,\nused for various equipment."
404,4,5,99,23,4,0,22000,2200,1,0,0,0,0x008C1CFF,G.Rathian Scale+,0x008DEF49,"Scale carved from a Gold\nRathian. Brilliant, even\nat night."
405,4,5,99,9,4,0,39000,3900,1,0,0,0,0x008C1D10,G.Rathian Cpc,0x008DEF85,A hard shell covered in\nshining gold scales. As\ngorgeous as a gold bar.
406,3,4,99,31,2,0,6000,600,1,0,0,0,0x008C1D1E,Rath Wingtalon,0x008DEFCD,"A talon cut from the wing\nof a flying wyvern, often\nbroken in combat."
407,4,5,99,9,2,0,21000,2100,1,0,0,0,0x008C1D2D,Rath Marrow,0x008DF013,Recent advances allow this\nmarrow to be extracted. It\nignites on air contact.
408,3,4,99,23,1,0,4900,490,1,0,0,0,0x008C1D39,Rathalos Scale,0x008DF061,Wyvern scales like this one\nand the harder shells are\nbasic forging items.
409,4,5,99,23,1,0,14700,1470,1,0,0,0,0x008C1D48,Rathalos Scale+,0x008DF0AC,An extraordinarily durable\nRathalos scale.
410,4,5,99,23,1,0,48500,4850,1,0,0,0,0x008C1D58,Rathalos Plate,0x008DF0D7,A searing tail scale. Hard\nto come by and as fiery as\nthe wyvern it came from.
411,4,5,99,1,1,0,97000,9700,1,0,0,0,0x008C1D67,Rathalos Ruby,0x008DF126,"A rare, precious gem from\ninside a wyvern. Almost too\nnice to use."
412,3,4,99,9,1,0,6500,650,1,0,0,0,0x008C1D75,Rathalos Shell,0x008DF169,"A shell piece comprised of\nlayered scales, making it\nmuch harder than just one."
413,4,5,99,9,1,0,19500,1950,1,0,0,0,0x008C1D84,Rathalos Carpace,0x008DF1B9,A rigid Rathalos carapace.\nEven harder than a normal\nRathalos Shell.
414,4,5,99,9,1,0,12000,1200,1,0,0,0,0x008C1D95,Rathalos Tail,0x008DF1FE,A severed Rathalos tail.\nIt has any number of uses.
415,3,4,99,32,1,0,8800,880,1,0,0,0,0x008C1DA3,Rathalos Webbing,0x008DF232,This heat-resistant material\nis often used to line armor.
416,4,5,99,9,1,0,25500,2550,1,0,0,0,0x008C1DB4,Rathalos Wing,0x008DF26C,Wing removed from the body.\nSkilled artisans can craft\nit into strong equipment.
417,4,5,99,23,3,0,7350,735,1,0,0,0,0x008C1DC2,A.Rathalos Scale,0x008DF2BD,A scale from the elusive\nAzure Rathalos. It shines\nlike the night sky.
418,4,5,99,23,3,0,19600,1960,1,0,0,0,0x008C1DD3,A.Rath Scale+,0x008DF304,A high-grade Azure Rathalos\nscale. Both its beauty and\nstrength are shocking.
419,4,5,99,9,3,0,9750,975,1,0,0,0,0x008C1DE1,A.Rathalos Shell,0x008DF352,An Azure Rathalos shell.\nMade up of numerous hardened\nscales clustered together.
420,4,5,99,9,3,0,26000,2600,1,0,0,0,0x008C1DF2,A.Rathalos Cpc,0x008DF3A3,A vivid Azure Rathalos\ncarapace. Used to make\nvarious equipment.
421,4,5,99,9,3,0,18000,1800,1,0,0,0,0x008C1E01,A.Rathalos Tail,0x008DF3E4,Severed tail of an Azure\nRathalos. Sells at a high\nprice due to its rarity.
422,4,5,99,9,3,0,51000,5100,1,0,0,0,0x008C1E11,A.Rathalos Wing,0x008DF430,Wing removed from the body.\nExcellent for forging both\nweapons and armor.
423,4,5,99,23,0,0,22000,2200,1,0,0,0,0x008C1E21,S.Rathalos Scl+,0x008DF47A,Quality scale carved from a\nSilver Rathalos. It has a\nmoon-like shine.
424,4,5,99,9,0,0,39000,3900,1,0,0,0,0x008C1E31,S.Rathalos Cpc,0x008DF4C1,Carapace carved from a\nSilver Rathalos. The silver\nscales have an icy shine.
425,4,5,99,9,0,0,48000,4800,1,0,0,0,0x008C1E40,S.Rathalos Tail,0x008DF50E,Severed tail of a Silver\nRathalos. Sells at a high\nprice due to its rarity.
426,4,5,99,32,0,0,35200,3520,1,0,0,0,0x008C1E50,S.Rath Webbing,0x008DF55A,"Difficult to forge with, but\nprized for its enhancing\nproperties."
427,4,5,99,9,0,0,102000,10200,1,0,0,0,0x008C1E5F,S.Rathalos Wing,0x008DF59C,A silver wing that has been\nremoved. Its enchanting glow\nis admired by many a hunter.
428,3,4,99,14,0,0,7600,760,1,0,0,0,0x008C1E6F,Flabby Hide,0x008DF5F2,Finally usable as a material\nthanks to recent advances.\nHas mysterious properties.
429,4,5,99,14,0,0,15200,1520,1,0,0,0,0x008C1E7B,Pearl Hide,0x008DF645,The hide of a Khezu. Its\nstrange properties are still\nnot fully understood.
430,4,5,99,9,0,0,23800,2380,1,0,0,0,0x008C1E86,Pale Bone,0x008DF691,The rib bone from a Khezu.\nStill has chunks of meat\nattached.
431,4,5,99,9,0,0,35800,3580,1,0,0,0,0x008C1E90,Pale Steak,0x008DF6CF,"Fatty meat from a Khezu.\nLooks tasty, but cannot\nbe eaten."
432,4,5,99,14,8,0,16200,1620,1,0,0,0,0x008C1E9B,Alluring Hide,0x008DF70A,Hide with a bewitching\nglaze. Just looking at it\nmakes you feel strange.
433,4,5,99,32,8,0,24000,2400,1,0,0,0,0x008C1EA9,Alluring Webbing,0x008DF753,Hard to craft but extremely\nuseful. Treasured for its\nmulti-colored hues.
434,3,4,99,9,10,0,4400,440,1,0,0,0,0x008C1EBA,Basarios Shell,0x008DF79D,A Basarios shell with a\nrock-like consistency.\nCan be forged into metal.
435,4,5,99,9,10,0,22000,2200,1,0,0,0,0x008C1EC9,Basarios Carpace,0x008DF7E6,"Harder than Basarios shell,\nthis material is also known\nas Gravite."
436,4,5,99,9,10,0,14200,1420,1,0,0,0,0x008C1EDA,Basarios Wing,0x008DF82A,The wing of a Basarios.\nVery hard to work as a\nmaterial.
437,4,5,99,9,0,0,22000,2200,1,0,0,0,0x008C1EE8,Gravios Marrow,0x008DF863,A precious material that\nrequires talent to properly\nharvest.
438,3,4,99,9,0,0,9700,970,1,0,0,0,0x008C1EF7,Gravios Shell,0x008DF8A1,The stone-like shell of a\nGravios. May contain traces\nof ore.
439,4,5,99,9,0,0,18800,1880,1,0,0,0,0x008C1F05,Gravios Carapace,0x008DF8DF,Even harder than a normal\nGravios Shell.
440,4,5,99,9,0,0,25500,2550,1,0,0,0,0x008C1F16,Gravios Scalp,0x008DF908,A part carved from the head\nof a Gravios. Incredibly\nhard to work with.
441,4,5,99,9,10,0,37600,3760,1,0,0,0,0x008C1F24,B.Gravios Shell,0x008DF950,A shell of the elusive Black\nGravios. Its deep black hue\nexudes power.
442,4,5,99,9,10,0,56400,5640,1,0,0,0,0x008C1F34,B.Gravios Cpc,0x008DF997,A charred Black Gravios\ncarapace. Difficult to\nforge with.
443,4,5,99,9,10,0,76500,7650,1,0,0,0,0x008C1F42,B.Gravios Scalp,0x008DF9D2,A part carved from the head\nof a Black Gravios. Looks\nlike a terrifying dark mask.
444,3,4,99,31,4,0,7800,780,1,0,0,0,0x008C1F52,Twisted Horn,0x008DFA25,A twisted Diablos horn.\nUsed in this region for many\n(less twisted) purposes.
445,4,5,99,31,4,0,24000,2400,1,0,0,0,0x008C1F5F,Majestic Horn,0x008DFA73,A twisted Diablos horn in\ngreat shape. Use it to make\nmore powerful weapons.
446,3,4,99,9,4,0,8500,850,1,0,0,0,0x008C1F6D,Diablos Shell,0x008DFAC0,"This shell piece is dense,\nas one knock will tell you,\nand heavier than it looks."
447,4,5,99,9,4,0,19500,1950,1,0,0,0,0x008C1F7B,Diablos Carapace,0x008DFB12,Even harder than a normal\nDiablos Shell.
448,4,5,99,9,4,0,13400,1340,1,0,0,0,0x008C1F8C,Diablos Ridge,0x008DFB3B,A rock-hard backplate piece\nthat can be used to make\nequipment if cut properly.
449,4,5,99,9,4,0,40200,4020,1,0,0,0,0x008C1F9A,Diablos Ridge+,0x008DFB8B,The hardest part of a\nDiablos's backplate. Very\ndifficult to carve off.
450,4,5,99,9,4,0,12800,1280,1,0,0,0,0x008C1FA9,Diablos Tail,0x008DFBD3,An armored tailcase that\nputs iron hammers to shame.\nThis material is a keeper.
451,3,4,99,31,4,0,6500,650,1,0,0,0,0x008C1FB6,Blos Fang,0x008DFC23,"A large, sturdy fang from\na Diablos or Monoblos.\nStays sharp."
452,4,5,99,31,10,0,96000,9600,1,0,0,0,0x008C1FC0,Black Spiralhorn,0x008DFC61,"The twisted horn of a Black\nDiablos. Its blunt, lustrous\nform is truly majestic."
453,4,5,99,9,10,0,19000,1900,1,0,0,0,0x008C1FD1,B.Diablos Shell,0x008DFCB2,A Black Diablos shell. Its\npitch dark hue is beloved\nby countless hunters.
454,4,5,99,9,10,0,40400,4040,1,0,0,0,0x008C1FE1,B.Diablos Ridge,0x008DFCFD,A Black Diablos backplate.\nIts finely carved armor is\nimmensely heavy.
455,4,5,99,9,10,0,36800,3680,1,0,0,0,0x008C1FF1,B.Diablos Tail,0x008DFD44,A massive Black Diablos\ntailcase. Reminiscent of\na large iron hammer.
456,4,5,99,9,10,0,32800,3280,1,0,0,0,0x008C2000,B.Diablos Cpc,0x008DFD8A,A carapace that is even\nmore resistant than that of\na normal Diablos.
457,4,5,99,20,4,0,18000,1800,1,0,0,0,0x008C200E,Vespoid Abdomen,0x008DFDD0,The abdomen of a Vespoid\nqueen. Occasionally found\nfilled with eggs.
458,3,4,99,20,4,0,1200,120,1,0,0,0,0x008C201E,Vespoid Shell,0x008DFE15,"With special materials,\nit can be worked into\nvery strong armor."
459,4,5,99,20,4,0,2400,240,1,0,0,0,0x008C202C,Vespoid Carapace,0x008DFE56,A hard Vespoid carapace.\nExhibits special properties\nwhen processed.
460,3,4,99,32,4,0,730,73,1,0,0,0,0x008C203D,Vespoid Wing,0x008DFE9B,Difficult to forge with --\nthe results vary depending\non which surface you use.
461,3,4,99,32,4,0,2560,256,1,0,0,0,0x008C204A,Vespoid InnrWng,0x008DFEEB,Blade-shaped innerwing of a\nVespoid. The secret behind\nthe beast's killing prowess.
462,3,4,99,20,10,0,1200,120,1,0,0,0,0x008C205A,Hornetaur Shell,0x008DFF3F,"With special materials,\nit can be worked into\nvery strong armor."
463,3,4,99,20,10,0,1750,175,1,0,0,0,0x008C206A,Hornetaur Head,0x008DFF80,"A sharp horned shell. With\nspecial materials, it can be\nused for weapons or armor."
464,3,4,99,32,10,0,730,73,1,0,0,0,0x008C2079,Hornetaur Wing,0x008DFFD3,A hard-to-work material.\nAppears pearl-like when\nstruck by light.
465,4,5,99,32,10,0,2560,256,1,0,0,0,0x008C2088,HornetaurInnrWng,0x008E0015,A blade-shaped innerwing of\na Hornetaur. The secret to\nits killing prowess.
466,4,5,99,52,8,0,15000,1500,1,0,0,0,0x008C2099,Small Lobstershl,0x008E0061,The shell from a King\nLobster. A rare find.
467,4,5,99,52,8,0,25000,2500,1,0,0,0,0x008C20AA,Large Lobstershl,0x008E008D,A large shell from a King\nLobster that was used as\nbait. Very rare.
468,4,5,99,52,8,0,35000,3500,1,0,0,0,0x008C20BB,Giant Lobstershl,0x008E00D1,A large shell from a King\nLobster that was used as\nbait. Luxurious.
469,4,5,99,52,1,0,30000,3000,1,0,0,0,0x008C20CC,Amezari Shell,0x008E0115,A rare large shell from the\nAmerica Zarigani. One of a\nkind.
470,4,5,99,31,1,0,15200,1520,1,0,0,0,0x008C20DA,Scarlet Horn,0x008E0152,"The pride of the Monoblos.\nObtaining it grants you the\ntitle of ""Hero of Kokoto""."
471,3,4,99,9,1,0,6500,650,1,0,0,0,0x008C20E7,Monoblos Shell,0x008E01A4,"The shell of the Monoblos,\na Diablos subspecies whose\nwhole body has darkened."
472,4,5,99,9,1,0,13400,1340,1,0,0,0,0x008C20F6,Monoblos Ridge,0x008E01F3,A tough Monoblos shell.\nUsed to craft various\nequipment.
473,4,5,10,9,1,0,100000,10000,1,0,0,0,0x008C2105,Monoblos Heart,0x008E022C,The heart of a Monoblos.\nSymbolizes unadulterated\nanger.
474,4,5,99,31,0,0,22800,2280,1,0,0,0,0x008C2114,Argent Horn,0x008E0265,A White Monoblos horn.\nIts beautiful silver gleam\nis coveted by all.
475,4,5,99,9,0,0,9750,975,1,0,0,0,0x008C2120,W.Monoblos Shell,0x008E02AA,A White Monoblos shell.\nCoveted for its pristine\nwhite hue.
476,4,5,99,9,0,0,20100,2010,1,0,0,0,0x008C2131,W.Monoblos Ridge,0x008E02E6,A White Monoblos backplate.\nIts finely carved armor\ngleams in pure silver.
477,4,5,99,31,0,0,22000,2200,1,0,0,0,0x008C2142,Kirin Thndrhorn,0x008E0331,"The horn of Kirin, as\npowerful as a lightning\nbolt. Exquisite material."
478,4,5,99,14,0,0,32500,3250,1,0,0,0,0x008C2152,Kirin Hide,0x008E0379,"A rare and lovely hide, but\ndifficult to carve loose and\ndangerous to handle."
479,4,5,99,14,0,0,50000,5000,1,0,0,0,0x008C215D,Kirin Hide+,0x008E03C7,A rare and lovely hide. This\none is undamaged: proof of\nits former owner's strength.
480,4,5,99,9,0,0,12000,1200,1,0,0,0,0x008C2169,Kirin Mane,0x008E041C,"A rare, dashing mane that\nretains its dignity even\nafter being cut free."
481,4,5,99,9,0,0,45000,4500,1,0,0,0,0x008C2174,Kirin Thndrtail,0x008E0465,"A rare tail, overflowing\nwith elegance, charged with\nelectricity."
482,4,5,99,31,3,0,55000,5500,1,0,0,0,0x008C2184,Kirin Azure Horn,0x008E04A7,"An azure horn, rare even\namong Kirin Horns. Gives\noff a divine light."
483,4,5,99,31,1,0,19200,1920,1,0,0,0,0x008C2195,Lao-Shan Claw,0x008E04ED,"Massive claw of Lao-Shan\nLung. Impossible to work,\nso it must be used as-is."
484,4,5,99,31,1,0,17000,1700,1,0,0,0,0x008C21A3,Lao-Shan Horn,0x008E053A,Horn from Lao-Shan Lung\nsnout. It's compatible with\nFirestone. A prized find.
485,4,5,99,23,1,0,6500,650,1,0,0,0,0x008C21B1,Lao-Shan Scale,0x008E0588,An easy to craft red scale\nwhose hardness is on par\nwith any wyvern cortex.
486,4,5,99,1,1,0,200000,20000,1,0,0,0,0x008C21C0,Lao-Shan Ruby,0x008E05D4,A rare gem formed inside a\nLao-Shan Lung. Its fiery red\nembodies the dragon's soul.
487,4,5,99,9,1,0,9000,900,1,0,0,0,0x008C21CE,Lao-Shan Shell,0x008E0628,Shell of Lao-Shan Lung.\nThe thickness of this shell\ntells you of its age.
488,4,5,99,9,1,0,27000,2700,1,0,0,0,0x008C21DD,Lao-Shan Carpace,0x008E0672,A Lao-Shan Lung carapace.\nThe passage of time has made\nit even sturdier.
489,4,5,99,31,3,0,51000,5100,1,0,0,0,0x008C21EE,Azure Lao Horn,0x008E06BB,"A giant, mountain-like\nhorn. Worthy of a place\nin a treasure vault."
490,4,5,99,9,3,0,33750,3375,1,0,0,0,0x008C21FD,Azure Lao Shell,0x008E06FF,A giant mountain-like shell.\nIts size is now close to\nthat of bedrock.
491,4,5,99,31,10,0,10880,1088,1,0,0,0,0x008C220D,Fatalis Horn,0x008E0746,One of the four horns from\nthe dragon's head. Said to\ncontain the beast's power.
492,4,5,99,23,10,0,10680,1068,1,0,0,0,0x008C221A,Fatalis Scale,0x008E0797,A scale from Fatalis's body\nthat goes on to form its\nshell.
493,4,5,99,9,10,0,13950,1395,1,0,0,0,0x008C2228,Fatalis Shell,0x008E07D3,A multi-layered carapace\nthat cannot be damaged by\nnormal weaponry.
494,4,5,99,9,4,0,50000,9600,1,0,0,0,0x008C2236,Fatalis Eye,0x008E0817,The crystalline eyeball of\nFatalis. One of the Three\nGreat Treasures.
495,4,5,99,32,10,0,19650,1965,1,0,0,0,0x008C2242,Fatalis Webbing,0x008E085D,The large surface area makes\nthis material very useful.\nBest used while fresh.
496,4,5,99,31,1,0,65280,6528,1,0,0,0,0x008C2252,Fatalis Bloodhrn,0x008E08AC,"A Fatalis horn dyed crimson\nwith hate. Glows red, even\nafter it has been cut off."
497,4,5,99,23,1,0,42720,4272,1,0,0,0,0x008C2263,Fatalis Bloodscl,0x008E08FE,A Fatalis scale dyed crimson\nwith hate. Emits a crimson\nlight in the darkness.
498,4,5,99,9,1,0,55800,5580,1,0,0,0,0x008C2274,Fatalis Bloodshl,0x008E094D,A shell dyed crimson with\nhate. Its sheen seems to\ncontain residual thoughts.
499,4,5,99,9,1,0,250000,25000,1,0,0,0,0x008C2285,Fatalis Devileye,0x008E099B,The eye of an angered\nFatalis. Its fiendish gaze\nis too much for some.
500,4,5,99,9,1,0,78600,7860,1,0,0,0,0x008C2296,Fatalis Bloodwng,0x008E09E2,"A jet black wing swirling\nwith crimson, which looks\nlike lava in the night."
501,4,5,99,23,0,0,88520,8852,1,0,0,0,0x008C22A7,Old Fatalis Scl,0x008E0A2E,"A noble, yet fierce scale\nthat shines even in the\nimpenetrable darkness."
502,4,5,99,9,0,0,102300,10230,1,0,0,0,0x008C22B7,Old Fatalis Shl,0x008E0A77,A rare shell carved from\na giant dragon. Time has\nhardened it beyond measure.
503,4,5,99,32,0,0,99000,9900,1,0,0,0,0x008C22C7,Old Fatalis Wbng,0x008E0AC5,"A wing with a disastrous,\ndivine aura. Shines with\nan ominous glow."
504,4,5,99,31,0,0,123000,12300,1,0,0,0,0x008C22D8,Old Fatalis Horn,0x008E0B09,A horn with a power that is\nincomparable to that of any\nordinary dragon horn.
505,2,3,1,36,0,0,500,0,0,0,0,0,0x008C22E9,Belkuros,0x008E0B57,Monster List reference info\non the habits and ecology of\nBelkuros.
506,2,3,1,36,0,0,500,0,0,0,0,0,0x008C22F2,Pariapuria,0x008E0B9A,Monster List reference info\non the habits and ecology of\nPariapuria.
507,2,3,99,31,10,0,1200,12,1,0,0,0,0x008C22FD,Sharp Claw,0x008E0BDF,"A shining black claw. Unlike\nwyvern claws, this is shaped\nto grip objects."
508,4,5,99,31,0,0,13500,1350,1,0,0,0,0x008C2308,Blangonga Fang,0x008E0C2A,The fang of the killer\nBlangonga. As sharp and\ndeadly as a dagger.
509,4,5,99,31,0,0,21500,2150,1,0,0,0,0x008C2317,Blangonga Fang+,0x008E0C6D,"A Blangonga dogtooth. As\nlarge as a human thigh, it\nhas potential as a weapon."
510,3,4,99,14,0,0,800,80,1,0,0,0,0x008C2327,Blangonga Pelt,0x008E0CBC,"An outstanding insulator,\nwhose every hair is as\nstrong as an iron chain."
511,3,4,99,14,0,0,2500,250,1,0,0,0,0x008C2336,Blangonga Pelt+,0x008E0D06,A tough Blango pelt. Its\ndurable hairs are prized\nas a processing material.
512,4,5,99,9,0,0,8200,820,1,0,0,0,0x008C2346,Blango Whisker,0x008E0D52,A fine hair that sprouted\nfrom the face of a Blangonga\ntroop leader.
513,4,5,99,9,0,0,9800,980,1,0,0,0,0x008C2355,Blangonga Tail,0x008E0D97,The smooth feeling of a\nBlangonga Tail is undeniably\nappealing.
514,3,4,99,14,8,0,750,75,1,0,0,0,0x008C2364,Congalala Pelt,0x008E0DD7,The pink fur of a Congalala.\nThe tufts of hair are often\nused in clothing.
515,4,5,99,14,8,0,9800,980,1,0,0,0,0x008C2373,Vibrant Pelt,0x008E0E22,Vibrant hair that grows on\nthe head of a Congalala.\nThe colors are lovely.
516,3,4,99,31,8,0,8800,880,1,0,0,0,0x008C2380,Congalala Claw,0x008E0E6D,"A Congalala Claw.\nLarge and sharp, it has a\nblack luster."
517,4,5,99,31,8,0,7700,770,1,0,0,0,0x008C238F,Congalala Fang,0x008E0EA7,The fang of a Congalala.\nSolid enough to crunch\nobjects into dust.
518,4,5,99,14,8,0,1800,180,1,0,0,0,0x008C239E,Congalala Pelt+,0x008E0EEA,The stout fur of Congalala.\nImportant crafting material.
519,4,5,99,31,8,0,15000,1500,1,0,0,0,0x008C23AE,Congalala Claw+,0x008E0F23,"A long, hard, sharp claw\nwith a wild nature that\nmakes crafting difficult."
520,4,5,99,31,8,0,0,0,0,0,0,0,0x000C72C6,（ダミー）,0x000DFFD5,ダミー。
521,4,5,99,31,4,0,32000,3200,1,0,0,0,0x008C23BE,Rajang Horn,0x008E0F6E,The majestic golden horn of\na Rajang. Hunters yearn for\nthe heroism it represents.
522,4,5,99,31,4,0,15000,1500,1,0,0,0,0x008C23CA,Rajang Fang,0x008E0FC1,This sharpened fang can cut\nthrough anything dumb enough\nto touch it.
523,4,5,99,14,10,0,12000,1200,1,0,0,0,0x008C23D6,Rajang Blackfur,0x008E1007,"When crafted, the resulting\nfabric is desired even by\nroyalty."
524,4,5,99,31,10,0,22000,2200,1,0,0,0,0x008C23E6,Rajang Claw,0x008E1046,A sharp Rajang claw.\nDifficult to carve and\nmore difficult to craft.
525,4,5,99,9,4,0,45000,4500,1,0,0,0,0x008C23F2,Rajang Tail,0x008E108B,The glistening tail of a\nRajang. The golden fur is\nbeautiful and elegant.
526,4,5,99,14,4,0,88800,8880,1,0,0,0,0x008C23FE,Gold Rajang Pelt,0x008E10D5,Fur taken from a Rajang's\nbody. The golden hair is\ntreasured by tailors.
527,1,2,10,52,7,0,1000,100,1,0,0,0,0x008C240F,Carapaceon Brains,0x008E111E,"A rare delicacy, if you like\nthe other type of noodle...\n~C05(Account Item)"
528,3,4,99,9,10,0,7800,780,1,0,0,0,0x008C2421,Wyvern Scalp,0x008E116A,A Carapaceon shell made from\na wyvern's skull.
529,1,2,99,52,1,0,450,45,1,0,0,0,0x008C242E,Sm Hermitaur Shl,0x008E1199,A large piece of exoskeleton\nthat's surprisingly light\nand easy to use in crafting.
530,3,4,99,52,1,0,5500,550,1,0,0,0,0x008C243F,Hermitaur Shell,0x008E11ED,A piece of bone from a giant\nCarapaceon. Its small form\nmeans it has limited use.
531,3,4,99,52,1,0,13500,1350,1,0,0,0,0x008C244F,Hermitaur Claw,0x008E123F,A giant claw from a Daimyo\nHermitaur. The sharp claw\ncan slice through rock.
532,3,4,99,52,1,0,10500,1050,1,0,0,0,0x008C245E,Hermitaur Cpc,0x008E128C,The hard carapace of a\nDaimyo Hermitaur. Harder\nthan shell to work.
533,4,5,99,52,1,0,19500,1950,1,0,0,0,0x008C246C,Hermitaur Claw+,0x008E12D0,Sharp claw from a Daimyo\nHermitaur. As hard as metal.
534,4,5,99,52,1,0,0,0,0,0,0,0,0x000C72C6,（ダミー）,0x000DFFD5,ダミー。
535,1,2,99,52,3,0,550,55,1,0,0,0,0x008C247C,Sm Ceanataur Shl,0x008E1306,A piece of a giant Ceanataur\nShell. Lighter than it looks\nand easy to craft.
536,3,4,99,52,3,0,7200,720,1,0,0,0,0x008C248D,Ceanataur Shell,0x008E1353,A giant Shogun Ceanataur\nShell. Has a distinctive\ncolor and shape.
537,3,4,99,52,3,0,25000,2500,1,0,0,0,0x008C249D,Ceanataur Cpc,0x008E1396,"Harder than a Ceanataur\nShell, this carapace is\nharder to work with."
538,3,4,99,52,3,0,7500,750,1,0,0,0,0x008C24AB,Ceanataur Leg,0x008E13DB,A Shogun Ceanataur leg.\nIncredibly strong to support\nthe beast's massive body.
539,3,4,99,52,3,0,18000,1800,1,0,0,0,0x008C24B9,Ceanataur Pincer,0x008E142A,Seeing a Shogun's pincer\nblade causes even the\nbravest hunters to flinch.
540,3,4,99,52,3,0,12000,1200,1,0,0,0,0x008C24CA,Ceanataur Claw,0x008E1474,A giant Shogun Ceanataur\nclaw. Those who fall in\nits path pay a dear price.
541,4,5,99,52,3,0,35000,3500,1,0,0,0,0x008C24D9,Ceanataur Claw+,0x008E14C0,The sharp claw of a giant\nShogun Ceanataur. It's a\ntrue menace to hunters.
542,4,5,99,52,3,0,0,0,0,0,0,0,0x000C72C6,（ダミー）,0x000DFFD5,ダミー。
543,4,5,99,52,10,0,14000,1400,1,0,0,0,0x008C24E9,Gaoren Shell,0x008E150B,"Carved from Shen Gaoren.\nShaped by time, this shell\nis harder than even metal."
544,4,5,99,52,10,0,30000,3000,1,0,0,0,0x008C24F6,Gaoren Ridge,0x008E155A,Shell from the spine of\nGaoren. Guards the body\nwith incredible tenacity.
545,4,5,99,52,10,0,21500,2150,1,0,0,0,0x008C2503,Gaoren Pincer,0x008E15A4,Giant pincer from a Shen\nGaoren. It can slice even\nmetal; deadly to hunters.
546,4,5,99,52,10,0,32000,3200,1,0,0,0,0x008C2511,Gaoren Claw,0x008E15F1,A Shen Gaoren's deadly claw;\ncapable of slicing all it\ncomes into contact with.
547,4,5,99,52,10,0,0,0,0,0,0,0,0x000C72C6,（ダミー）,0x000DFFD5,ダミー。
548,4,5,99,9,10,0,13000,1300,1,0,0,0,0x008C251D,Daora Shell,0x008E1641,The shining silver Kushala\nDaora shell is solid and\nhighly useful.
549,4,5,99,9,10,0,32000,3200,1,0,0,0,0x008C2529,Daora Carapace,0x008E1684,A shell hardened by time.\nCrafting it is incredibly\ndifficult.
550,4,5,99,23,10,0,8000,800,1,0,0,0,0x008C2538,Daora Scale,0x008E16C3,A scale that glows a dull\nsilver. Hard enough to serve\nas an abrasive for weapons.
551,4,5,99,32,10,0,18000,1800,1,0,0,0,0x008C2544,Daora Webbing,0x008E1716,Hard to craft but highly\ncompatible with metals.\nValued for its light weight.
552,4,5,99,31,10,0,24500,2450,1,0,0,0,0x008C2552,Daora Horn,0x008E1764,The gallant horn of Daora.\nUsing it requires extra-\nordinary experience.
553,4,5,99,9,10,0,22500,2250,1,0,0,0,0x008C255D,Daora Tail,0x008E17AD,Cut from Kushala Daora.\nIncredibly destructive\npower contained within.
554,4,5,99,31,10,0,21000,2100,1,0,0,0,0x008C2568,Daora Claw,0x008E17F4,"Kushala Daora's claw. As\nhard as ore, it cannot be\nused by ordinary crafters."
555,4,5,99,31,10,0,36000,3600,1,0,0,0,0x008C2573,Daora Claw+,0x008E1842,Even now the black gleam of\nthis claw seems to emit a\nlife force.
556,4,5,99,1,10,0,40000,4000,1,0,0,0,0x008C257F,Daora Gem,0x008E1884,A rare gem formed inside a\nKushala Daora. Its glow is\nbreathtaking.
557,4,5,99,9,7,0,10000,1000,1,0,0,0,0x008C2589,Decayed Shell,0x008E18C8,A rusted Daora shell. The\nright craftsman might be\nable to salvage it.
558,4,5,99,32,7,0,15000,1500,1,0,0,0,0x008C2597,Decayed Webbing,0x008E190F,The decayed wing of a\nKushala Daora. Might be of\nuse if the rust is removed.
559,4,5,99,32,7,0,28000,2800,1,0,0,0,0x008C25A7,Decayed Webbing+,0x008E195C,"A rusted Daora wing. Though\ndecayed, it has retained its\nproperties."
560,4,5,99,14,5,0,12500,1250,1,0,0,0,0x008C25B8,Chameleos Hide,0x008E19A1,"This hide is so strange to\nthe touch, you'll want to\nrub it all over your face."
561,4,5,99,14,5,0,18400,1840,1,0,0,0,0x008C25C7,Chameleos Hide+,0x008E19F1,"Superior hide of Chameleos.\nStrange to the touch, but\nvery durable."
562,4,5,99,31,5,0,26800,2680,1,0,0,0,0x008C25D7,Chameleos Horn,0x008E1A35,Faintly glows with a white\nlight. Great for interior\ndecorating.
563,4,5,99,31,5,0,32200,3220,1,0,0,0,0x008C25E6,Chameleos Spike,0x008E1A76,"A sharp horn of a Chameleos.\nStrong and hard, but\nstrangely easy to work with."
564,4,5,99,31,5,0,28000,2800,1,0,0,0,0x008C25F6,Chameleos Claw,0x008E1AC5,"Thin, yet incredibly strong\nand very easy to work with\nduring crafting."
565,4,5,99,32,5,0,17600,1760,1,0,0,0,0x008C2605,Chameleos Wbng,0x008E1B0D,"Thin, light wing webbing.\nThe inner part is highly\ndurable."
566,4,5,99,9,5,0,38000,3800,1,0,0,0,0x008C2614,Chameleos Tail,0x008E1B49,The distinctive tail of\nChameleos. Feels very\nstrange.
567,4,5,99,1,5,0,40000,4000,1,0,0,0,0x008C2623,Chameleos Gem,0x008E1B80,A rare gem formed inside\nChameleos. It has a multi-\ncolored glow.
568,4,5,99,52,3,0,0,0,0,0,0,0,0x000C72C6,（ダミー）,0x000DFFD5,ダミー。
569,4,5,99,23,1,0,10500,1050,1,0,0,0,0x008C2631,Fire Dragon Scl,0x008E1BC2,A scalding hot scale. It'll\ntake your fingerprints right\noff.
570,4,5,99,31,1,0,12000,1200,1,0,0,0,0x008C2641,Fire Dragon Claw,0x008E1C00,"A sharp, glowing Fire Dragon\nclaw. Hard even for experts\nto craft."
571,4,5,99,35,1,0,32500,3250,1,0,0,0,0x008C2652,Teostra Powder,0x008E1C43,Powder from fire dragon\nwings. Said to magnify a\nmaterial's abilities.
572,4,5,99,1,1,0,40000,4000,1,0,0,0,0x008C2661,Teostra Gem,0x008E1C8A,A rare gem formed inside a\nfire dragon. Flickers with\nferocious flames.
573,4,5,99,9,1,0,15000,1500,1,0,0,0,0x008C266D,Elder Drgn Blood,0x008E1CD2,"Contains an unknown\ningredient, the object of\nmuch scholarly research."
574,4,5,99,23,1,0,18000,1800,1,0,0,0,0x008C267E,Fire Dragon Scl+,0x008E1D19,A scale from a majestic fire\ndragon. It burns with hot\nfire from within.
575,4,5,99,9,3,0,18000,1800,1,0,0,0,0x008C268F,Lunastra Shell,0x008E1D62,The shell of a Lunastra.\nIts graceful blue hue is\nsecond to none.
576,4,5,99,9,3,0,19000,1900,1,0,0,0,0x008C269E,Lunastra Mane,0x008E1DA4,A dignified Lunastra mane.\nThe silky hairs make this a\nclassy material.
577,4,5,99,32,3,0,16000,1600,1,0,0,0,0x008C26AC,Lunastra Webbing,0x008E1DEC,A quality Lunastra webbing.\nTreasured for its unmatched\nblue hue.
578,4,5,99,9,3,0,25000,2500,1,0,0,0,0x008C26BD,Lunastra Tail,0x008E1E2E,The tail of a Lunastra.\nCapable of crushing rocks\nin one fell swoop.
579,4,5,99,31,3,0,20000,2000,1,0,0,0,0x008C26CB,Lunastra Horn,0x008E1E73,An elegant Lunastra horn.\nIts presence enthrals all\nwho gaze upon it.
580,4,5,99,9,3,0,0,0,0,0,0,0,0x000C72C6,（ダミー）,0x000DFFD5,ダミー。
581,4,5,99,9,1,0,18000,1800,1,0,0,0,0x008C26D9,Teostra Shell,0x008E1EB9,A red hot Teostra shell.\nIt proves its domain over\nall fire.
582,4,5,99,9,1,0,32000,3200,1,0,0,0,0x008C26E7,Teostra Carapace,0x008E1EF6,Harder than Teostra Shell.\nLooks like red-hot steel;\nparticularly eye catching.
583,4,5,99,9,1,0,19000,1900,1,0,0,0,0x008C26F8,Teostra Mane,0x008E1F46,This majestic mane is a sure\nsign of Teostra's regality.
584,4,5,99,32,1,0,16000,1600,1,0,0,0,0x008C2705,Teostra Webbing,0x008E1F7F,Wing webbing carved from a\nfire dragon. A marvelous\nmaterial with many uses.
585,4,5,99,9,1,0,25000,2500,1,0,0,0,0x008C2715,Teostra Tail,0x008E1FCC,"Covered in red scales, the\ntree like tail of Teostra is\nincredibly hard to cut."
586,4,5,99,31,1,0,20000,2000,1,0,0,0,0x008C2722,Teostra Horn,0x008E201C,A horn that displays the\npower of Teostra. Hunters\nwither before its might.
587,4,5,99,31,1,0,28000,2800,1,0,0,0,0x008C272F,Teostra Horn+,0x008E2068,A sharp horn that burns with\nthe fury of Teostra. It is\ntinged with fire.
588,4,5,99,9,2,0,25000,2500,1,0,0,0,0x008C273D,Tsukami Fin,0x008E20B2,A fillet from Yama Tsukami\ntentacle. Slimy and light.
589,4,5,99,14,2,0,15800,1580,1,0,0,0,0x008C2749,Tsukami Hide,0x008E20E8,Hide carved from a Yama \nTsukami. Can be made into\ntextile with processing.
590,4,5,99,24,2,0,25000,2500,1,0,0,0,0x008C2756,Tsukami Fluid,0x008E2134,Fluid extracted from a Yama\nTsukami. Black and sticky.
591,4,5,99,9,2,0,30500,3050,1,0,0,0,0x008C2764,Dragonmoss,0x008E216B,Moss found on Yama Tsukami.\nThe giant's body has given\nit mysterious powers.
592,4,5,99,9,2,0,21350,2135,1,0,0,0,0x008C276F,Dragonwood,0x008E21B8,A tree that grows on Yama\nTsukami. It's surrounded by\na truly mysterious air.
593,4,5,99,9,2,0,0,0,0,0,0,0,0x000C72C6,（ダミー）,0x000DFFD5,ダミー。
594,3,4,99,14,10,0,1800,180,1,0,0,0,0x008C277A,Remobra Hide,0x008E2206,A glossy and subdued black\nhide taken from a Remobra.
595,3,4,99,14,10,0,4500,450,1,0,0,0,0x008C2787,Remobra Hide+,0x008E223C,A lustrous and elegant black\nhide taken from a Remobra.
596,3,4,99,14,10,0,2900,290,1,0,0,0,0x008C2795,Striped Skin,0x008E2274,Unassuming black-and-red\nhues from a Remobra that\nsome hunters swear by.
597,3,4,99,9,10,0,7500,750,1,0,0,0,0x008C27A2,Remobra Head,0x008E22BD,The snake-like head of a\nRemobra. It still looks\nready to pounce!
598,3,4,99,23,5,0,4000,400,1,0,0,0,0x008C27AF,Garuga Scale,0x008E22FF,A scale carved from a Yian\nGaruga. It shines an ominous\npurple.
599,3,4,99,9,5,0,6500,650,1,0,0,0,0x008C27BC,Garuga Shell,0x008E233F,"A rare item, also in great\ndemand as a research\nmaterial."
600,3,4,99,9,5,0,15000,1500,1,0,0,0,0x008C27C9,Garuga Ear,0x008E2379,Its shape and form show a\ndifferent evolutionary path\nthan Yian Kut-Ku.
601,3,4,99,9,5,0,18000,1800,1,0,0,0,0x008C27D4,Sharpened Beak,0x008E23C1,The sharpened beak of a Yian\nGaruga. Looks fiercer than\nthat of a Kut-Ku.
602,3,4,99,9,5,0,19500,1950,1,0,0,0,0x008C27E3,Garuga Wing,0x008E240B,A first class material that\nrequires considerable skill\nto work with.
603,3,4,99,9,5,0,15000,1500,1,0,0,0,0x008C27EF,Garuga Tail,0x008E2451,The tail of a Yian Garuga.\nResponds to shocks by\nspouting a powerful venom.
604,3,4,99,9,5,0,18000,1800,1,0,0,0,0x008C27FB,Garuga Mane,0x008E249D,Mane from a Yian Garuga.\nUnusually intimidating.
605,4,5,99,33,7,0,12400,1240,8,0,0,0,0x008C2807,Lost Umbrella,0x008E24CE,A noblewoman's umbrella.\nIt seems to have some hidden\nfeatures. Try fixing it.
606,4,5,99,33,0,0,10000,1000,8,0,0,0,0x008C2815,Chief's Sword+,0x008E251D,A copy of one of the swords\nused by a certain village\nelder. A symbol of heroism.
607,3,4,99,27,10,0,18800,1880,8,0,0,0,0x008C2824,Stone Fist,0x008E256F,A stone in the shape of a\ntightly clenched fist. It\nmay be of use for something.
608,3,4,99,33,10,0,15300,1530,8,0,0,0,0x008C282F,Broken Dragonator,0x008E25C0,"A broken Dragonator.\nDespite its condition, it\nmay yet be of use..."
609,4,5,99,33,3,0,1200,120,8,0,0,0,0x008C2841,Strongarm Chain+,0x008E2604,Modeled on a chain used by\na certain captain. Proof of\nunrivaled arm strength.
610,4,5,1,33,3,0,0,0,0,0,0,0,0x008C2852,Extra Pay,0x008E2653,A reward from the villagers.
611,4,5,1,33,10,0,1800,180,3,0,0,0,0x008C285C,Ruststone,0x008E2670,"Looks like a lump of dirt,\nbut it's actually rusted\nmetal. Try polishing it..."
612,4,5,1,33,10,0,1800,180,3,0,0,0,0x008C2866,Flat Ruststone,0x008E26BF,"Looks like a lump of dirt,\nbut it's actually rusted\nmetal. Try polishing it..."
613,4,5,1,33,10,0,1800,180,3,0,0,0,0x008C2875,Large Ruststone,0x008E270E,"Looks like a lump of dirt,\nbut it's actually rusted\nmetal. Try polishing it..."
614,4,5,1,33,10,0,1800,180,3,0,0,0,0x008C2885,Small Ruststone,0x008E275D,"Looks like a lump of dirt,\nbut it's actually rusted\nmetal. Try polishing it..."
615,4,5,1,33,10,0,1800,180,3,0,0,0,0x008C2895,Ruststone Rod,0x008E27AC,"Looks like a lump of dirt,\nbut it's actually rusted\nmetal. Try polishing it..."
616,4,5,1,33,10,0,3600,360,3,0,0,0,0x008C28A3,Ancient Stone,0x008E27FB,Appears to be some kind of\nfossilized metal. Maybe a\ntreasure if polished.
617,4,5,1,33,10,0,3600,360,3,0,0,0,0x008C28B1,Ancient Flatstone,0x008E2846,Appears to be some kind of\nfossilized metal. Maybe a\ntreasure if polished.
618,4,5,1,33,10,0,3600,360,3,0,0,0,0x008C28C3,Large Anc. Stone,0x008E2891,Appears to be some kind of\nfossilized metal. Maybe a\ntreasure if polished.
619,4,5,1,33,10,0,3600,360,3,0,0,0,0x008C28D4,Small Anc. Stone,0x008E28DC,Appears to be some kind of\nfossilized metal. Maybe a\ntreasure if polished.
620,4,5,1,33,10,0,3600,360,3,0,0,0,0x008C28E5,AncientStoneRod,0x008E2927,Appears to be some kind of\nfossilized metal. Maybe a\ntreasure if polished.
621,3,4,1,36,3,0,3000,0,6,0,0,0,0x008C28F5,Organizer Guide,0x008E2972,"An issue of ""Hunting Life""\nmagazine which tells how to\nefficiently use Item Boxes."
622,4,5,1,36,1,0,10000,0,6,0,0,0,0x008C2905,Pack Rat Guide,0x008E29C5,"An issue of ""Hunting Life""\nmagazine containing advanced\nitem-cramming techniques."
623,3,4,1,44,5,0,20000,0,6,0,0,0,0x008C2914,Woodworker Guide,0x008E2A17,"An issue of ""Hunting Life""\nmagazine with tips on how\nto transform your home."
624,4,5,1,44,4,0,30000,0,6,0,0,0,0x008C2925,Carpenter Guide,0x008E2A64,"An issue of ""Hunting Life""\nmagazine. In the end, money\nreally is the way to go."
625,0,1,1,36,0,0,100,0,0,0,0,0,0x008C2935,Lynians,0x008E2AB4,Monster List reference info\non the habits and ecology of\nlynians.
626,0,1,1,36,0,0,100,0,0,0,0,0,0x008C293D,Shakalakas,0x008E2AF6,Monster List reference info\non the habits and ecology of\nShakalakas.
627,0,1,1,36,0,0,100,0,0,0,0,0,0x008C2948,Neopterons,0x008E2B3B,Monster List reference info\non the habits and ecology of\nneopterons.
628,0,1,1,36,0,0,100,0,0,0,0,0,0x008C2953,Great Thunderbug,0x008E2B80,Monster List reference info\non the habits and ecology of\nGreat Thunderbugs.
629,0,1,1,36,0,0,100,0,0,0,0,0,0x008C2964,Herbivores,0x008E2BCC,Monster List reference info\non the habits and ecology of\nherbivores.
630,0,1,1,36,0,0,200,0,0,0,0,0,0x008C296F,Bird Wyverns,0x008E2C11,Monster List reference info\non the habits and ecology of\nbird wyverns.
631,0,1,1,36,0,0,100,0,0,0,0,0,0x008C297C,Yian Garuga,0x008E2C58,Monster List reference info\non the habits and ecology of\nYian Garuga.
632,0,1,1,36,0,0,200,0,0,0,0,0,0x008C2988,Flying Wyverns Vol 1,0x008E2C9E,Monster List reference info\non the habits and ecology of\nflying wyverns.
633,1,2,1,36,0,0,200,0,0,0,0,0,0x008C299D,Flying Wyverns Vol 2,0x008E2CE7,Monster List reference info\non the habits and ecology of\nflying wyverns.
634,1,2,1,36,0,0,200,0,0,0,0,0,0x008C29B2,Rathalos,0x008E2D30,Monster List reference info\non the habits and ecology of\nRathalos.
635,1,2,1,36,0,0,200,0,0,0,0,0,0x008C29BB,Monoblos,0x008E2D73,Monster List reference info\non the habits and ecology of\nMonoblos.
636,1,2,1,36,0,0,200,0,0,0,0,0,0x008C29C4,Piscine Wyverns,0x008E2DB6,Monster List reference info\non the habits and ecology of\npiscine wyverns.
637,1,2,1,36,0,0,200,0,0,0,0,0,0x008C29D4,Carapaceons Vol 1,0x008E2E00,Monster List reference info\non the habits and ecology of\ncarapaceons.
638,1,2,1,36,0,0,200,0,0,0,0,0,0x008C29E6,Carapaceons Vol 2,0x008E2E46,Monster List reference info\non the habits and ecology of\ncarapaceons.
639,2,3,1,36,0,0,500,0,0,0,0,0,0x008C29F8,Shen Gaoren,0x008E2E8C,Monster List reference info\non the habits and ecology of\nShen Gaoren.
640,2,3,1,36,0,0,200,0,0,0,0,0,0x008C2A04,Fanged Beasts,0x008E2ED2,Monster List reference info\non the habits and ecology of\nfanged beasts.
641,2,3,1,36,0,0,200,0,0,0,0,0,0x008C2A12,Blangonga,0x008E2F1A,Monster List reference info\non the habits and ecology of\nBlangonga.
642,2,3,1,36,0,0,500,0,0,0,0,0,0x008C2A1C,Rajang,0x008E2F5E,Monster List reference info\non the habits and ecology of\nRajang.
643,2,3,1,36,0,0,500,0,0,0,0,0,0x008C2A23,Kirin,0x008E2F9F,Monster List reference info\non the habits and ecology of\nKirin.
644,2,3,1,36,0,0,500,0,0,0,0,0,0x008C2A29,Kushala Daora,0x008E2FDF,Monster List reference info\non the habits and ecology of\nKushala Daora.
645,2,3,1,36,0,0,500,0,0,0,0,0,0x008C2A37,Chameleos,0x008E3027,Monster List reference info\non the habits and ecology of\nChameleos.
646,2,3,1,36,0,0,500,0,0,0,0,0,0x008C2A41,Lunastra,0x008E306B,Monster List reference info\non the habits and ecology of\nLunastra.
647,2,3,1,36,0,0,500,0,0,0,0,0,0x008C2A4A,Teostra,0x008E30AE,Monster List reference info\non the habits and ecology of\nTeostra.
648,2,3,1,36,0,0,500,0,0,0,0,0,0x008C2A52,Lao-Shan Lung,0x008E30F0,Monster List reference info\non the habits and ecology of\nLao-Shan Lung.
649,2,3,1,36,0,0,500,0,0,0,0,0,0x008C2A60,Yama Tsukami,0x008E3138,Monster List reference info\non the habits and ecology of\nYama Tsukami.
650,2,3,1,36,0,0,500,0,0,0,0,0,0x008C2A6D,Fatalis,0x008E317F,Monster List reference info\non the habits and ecology of\nFatalis.
651,2,3,1,36,0,0,500,0,0,0,0,0,0x008C2A75,Aqra Vashim,0x008E31C1,Monster List reference info\non the habits and ecology of\nAqra Vashim.
652,4,5,1,36,0,0,0,0,0,0,0,0,0x000C72C6,（ダミー）,0x000DFFD5,ダミー。
653,4,5,1,36,0,0,0,0,0,0,0,0,0x000C72C6,（ダミー）,0x000DFFD5,ダミー。
654,4,5,1,36,0,0,0,0,0,0,0,0,0x000C72C6,（ダミー）,0x000DFFD5,ダミー。
655,4,5,10,25,10,0,50000,5000,2,0,0,0,0x008C2A81,Silver Egg,0x008E3207,"An egg of glittering silver.\nVery valuable and rare, but\nof no use to a hunter...?"
656,4,5,5,25,4,0,100000,10000,2,0,0,0,0x008C2A8C,Golden Egg,0x008E325A,"An egg of glittering gold.\nInsanely valuable and rare,\nbut of no use to a hunter?"
657,0,1,1,29,0,0,0,0,5,0,0,0,0x008C2A97,Map,0x008E32AC,A complete field map that\nshows terrain. ~C05(Supply Item)
658,0,1,10,24,2,0,0,0,4,0,0,0,0x008C2A9B,First-aid Med,0x008E32E7,Restores a small amount of\nHealth. ~C05(Supply Item)
659,0,1,10,3,7,0,0,0,5,0,0,0,0x008C2AA9,Ration,0x008E331C,Restores a small amount of\nStamina. ~C05(Supply Item)
660,0,1,1,19,7,0,0,0,5,0,0,0,0x008C2AB0,Portable Spit,0x008E3352,A portable spit issued to\nnew hunters. Get cookin'!\n~C05(Supply Item)
661,0,1,10,7,4,0,0,0,5,0,0,0,0x008C2ABE,Mini Whetstone,0x008E3398,A portable Whetstone for\nrestoring Sharpness to\nweapons. ~C05(Supply Item)
662,2,3,1,21,5,0,0,0,5,0,0,0,0x008C2ACD,EZ Shock Trap,0x008E33E3,A trap that immobilizes a\ntarget. Use it to capture\nmonsters. ~C05(Supply Item)
663,1,2,5,1,3,0,0,0,5,0,0,0,0x008C2ADB,EZ Flash Bomb,0x008E3433,Flashes brightly on impact.\n~C05(Supply Item)
664,1,2,3,35,3,0,0,0,4,0,0,0,0x008C2AE9,EZ Max Potion,0x008E3461,Fully restores Health and\nmaximizes your Health Gauge.\n~C05(Supply Item)
665,2,3,1,21,3,0,0,0,5,0,0,0,0x008C2AF7,EZ Pitfall Trap,0x008E34AA,A trap for catching certain\nlarge monsters. It is\ntripped by a heavy weight.
666,2,3,2,2,3,0,0,0,5,0,0,0,0x008C2B07,EZ Barrel Bomb L,0x008E34F7,A powered-up Barrel Bomb L.\nJust as potent as a Barrel\nBomb L+. ~C05(Supply Item)
667,4,5,10,26,10,0,0,0,5,0,0,0,0x008C2B18,Ballista Ammo,0x008E3549,Ammunition for the large\nBallista. ~C05(Supply Item)
668,4,5,1,26,10,0,0,0,5,0,0,0,0x008C2B26,Cannon Ammo,0x008E357E,Special ammunition for an\nanti-dragon cannon. Not fun\nto lug around. ~C05(Supply Item)~C00
669,0,1,10,9,0,0,0,0,0,0,0,0,0x008C2B32,Wyvern,0x008E35D9,No explanation necessary.
670,4,5,1,25,0,0,0,0,2,0,0,0,0x008C2B39,Wyvern Egg,0x008E35F3,An egg that was stolen from\na monster's nest.
671,4,5,1,25,7,0,0,0,2,0,0,0,0x008C2B44,Herbivore Egg,0x008E3621,A tasty-looking egg stolen\nfrom an Apceros nest.
672,4,5,1,25,7,0,0,0,2,0,0,0,0x008C2B52,Carnivore Egg,0x008E3652,Smaller and easier to carry\nthan a herbivore egg. Prized\nas a delicacy.
673,4,5,1,27,10,0,0,0,3,0,0,0,0x008C2B60,Sootstone Ore,0x008E369A,Ore containing traces of\nsootstone.
674,4,5,1,27,0,0,0,0,3,0,0,0,0x008C2B6E,Quartz Ore,0x008E36BE,A chunk of ore that contains\nbits of quartz.
675,4,5,1,27,1,0,0,0,3,0,0,0,0x008C2B79,Powderstone,0x008E36EB,A rock that explodes with\neven the slightest jolt.\nCareful!
676,4,5,1,9,10,0,312,312,2,0,0,0,0x008C2B85,Khezu Whelp,0x008E3727,A Khezu larva. Carrying it\nis enough to drain your\nHealth. ~C05(Account Item)
677,4,5,10,33,0,0,5000,1000,8,0,0,0,0x008C2B91,Khezu Ice Cream,0x008E3775,"The Veggie Elder's special\n""ice cream"" made from Khezu\nlarvae. ~C05(Account Item)"
678,2,3,1,33,4,0,0,0,8,0,0,0,0x008C2BA1,Guild Flag,0x008E37C7,A flag used to prove you've\nconquered a mountain summit.\n~C05(Supply Item)
679,1,2,10,46,10,0,0,0,5,0,0,0,0x008C2BAC,Leftovers,0x008E3812,Monster food left in the\ncity. Used in the Grand\nTournament.
680,3,4,10,46,1,0,1000,100,5,0,0,0,0x008C2BB6,Bizarre Feed,0x008E384F,Food with an unknown effect.\nUsed in the Grand Tourney.
681,4,5,10,46,1,0,1000,100,5,0,0,0,0x008C2BC3,Giant Feed,0x008E3887,Food that increases a\nmonster's size. Used in\nthe Grand Tourney.
682,4,5,10,46,3,0,1000,100,5,0,0,0,0x008C2BCE,Power Feed,0x008E38C8,Food that boosts a monster's\nstrength. Used in the Grand\nTourney.
683,3,4,10,46,2,0,50,5,5,0,0,0,0x008C2BD9,Dragon Feed,0x008E390A,Food that draws out a\nmonster's latent power.\nUsed in the Grand Tourney.
684,4,5,10,46,8,0,1000,100,5,0,0,0,0x008C2BE5,Ultimate Feed,0x008E3953,Food that makes your\nmonster follow you around.\nUsed in the Grand Tourney.
685,3,4,10,46,1,0,500,50,5,0,0,0,0x008C2BF3,Crimson Feed,0x008E399E,A famous national dish that\nboosts Paralysis resistance.\nUsed in the Grand Tourney.
686,3,4,10,46,2,0,500,50,5,0,0,0,0x008C2C00,Verdant Feed,0x008E39F2,A famous foreign dish that\nincreases Poison resistance.\nUsed in the Grand Tourney.
687,3,4,10,46,3,0,500,50,5,0,0,0,0x008C2C0D,Azure Feed,0x008E3A45,A famous traditional dish\nthat protects against Sleep.\nUsed in the Grand Tourney.
688,3,4,1,39,2,0,100,10,5,0,0,0,0x008C2C18,Shot Horn,0x008E3A97,A horn used to order an\nattack on a distant enemy.\nUsed in the Grand Tourney.
689,3,4,1,39,7,0,100,10,5,0,0,0,0x008C2C22,Assault Horn,0x008E3AE5,A horn used to order a\ncharging attack. Used\nin the Grand Tourney.
690,3,4,1,39,5,0,100,10,5,0,0,0,0x008C2C2F,Tail Horn,0x008E3B28,A horn used to order an\nattack on a nearby enemy.\nUsed in the Grand Tourney.
691,3,4,1,39,3,0,100,10,5,0,0,0,0x008C2C39,Deadly Horn,0x008E3B75,A horn used to order special\nattacks. Takes time to blow.\nUsed in the Grand Tourney.
692,3,4,1,39,4,0,100,10,5,0,0,0,0x008C2C45,Special Horn,0x008E3BCA,A horn used to order special\nattacks. Used in the Grand\nTourney.
693,3,4,1,39,8,0,0,0,5,0,0,0,0x008C2C52,Rage Horn,0x008E3C0B,A horn used to incite a\nmonster's fury. Used in\nthe Grand Tourney.
694,3,4,1,39,1,0,100,10,5,0,0,0,0x008C2C5C,Wrath Horn,0x008E3C4E,A horn used to incite a\nmonster's wrath. Used in\nthe Grand Tourney.
695,1,2,10,33,5,0,0,0,8,0,0,0,0x008C2C67,Dragonator Key,0x008E3C92,A key used to activate the\nDragonator in the Arena.\nUsed in the Grand Tourney.
696,4,5,5,37,1,0,0,0,6,0,0,0,0x008C2C76,PVP Ticket,0x008E3CE1,A ticket given to Grand\nTourney winners. Take 5 of\nthese to the Veggie Elder.
697,4,5,3,2,1,0,0,0,0,0,0,0,0x000C72C6,（ダミー）,0x000DFFD5,ダミー。
698,1,2,10,0,0,0,0,0,5,0,0,0,0x008C2C81,Sleep Smoke Bomb,0x008E3D2F,Releases a sleep-inducing\ngas over a wide area. Used\nin the Grand Tourney.
699,1,2,10,1,0,0,0,0,5,0,0,0,0x008C2C92,Sedation Ball,0x008E3D7A,A bomb that calms monsters\ndown upon impact. Used in\nthe Grand Tourney.
700,1,2,10,1,2,0,0,0,5,0,0,0,0x008C2CA0,Recovery Ball,0x008E3DC2,A bomb that restores monster\nhealth upon impact. Used in\nthe Grand Tourney.
701,3,4,99,41,3,16,5000,500,8,0,0,0,0x008C2CAE,Song of Souls,0x008E3E0E,Song lyrics written in a\nforeign language. Maybe\nsomeone could decipher them?
702,3,4,99,41,3,16,5000,500,8,0,0,0,0x008C2CBC,Song of Spirits,0x008E3E5C,Song lyrics written in a\nforeign language. Maybe\nsomeone could decipher them?
703,3,4,99,41,3,16,5000,500,8,0,0,0,0x008C2CCC,Song of Life,0x008E3EAA,Song lyrics written in a\nforeign language. Maybe\nsomeone could decipher them?
704,4,5,99,41,3,16,10000,1000,8,0,0,0,0x008C2CD9,Song of Origins,0x008E3EF8,Song lyrics written in a\nforeign language. Maybe\nsomeone could decipher them?
705,3,4,1,41,7,16,300,30,8,0,0,0,0x008C2CE9,Sheet Music,0x008E3F46,Sheet music for the Hunting\nHorn. You can check its\ncontents at your House!
706,3,4,1,41,10,16,800,80,8,0,0,0,0x008C2CF5,Old Sheet Music,0x008E3F92,Ancient sheet music for the\nHunting Horn. You can check\nits contents at your House!
707,3,4,99,34,0,0,500,50,6,0,0,0,0x008C2D05,White Belt Coin,0x008E3FE6,A coin that means you're\nstill a rookie. Pretty easy\nto get from your teacher.
708,3,4,99,34,10,0,1000,100,6,0,0,0,0x008C2D15,Black Belt Coin,0x008E4035,A coin that means you're\ngetting better. Achievable\nif you put your mind to it.
709,3,4,99,34,4,0,5000,500,6,0,0,0,0x008C2D25,Expert Coin,0x008E4085,A coin that means you've\nmade it! Valuable and not\neasy to get hold of.
710,3,4,99,34,3,0,5500,550,6,0,0,0,0x008C2D31,Bird Coin,0x008E40CD,A coin given to you on a\nwhim for training in the\nHunter Dojo.
711,3,4,99,34,8,0,10000,1000,6,0,0,0,0x008C2D3B,Flying Coin,0x008E410C,A coin given to you on a\nwhim for training in the\nHunter Dojo.
712,3,4,99,34,8,0,7500,750,6,0,0,0,0x008C2D47,Piscine Coin,0x008E414B,A coin given to you on a\nwhim for training in the\nHunter Dojo.
713,3,4,99,34,1,0,12500,1250,6,0,0,0,0x008C2D54,Beast Coin,0x008E418A,A coin given to you on a\nwhim for training in the\nHunter Dojo.
714,3,4,99,34,6,0,15000,1500,6,0,0,0,0x008C2D5F,Carapaceon Coin,0x008E41C9,A coin given to you on a\nwhim for training in the\nHunter Dojo.
715,3,4,99,34,5,0,50000,5000,6,0,0,0,0x008C2D6F,Dragon Coin,0x008E4208,A coin given to you on a\nwhim for training in the\nHunter Dojo.
716,3,4,99,34,4,0,10000,1000,6,0,0,0,0x008C2D7B,Eternal Coin,0x008E4247,A coin awarded for clearing\nHunter Dojo training in the\nfastest time.
717,3,4,99,34,8,0,12500,1250,6,0,0,0,0x008C2D88,Luxury Coin,0x008E428D,"A coin awarded for clearing\nHunter Dojo training with a\ntop record of over 10,000P."
718,3,4,99,34,1,0,5000,500,6,0,0,0,0x008C2D94,Solid Coin,0x008E42E1,"A coin awarded for clearing\nHunter Dojo training with a\nrecord of over 5,000P."
719,4,5,99,34,6,0,50000,5000,6,0,0,0,0x008C2D9F,Guild Coin,0x008E4330,A coin sometimes awarded\nfor completing a special\nGuild-organized trial.
720,4,5,1,53,2,0,3000,300,8,0,0,0,0x008C2DAA,Explorer Compass,0x008E4379,One of seven explorer tools.\nThe needle always points to\nundiscovered regions.
721,4,5,1,29,2,0,1000,100,8,0,0,0,0x008C2DBB,Explorer's Map,0x008E43C8,"One of seven explorer tools.\nWritten in code, so needs to\nbe deciphered."
722,4,5,1,11,2,0,5000,500,8,0,0,0,0x008C2DCA,Explorer Kit,0x000EA35E,望遠鏡をはじめ、秘境行きに\n必要な７つ道具のうちの５つ。\n一挙に見つかってラッキー！
723,4,5,1,6,2,0,30000,3000,8,0,0,0,0x008C2DD7,Explorer's Tools,0x000EA3B1,秘境を目指すのに欠かせない\n７つ道具がついに揃った。\nこれでキミも秘境へＧＯだ！
724,4,5,1,36,10,0,2000,200,6,0,0,0,0x008C2DE8,Tome of Demise,0x000EA400,長きに及ぶ物語に終焉を齎す\n存在について記された書物。\nこれだけでは意味不明。
725,4,5,1,36,10,0,1500,150,6,0,0,0,0x008C2DF7,Tome of Legends,0x008E4411,A tome about a legend passed\ndown for generations. Makes\nno sense by itself.
726,4,5,1,36,10,0,5000,500,6,0,0,0,0x008C2E07,Tome of Dragons,0x008E445E,A tome about the oldest\ndragon to have ever lived.\nMakes no sense by itself.
727,4,5,1,36,10,0,25000,2500,6,0,0,0,0x008C2E17,Ancestral Tome,0x008E44AB,"A tome about a shining white\ndragon, created by combining\nthree fragmented tomes."
728,4,5,1,36,1,0,500,50,6,0,0,0,0x008C2E26,Ancient Tower 1,0x008E44FD,"A tattered book fragment.\nUnreadable, but there seems\nto be more on the back."
729,4,5,1,36,1,0,20000,2000,6,0,0,0,0x008C2E36,Ancient Tower 2,0x008E454B,A tattered book fragment.\nWhatever value it once had\nis now completely gone.
730,4,5,1,36,1,0,500,50,6,0,0,0,0x008C2E46,Ancient Tower 3,0x008E4598,A tattered book fragment\nexcavated in the village.\nWhere could the rest be?
731,4,5,1,36,1,0,10000,1000,6,0,0,0,0x008C2E56,Ancient Tower,0x008E45E4,A book about the location of\nthe Ancient Tower. Made from\nreconstructed fragments.
732,4,5,1,27,4,0,100000,10000,8,0,0,0,0x008C2E64,Ancient Spout,0x008E4637,The mouth of a cracked pot.\nIt has an unusual shape and\nsells for a hefty sum.
733,4,5,1,27,4,0,50000,5000,8,0,0,0,0x008C2E72,Ancient Vessel,0x008E4686,The body of a cracked pot.\nIts unusual color makes it\nquite valuable.
734,4,5,1,27,4,0,50000,5000,8,0,0,0,0x008C2E81,Ancient Heel,0x008E46CC,The base of a cracked pot.\nMade of rare material and\nsurprisingly pricey.
735,4,5,1,48,4,0,2381,65000,0,0,0,0,0x008C2E8E,Ancient Pot,0x008E4716,"A pot made by assembling\nvarious fragments. A rare,\nvaluable item.\n"
736,4,5,99,27,10,0,150,15,3,0,0,0,0x008C2E9A,Meteorite,0x008E475A,A strange mineral that is\nfull of holes. Said to make\nwishes come true.
737,4,5,10,33,0,0,10000,1000,8,0,0,0,0x008C2EA4,Main Sail,0x008E47A2,A sail required for the\nconstruction of a ship.
738,4,5,10,33,6,0,3000,300,8,0,0,0,0x008C2EAE,Main Mast,0x008E47D2,A main mast required for\nthe construction of a ship.\nMade of tough materials.
739,3,4,99,37,1,0,50000,5000,6,0,0,0,0x008C2EB8,Friendship Ticket,0x008E4820,Awarded for completing an\nUrgent Quest and advancing\nup the ranks as a hunter.
740,4,5,99,37,3,0,5000,500,6,0,0,0,0x008C2ECA,Bond Ticket,0x008E486F,Awarded for completing an\nUrgent Quest and forging an\nunbreakable bond.
741,4,5,99,37,1,0,0,0,6,0,0,0,0x008C2ED6,Instructor Tkt,0x008E48B7,A written request from the\nDojo Instructor to the\nSmithy's Workshop.
742,4,5,99,37,0,0,0,0,6,0,0,0,0x008C2EE5,Egg Ticket,0x008E48FC,A ticket rarely given as a\nreward for delivering eggs.\nTry collecting them!
743,4,5,99,37,0,0,0,0,6,0,0,0,0x008C2EF0,Jewel Ticket,0x008E4948,A ticket rarely given as a\nreward for delivering ore.\nTry collecting them!
744,4,5,99,37,0,0,0,0,6,0,0,0,0x008C2EFD,Commendation,0x008E4993,A ticket awarded for a\ndisplay of bravery. Collect\nenough and it might pay off.
745,4,5,99,37,7,0,0,0,6,0,0,0,0x008C2F0A,Pawprint Seal,0x008E49E3,Quality lynian currency\nstamped with a pawprint.\nThe letters are unreadable.
746,4,5,99,37,7,0,0,0,6,0,0,0,0x008C2F18,Guild Ticket,0x008E4A30,A ticket sometimes awarded\nby the Guild for completing\nEvent Quests.
747,4,5,99,37,7,0,0,0,0,0,0,0,0x008C2F25,Cooking Ticket,0x008E4A75,A ticket awarded to those\nwho've mastered the art of\ncooking meat.
748,4,5,99,37,4,0,0,0,6,0,0,0,0x008C2F34,Ace Hunter Ticket,0x008E4AB8,An honor bestowed only upon\nthose who have successfully\nhunted a Monoblos.
749,4,5,99,37,2,0,0,0,6,0,0,0,0x008C2F46,G.Sword Ticket,0x008E4B03,A special ticket obtained\nby exchanging Dojo points.\nTry collecting them!
750,4,5,99,37,2,0,0,0,6,0,0,0,0x008C2F55,Hammer Ticket,0x008E4B4D,A special ticket obtained\nby exchanging Dojo points.\nTry collecting them!
751,4,5,99,37,2,0,0,0,6,0,0,0,0x008C2F63,Lance Ticket,0x008E4B97,A special ticket obtained\nby exchanging Dojo points.\nTry collecting them!
752,4,5,99,37,2,0,0,0,6,0,0,0,0x008C2F70,Sword Ticket,0x008E4BE1,A special ticket obtained\nby exchanging Dojo points.\nTry collecting them!
753,4,5,99,37,2,0,0,0,6,0,0,0,0x008C2F7D,Gunner Ticket,0x008E4C2B,A special ticket obtained\nby exchanging Dojo points.\nTry collecting them!
754,4,5,99,37,0,0,0,0,6,0,0,0,0x008C2F8B,Pawprint Stamp,0x008E4C75,Lynian currency stamped with\na pawprint. The letters on\nit are unfamiliar.
755,4,5,99,37,3,0,0,0,0,0,0,0,0x000C92F6,ＦチケットＣＴ１,0x000EAC7E,【ＣＴアイテム】\nＦチケットＣＴ１
756,4,5,99,37,1,0,0,0,0,0,0,0,0x000C9307,ＦチケットＣＴ２,0x000EACA0,【ＣＴアイテム】\nＦチケットＣＴ２
757,4,5,99,37,4,0,0,0,0,0,0,0,0x000C9318,ＦチケットＣＴ３,0x000EACC2,【ＣＴアイテム】\nＦチケットＣＴ３
758,4,5,99,37,4,0,0,0,0,0,0,0,0x000C9329,ＦチケットＣＴ４,0x000EACE4,【ＣＴアイテム】\nＦチケットＣＴ４
759,2,3,3,48,0,0,300,30,5,0,0,0,0x008C2F9A,Maka Pot,0x008E4CC0,A mysterious pot containing\na mold called Maka Kouji. \nCapable of altering items.
760,2,3,1,47,2,0,310,31,5,0,0,0,0x008C2FA3,Green Maka Pot,0x008E4D12,A Maka Pot filled with\nan Herb. Try burying it!
761,2,3,1,47,2,0,310,31,5,0,0,0,0x008C2FB2,Green Maka Pot,0x008E4D42,A Maka Pot filled with an\nAntidote Herb. Try burying\nit!
762,2,3,1,47,2,0,350,35,5,0,0,0,0x008C2FC1,Green Maka Pot,0x008E4D7B,A Maka Pot filled with a\nPotion. Try burying it!
763,2,3,1,47,2,0,400,40,5,0,0,0,0x008C2FD0,Green Maka Pot,0x008E4DAC,A Maka Pot filled with a\nMega Potion. Try burying\nit!
764,2,3,1,47,2,0,800,80,5,0,0,0,0x008C2FDF,Green Maka Pot,0x008E4DE2,A Maka Pot filled with an\nImmunizer. Try burying it!
765,4,5,1,47,2,0,0,0,0,0,0,0,0x008C2FEE,Green Maka Pot,0x008E4E17,A Maka Pot filled with a\nFirst-aid Med. Try burying\nit! ~C05(Supply Item)
766,4,5,1,47,2,0,0,0,0,0,0,0,0x008C2FFD,Green Maka Pot,0x008E4E61,A Maka Pot filled with a\nRation. Try burying it!\n~C05(Supply Item)
767,2,3,1,47,2,0,350,35,5,0,0,0,0x008C300C,Green Maka Pot,0x008E4EA4,A Maka Pot filled with an\nAntidote. Try burying it!
768,2,3,1,47,2,0,310,31,5,0,0,0,0x008C301B,Green Maka Pot,0x008E4ED8,A Maka Pot filled with\nHerbal Medicine. Try\nburying it!
769,2,3,1,47,2,0,550,55,5,0,0,0,0x008C302A,Green Maka Pot,0x008E4F10,A Maka Pot filled with a\nDash Juice. Try burying it!
770,4,5,1,47,2,0,0,0,0,0,0,0,0x008C3039,Green Maka Pot,0x008E4F45,A Maka Pot filled with a\nMight Pill. Try burying it!
771,4,5,1,47,2,0,0,0,0,0,0,0,0x008C3048,Green Maka Pot,0x008E4F7A,A Maka Pot filled with an\nAdamant Pill. Try burying\nit!
772,4,5,1,47,2,0,0,0,0,0,0,0,0x008C3057,Green Maka Pot,0x008E4FB2,A Maka Pot filled with a\nMight Seed. Try burying it!
773,4,5,1,47,2,0,0,0,0,0,0,0,0x008C3066,Green Maka Pot,0x008E4FE7,A Maka Pot filled with an\nAdamant Seed. Try burying\nit!
774,2,3,1,47,1,0,300,30,5,0,0,0,0x008C3075,Red Maka Pot,0x008E501F,A Maka Pot filled with a\nBurnt Meat. Try burying it!
775,2,3,1,47,1,0,300,30,5,0,0,0,0x008C3082,Red Maka Pot,0x008E5054,A Maka Pot filled with a\nRare Steak. Try burying it!
776,2,3,1,47,1,0,300,30,5,0,0,0,0x008C308F,Red Maka Pot,0x008E5089,A Maka Pot filled with a\nBurnt Fish. Try burying it!
777,2,3,1,47,1,0,300,30,5,0,0,0,0x008C309C,Red Maka Pot,0x008E50BE,A Maka Pot filled with a\nRare Fish. Try burying it!
778,2,3,1,47,4,0,305,30,5,0,0,0,0x008C30A9,Yellow Maka Pot,0x008E50F2,A Maka Pot filled with a\nSunrise Herb. Try burying\nit!
779,2,3,1,47,4,0,305,30,5,0,0,0,0x008C30B9,Yellow Maka Pot,0x008E5129,A Maka Pot filled with a\nSunset Herb. Try burying it!
780,2,3,1,47,4,0,320,32,5,0,0,0,0x008C30C9,Yellow Maka Pot,0x008E515F,A Maka Pot filled with a\nFire Herb. Try burying it!
781,2,3,1,47,4,0,315,31,5,0,0,0,0x008C30D9,Yellow Maka Pot,0x008E5193,A Maka Pot filled with a\nBlue Mushroom. Try burying\nit!
782,4,5,1,47,3,0,0,0,0,0,0,0,0x008C30E9,Blue Maka Pot,0x008E51CB,A Maka Pot filled with a\nGourmet Fish. Try burying\nit!
783,2,3,1,47,4,0,1540,154,5,0,0,0,0x008C30F7,Yellow Maka Pot,0x008E5202,A Maka Pot filled with\na Unique Mushroom. Try\nburying it!
784,2,3,1,47,4,0,1540,154,5,0,0,0,0x008C3107,Yellow Maka Pot,0x008E523C,A Maka Pot filled with\na Choice Mushroom. Try\nburying it!
785,2,3,1,47,4,0,350,35,5,0,0,0,0x008C3117,Yellow Maka Pot,0x008E5276,A Maka Pot filled with a\nCactus Flower. Try burying\nit!
786,2,3,1,47,4,0,1000,100,5,0,0,0,0x008C3127,Yellow Maka Pot,0x008E52AE,A Maka Pot filled with a\nKhezu Whelp. Try burying\nit!
787,2,3,1,47,4,0,400,40,5,0,0,0,0x008C3137,Yellow Maka Pot,0x008E52E4,A Maka Pot filled with \na Deadly Toadstool. Try\nburying it!
788,2,3,1,47,4,0,300,30,5,0,0,0,0x008C3147,Yellow Maka Pot,0x008E5320,A Maka Pot filled with a\nRicebug. Try burying it!
789,2,3,1,47,4,0,500,50,5,0,0,0,0x008C3157,Yellow Maka Pot,0x008E5352,A Maka Pot filled with\nWoemill Wheast. Try burying\nit!
790,2,3,1,47,4,0,700,70,5,0,0,0,0x008C3167,Yellow Maka Pot,0x008E5389,A Maka Pot filled with\nRed Oil. Try burying it!
791,2,3,1,47,4,0,900,90,5,0,0,0,0x008C3177,Yellow Maka Pot,0x008E53B9,A Maka Pot filled with Dry\nMargarine. Try burying it!
792,2,3,1,47,4,0,350,35,5,0,0,0,0x008C3187,Yellow Maka Pot,0x008E53EF,A Maka Pot filled with an\nInsect Husk. Try burying it!
793,2,3,1,47,4,0,300,30,5,0,0,0,0x008C3197,Yellow Maka Pot,0x008E5426,A Maka Pot filled with\nGarbage. Try burying it!
794,3,4,99,43,6,0,2000,200,3,0,0,0,0x008C31A7,Aquaglow Jewel,0x008E5456,An indispensable item used\nin Decorations.
795,3,4,99,43,0,0,3500,350,3,0,0,0,0x008C31B6,Sunspire Jewel,0x008E5481,An indispensable item used\nin Decorations.
796,4,5,99,43,5,0,5300,530,3,0,0,0,0x008C31C5,Bloodrun Jewel,0x008E54AC,An indispensable item used\nin Decorations. A shame that\nthese are so high-end.
797,4,5,99,43,4,0,8800,880,3,0,0,0,0x008C31D4,Lazurite Jewel,0x008E54FB,An indispensable item used\nin Decorations. This one\ndoesn't come along often.
798,4,5,10,43,2,0,0,0,0,2,0,0,0x008C31E3,Green Jewel,0x008E5549,A Decoration that boosts\nGathering skills.
799,3,4,10,43,4,0,800,80,7,3,0,0,0x008C31EF,Antipara Jewel 1,0x008E5574,A Decoration that boosts\nParalysis skills.
800,3,4,10,43,6,0,800,80,7,4,0,0,0x008C3200,Pep Jewel 1,0x008E559F,A Decoration that boosts\nSleep skills.
801,4,5,10,43,4,0,2400,240,7,5,0,0,0x008C320C,Pep Jewel 2,0x008E55C6,A Decoration that boosts\nSleep skills.
802,3,4,10,43,3,0,800,80,7,6,0,0,0x008C3218,Steadfast Jwl 1,0x008E55ED,A Decoration that boosts\nStun skills.
803,3,4,10,43,5,0,800,80,7,7,0,0,0x008C3228,Antidote Jewel 1,0x008E5613,A Decoration that boosts\nPoison skills.
804,3,4,10,43,1,0,800,80,7,8,0,0,0x008C3239,Deodorant Jwl 1,0x008E563B,A Decoration that boosts\nAntiseptic skills.
805,4,5,10,43,2,0,2400,240,7,9,0,0,0x008C3249,Deodorant Jwl 2,0x008E5667,A Decoration that boosts\nAntiseptic skills.
806,3,4,10,43,0,0,800,80,7,10,0,0,0x008C3259,Snowball Jewel 1,0x008E5693,A Decoration that boosts\nSnow skills.
807,3,4,10,43,4,0,800,80,7,11,0,0,0x008C326A,Tectonic Jewel 1,0x008E56B9,A Decoration that boosts\nTremor Res skills.
808,5,6,10,43,6,0,5000,500,7,12,0,0,0x008C327B,Vocal Jewel 1,0x008E56E5,A Decoration that boosts\nVoice skills.
809,3,4,10,43,6,0,800,80,7,13,0,0,0x008C3289,Heat Res Jewel 1,0x008E570C,A Decoration that boosts\nHeat Res skills.
810,3,4,10,43,7,0,800,80,7,14,0,0,0x008C329A,Cold Res Jewel 1,0x008E5736,A Decoration that boosts\nCold Res skills.
811,3,4,10,43,0,0,800,80,7,15,0,0,0x008C32AB,Wind Res Jewel 1,0x008E5760,A Decoration that boosts\nWind Res skills.
812,4,5,10,43,6,0,2400,240,7,16,0,0,0x008C32BC,Terrain Jewel 1,0x008E578A,A Decoration that boosts\nTerrain Res skills.
813,3,4,10,43,1,0,800,80,7,17,0,0,0x008C32CC,Health Jewel 1,0x008E57B7,A Decoration that boosts\nHealth skills.
814,4,5,10,43,1,0,2400,240,7,18,0,0,0x008C32DB,Health Jewel 2,0x008E57DF,A Decoration that boosts\nHealth skills.
815,3,4,10,43,2,0,800,80,7,19,0,0,0x008C32EA,Recovery Jewel 1,0x008E5807,A Decoration that boosts\nRec Level skills.
816,4,5,10,43,2,0,2400,240,7,20,0,0,0x008C32FB,Rec Speed Jwl 1,0x008E5832,A Decoration that boosts\nRec Speed skills.
817,3,4,10,43,1,0,800,80,7,21,0,0,0x008C330B,Attack Jewel 1,0x008E585D,A Decoration that boosts\nAttack skills.
818,3,4,10,43,8,0,800,80,7,22,0,0,0x008C331A,Disabler Jewel 1,0x008E5885,A Decoration that boosts\nStatus skills.
819,3,4,10,43,3,0,800,80,7,23,0,0,0x008C332B,Defense Jewel 1,0x008E58AD,A Decoration that boosts\nDefense skills.
820,4,5,10,43,10,0,2400,240,7,24,0,0,0x008C333B,Ironwall Jewel 1,0x008E58D6,A Decoration that boosts\nGuard skills.
821,3,4,10,43,3,0,800,80,7,25,0,0,0x008C334C,Auto-Guard Jwl 1,0x008E58FD,A Decoration that boosts\nAuto-Guard skills.
822,3,4,10,43,7,0,800,80,7,26,0,0,0x008C335D,Sprinter Jewel 1,0x008E5929,A Decoration that boosts\nStamina skills.
823,3,4,10,43,4,0,800,80,7,27,0,0,0x008C336E,Hungerless Jwl 1,0x008E5952,A Decoration that boosts\nHunger skills.
824,3,4,10,43,7,0,800,80,7,28,0,0,0x008C337F,Metabolism Jwl 1,0x008E597A,A Decoration that boosts\nGluttony skills.
825,3,4,10,43,1,0,800,80,7,29,0,0,0x008C3390,Gobbler Jewel 1,0x008E59A4,A Decoration that boosts\nEating skills.
826,3,4,10,43,6,0,800,80,7,30,0,0,0x008C33A0,Razor Jewel 1,0x008E59CC,A Decoration that boosts\nSharpness skills.
827,5,6,10,43,5,0,5000,500,7,31,0,0,0x008C33AE,Handicraft Jwl 1,0x008E59F7,A Decoration that boosts\nHandicraft and Rapid Fire\nskills.
828,4,5,10,43,6,0,2400,240,7,32,0,0,0x008C33BF,Expert Jewel 1,0x008E5A32,A Decoration that boosts\nExpert skills.
829,3,4,10,43,1,0,800,80,7,33,0,0,0x008C33CE,Throwing Jewel 1,0x008E5A5A,A Decoration that boosts\nThrowing skills.
830,3,4,10,43,4,0,800,80,7,34,0,0,0x008C33DF,Evasion Jewel 1,0x008E5A84,A Decoration that boosts\nEvasion skills.
831,3,4,10,43,5,0,800,80,7,35,0,0,0x008C33EF,Professor Jwl 1,0x008E5AAD,A Decoration that boosts\nCombo Rate skills.
832,3,4,10,43,0,0,800,80,7,36,0,0,0x008C33FF,Factory Jewel 1,0x008E5AD9,A Decoration that boosts\nAmmo Mixer skills.
833,5,6,10,43,5,0,5000,500,7,37,0,0,0x008C340F,Alchemy Jewel 1,0x008E5B05,A Decoration that boosts\nAlchemy skills.
834,5,6,10,43,6,0,5000,500,7,38,0,0,0x008C341F,Quickload Jwl 1,0x008E5B2E,A Decoration that boosts\nReload Spd skills.
835,4,5,10,43,4,0,2400,240,7,39,0,0,0x008C342F,Capacity Jewel 1,0x008E5B5A,A Decoration that boosts\nLoading skills.
836,4,5,10,43,3,0,2400,240,7,40,0,0,0x008C3440,Recoil Jewel 1,0x008E5B83,A Decoration that boosts\nRecoil skills.
837,3,4,10,43,8,0,800,80,7,41,0,0,0x008C344F,Precision Jwl 1,0x008E5BAB,A Decoration that boosts\nPrecision skills.
838,3,4,10,43,0,0,800,80,7,42,0,0,0x008C345F,Forceshot Jwl 1,0x008E5BD6,A Decoration that boosts\nNormal Up skills.
839,3,4,10,43,0,0,800,80,7,43,0,0,0x008C346F,Pierce Jewel 1,0x008E5C01,A Decoration that boosts\nPierce Up skills.
840,3,4,10,43,0,0,800,80,7,44,0,0,0x008C347E,Pellet Jewel 1,0x008E5C2C,A Decoration that boosts\nPellet Up skills.
841,3,4,10,43,7,0,800,80,7,45,0,0,0x008C348D,ShotPlus Jewel 1,0x008E5C57,A Decoration that boosts\nNormal S+ skills.
842,3,4,10,43,7,0,800,80,7,46,0,0,0x008C349E,PiercePlus Jwl 1,0x008E5C82,A Decoration that boosts\nPierce S+ skills.
843,3,4,10,43,7,0,800,80,7,47,0,0,0x008C34AF,PelletPlus Jwl 1,0x008E5CAD,A Decoration that boosts\nPellet S+ skills.
844,3,4,10,43,7,0,800,80,7,48,0,0,0x008C34C0,CragPlus Jwl 1,0x008E5CD8,A Decoration that boosts\nCrag S+ skills.
845,3,4,10,43,7,0,800,80,7,49,0,0,0x008C34CF,ClustPlus Jwl 1,0x008E5D01,A Decoration that boosts\nClust S+ skills.
846,3,4,10,43,4,0,800,80,7,50,0,0,0x008C34DF,Grinder Jewel 1,0x008E5D2B,A Decoration that boosts\nSharpener skills.
847,4,5,10,43,10,0,0,0,0,51,0,0,0x008C34EF,Small Arms Jwl 1,0x008E5D56,A Decoration that boosts\nArtillery skills.
848,3,4,10,43,1,0,800,80,7,52,0,0,0x008C3500,Cooking Jewel 1,0x008E5D81,A Decoration that boosts\nBBQ skills.
849,4,5,10,43,6,0,1200,120,7,53,0,0,0x008C3510,Earplug Jewel 1,0x008E5DA6,A Decoration that boosts\nHearing skills.
850,3,4,10,43,8,0,800,80,7,54,0,0,0x008C3520,Friendship Jwl 1,0x008E5DCF,A Decoration that boosts\nWide-Range skills.
851,3,4,10,43,3,0,800,80,7,55,0,0,0x008C3531,Everlastng Jwl 1,0x008E5DFB,A Decoration that boosts\nLastingPwr skills.
852,3,4,10,43,8,0,800,80,7,56,0,0,0x008C3542,Backpack Jewel 1,0x008E5E27,A Decoration that boosts\nTransporter skills.
853,3,4,10,43,2,0,800,80,7,57,0,0,0x008C3553,Resistance Jwl 1,0x008E5E54,A Decoration that boosts\nAll Res Up skills.
854,3,4,10,43,1,0,800,80,7,58,0,0,0x008C3564,Fire Jewel 1,0x008E5E80,A Decoration that boosts\nFire Res skills.
855,3,4,10,43,6,0,800,80,7,59,0,0,0x008C3571,Water Jewel 1,0x008E5EAA,A Decoration that boosts\nWater Res skills.
856,3,4,10,43,3,0,800,80,7,60,0,0,0x008C357F,Ice Jewel 1,0x008E5ED5,A Decoration that boosts\nIce Res skills.
857,3,4,10,43,4,0,800,80,7,61,0,0,0x008C358B,Thunder Jewel 1,0x008E5EFE,A Decoration that boosts\nThunder Res skills.
858,3,4,10,43,5,0,800,80,7,62,0,0,0x008C359B,Dragon Jewel 1,0x008E5F2B,A Decoration that boosts\nDragon Res skills.
859,3,4,10,43,2,0,800,80,7,63,0,0,0x008C35AA,Gathering Jwl 1,0x008E5F57,A Decoration that boosts\nGathering skills.
860,4,5,10,43,2,0,2400,240,7,64,0,0,0x008C35BA,Gathering Jwl 2,0x008E5F82,A Decoration that boosts\nGathering skills.
861,3,4,10,43,2,0,800,80,7,65,0,0,0x008C35CA,Spdgather Jwl 1,0x008E5FAD,A Decoration that boosts\nSpd Gather skills.
862,4,5,10,43,1,0,2400,240,7,66,0,0,0x008C35DA,Carving Jewel 1,0x008E5FD9,A Decoration that boosts\nCarving skills.
863,6,7,10,43,8,0,100000,100,7,67,0,0,0x008C35EA,Blessing Jewel 1,0x008E6002,A Decoration that boosts\nWhim skills.
864,6,7,10,43,8,0,100000,100,7,68,0,0,0x008C35FB,Blessing Jewel 2,0x008E6028,A Decoration that boosts\nWhim skills.
865,5,6,10,43,4,0,5000,500,7,69,0,0,0x008C360C,Protection Jwl 1,0x008E604E,A Decoration that boosts\nProtection skills.
866,4,5,10,43,8,0,2400,240,7,70,0,0,0x008C361D,Fate Jewel 1,0x008E607A,A Decoration that boosts\nFate skills.
867,3,4,10,43,2,0,800,80,7,71,0,0,0x008C362A,Safe Jewel 1,0x008E60A0,A Decoration that boosts\nAnti-Theft skills.
868,3,4,10,43,6,0,800,80,7,72,0,0,0x008C3637,Fishing Jewel 1,0x008E60CC,A Decoration that boosts\nFishing skills.
869,3,4,10,43,0,0,800,80,7,73,0,0,0x008C3647,Map Jewel 1,0x008E60F5,A Decoration that boosts\nMap skills.
870,3,4,10,43,4,0,800,80,7,74,0,0,0x008C3653,Psychic Jewel 1,0x008E611A,A Decoration that boosts\nPsychic skills.
871,3,4,10,43,5,0,800,80,7,75,0,0,0x008C3663,Stealth Jewel 1,0x008E6143,A Decoration that boosts\nSense skills.
872,4,5,10,43,10,0,2400,240,7,76,0,0,0x008C3673,Potential Jwl 1,0x008E616A,A Decoration that boosts\nPotential skills.
873,4,5,10,43,4,0,2400,240,7,77,0,0,0x008C3683,Monster Jewel 1,0x008E6195,A Decoration that boosts\nMonster skills.
874,5,6,10,43,4,0,5000,500,7,78,0,0,0x008C3693,Antipara Jewel 2,0x008E61BE,A Decoration that boosts\nParalysis skills.
875,4,5,10,43,6,0,2400,240,7,79,0,0,0x008C36A4,Steadfast Jwl 2,0x008E61E9,A Decoration that boosts\nStun skills.
876,5,6,10,43,3,0,5000,500,7,80,0,0,0x008C36B4,Steadfast Jwl 3,0x008E620F,A Decoration that boosts\nStun skills.
877,5,6,10,43,5,0,5000,500,7,81,0,0,0x008C36C4,Antidote Jewel 2,0x008E6235,A Decoration that boosts\nPoison skills.
878,5,6,10,43,6,0,5000,500,7,82,0,0,0x008C36D5,Warm Res Jewel 2,0x008E625D,A Decoration that boosts\nHeat Res skills.
879,5,6,10,43,7,0,5000,500,7,83,0,0,0x008C36E6,Cold Res Jewel 2,0x008E6287,A Decoration that boosts\nCold Res skills.
880,5,6,10,43,0,0,5000,500,7,84,0,0,0x008C36F7,Wind Res Jewel 2,0x008E62B1,A Decoration that boosts\nWind Res skills.
881,5,6,10,43,1,0,5000,500,7,85,0,0,0x008C3708,Health Jewel 3,0x008E62DB,A Decoration that boosts\nHealth skills.
882,5,6,10,43,3,0,5000,500,7,86,0,0,0x008C3717,Rec Speed Jwl 2,0x008E6303,A Decoration that boosts\nRec Speed skills.
883,4,5,10,43,1,0,2400,240,7,87,0,0,0x008C3727,Attack Jewel 2,0x008E632E,A Decoration that boosts\nAttack skills.
884,4,5,10,43,3,0,2400,240,7,88,0,0,0x008C3736,Defense Jewel 3,0x008E6356,A Decoration that boosts\nDefense skills.
885,5,6,10,43,6,0,5000,500,7,89,0,0,0x008C3746,Razor Jewel 2,0x008E637F,A Decoration that boosts\nSharpness skills.
886,5,6,10,43,6,0,5000,500,7,90,0,0,0x008C3754,Expert Jewel 2,0x008E63AA,A Decoration that boosts\nExpert skills.
887,5,6,10,43,4,0,5000,500,7,91,0,0,0x008C3763,Evasion Jewel 2,0x008E63D2,A Decoration that boosts\nEvasion skills.
888,5,6,10,43,6,0,5000,500,7,92,0,0,0x008C3773,Recoil Jewel 2,0x008E63FB,A Decoration that boosts\nRecoil skills.
889,5,6,10,43,4,0,5000,500,7,93,0,0,0x008C3782,ShotPlus Jwl 2,0x008E6423,A Decoration that boosts\nNormal S+ skills.
890,5,6,10,43,4,0,5000,500,7,94,0,0,0x008C3791,PiercePlus Jwl 2,0x008E644E,A Decoration that boosts\nPierce S+ skills.
891,5,6,10,43,4,0,5000,500,7,95,0,0,0x008C37A2,PelletPlus Jwl 2,0x008E6479,A Decoration that boosts\nPellet S+ skills.
892,5,6,10,43,4,0,5000,500,7,96,0,0,0x008C37B3,CragPlus Jwl 2,0x008E64A4,A Decoration that boosts\nCrag S+ skills.
893,5,6,10,43,4,0,5000,500,7,97,0,0,0x008C37C2,ClustPlus Jwl 2,0x008E64CD,A Decoration that boosts\nClust S+ skills.
894,4,5,10,43,1,0,2400,240,7,98,0,0,0x008C37D2,Bombardier Jwl 1,0x008E64F7,A Decoration that boosts\nBomb Boost skills.
895,4,5,10,43,5,0,2400,240,7,99,0,0,0x008C37E3,Artillery Jwl 1,0x008E6523,A Decoration that boosts\nArtillery skills.
896,4,5,10,43,8,0,2400,240,7,100,0,0,0x008C37F3,Friendship Jwl 2,0x008E654E,A Decoration that boosts\nWide-Range skills.
897,5,6,10,43,3,0,5000,500,7,101,0,0,0x008C3804,Everlastng Jwl 2,0x008E657A,A Decoration that boosts\nLastingPwr skills.
898,4,5,10,43,6,0,2400,240,7,102,0,0,0x008C3815,Backpack Jewel 2,0x008E65A6,A Decoration that boosts\nTransporter skills.
899,4,5,10,43,2,0,2400,240,7,103,0,0,0x008C3826,All UP Jewel 3,0x008E65D3,A Decoration that boosts\nAll Res Up skills.
900,4,5,10,43,1,0,2400,240,7,104,0,0,0x008C3835,Fire Jewel 2,0x008E65FF,A Decoration that boosts\nFire Res skills.
901,4,5,10,43,6,0,2400,240,7,105,0,0,0x008C3842,Water Jewel 2,0x008E6629,A Decoration that boosts\nWater Res skills.
902,4,5,10,43,3,0,2400,240,7,106,0,0,0x008C3850,Ice Jewel 2,0x008E6654,A Decoration that boosts\nIce Res skills.
903,4,5,10,43,4,0,2400,240,7,107,0,0,0x008C385C,Thunder Jewel 2,0x008E667D,A Decoration that boosts\nThunder Res skills.
904,4,5,10,43,5,0,2400,240,7,108,0,0,0x008C386C,Dragon Jewel 2,0x008E66AA,A Decoration that boosts\nDragon Res skills.
905,5,6,10,43,2,0,5000,500,7,109,0,0,0x008C387B,Gathering Jwl 3,0x008E66D6,A Decoration that boosts\nGathering skills.
906,3,4,10,43,2,0,800,80,7,110,0,0,0x008C388B,Spdgather Jwl 2,0x008E6701,A Decoration that boosts\nSpd Gather skills.
907,5,6,10,43,7,0,5000,500,7,111,0,0,0x008C389B,Carving Jewel 2,0x008E672D,A Decoration that boosts\nCarving skills.
908,5,6,10,43,4,0,5000,500,7,112,0,0,0x008C38AB,Fate Jewel 2,0x008E6756,A Decoration that boosts\nFate skills.
909,4,5,10,43,7,0,2400,240,7,113,0,0,0x008C38B8,Psychic Jewel 2,0x008E677C,A Decoration that boosts\nPsychic skills.
910,6,7,10,43,1,0,100000,100,7,114,0,0,0x008C38C8,Herculean Jewel,0x008E67A5,A Decoration that boosts\nvarious offensive skills.\n~C05(Special Deco.)~C00
911,6,7,10,43,3,0,100000,100,7,115,0,0,0x008C38D8,Rigid Jewel,0x008E67F0,A Decoration that boosts\nvarious defensive skills.\n~C05(Special Deco.)~C00
912,5,6,10,43,3,0,5000,500,7,116,0,0,0x008C38E4,Ironwall Jwl 2,0x008E683B,A Decoration that boosts\nGuard skills.
913,5,6,10,43,3,0,5000,500,7,117,0,0,0x008C38F3,Earplug Jewel 2,0x008E6862,A Decoration that boosts\nHearing skills.
914,5,6,10,43,2,0,5000,500,7,118,0,0,0x008C3903,All UP Jewel 1,0x008E688B,A Decoration that boosts\nAll Res Up skills.
915,6,7,10,43,1,0,100000,100,7,119,0,0,0x008C3912,Fire Jewel 3,0x008E68B7,A Decoration that boosts\nFire Res skills.\n~C05(Special Deco.)
916,6,7,10,43,6,0,100000,100,7,120,0,0,0x008C391F,Water Jewel 3,0x008E68F5,A Decoration that boosts\nWater Res skills.\n~C05(Special Deco.)
917,6,7,10,43,3,0,100000,100,7,121,0,0,0x008C392D,Ice Jewel 3,0x008E6934,A Decoration that boosts\nIce Res skills.\n~C05(Special Deco.)
918,6,7,10,43,4,0,100000,100,7,122,0,0,0x008C3939,Thunder Jewel 3,0x008E6971,A Decoration that boosts\nThunder Res skills.\n~C05(Special Deco.)
919,6,7,10,43,5,0,100000,100,7,123,0,0,0x008C3949,Dragon Jewel 3,0x008E69B2,A Decoration that boosts\nDragon Res skills.\n~C05(Special Deco.)
920,5,6,10,43,4,0,5000,500,7,124,0,0,0x008C3958,Psychic Jewel 3,0x008E69F2,A Decoration that boosts\nPsychic skills.
921,4,5,99,27,7,0,17200,1720,3,0,0,0,0x008C3968,Firecell Stone,0x008E6A1B,A magma-like deposit that\nonly trained hands can\nproperly work with.
922,4,5,99,27,8,0,9600,960,3,0,0,0,0x008C3977,Rainbow Ore,0x008E6A60,This dreamlike ore can be\ncombined to produce many\ncolors and properties.
923,3,4,99,5,8,0,600,60,2,0,0,0,0x008C3983,Springnight Carp,0x008E6AAA,A species of carp whose\narrival signals the start\nof the breeding season.
924,3,4,99,20,10,0,1200,120,2,0,0,0,0x008C3994,Carpenterbug,0x008E6AF4,Uses viscous fluids and\nsharp jaws to construct\nmarvelous ant hills.
925,4,5,99,20,8,0,6400,640,2,0,0,0,0x008C39A1,Rainbow Scarab,0x008E6B39,A dreamlike insect that\nreveals many colors and\nproperties upon processing.
926,4,5,99,20,4,0,600,60,2,0,0,0,0x008C39B0,Great Hornfly,0x008E6B85,"An insect with a giant horn,\nmassive shell, and wings of\nbutterfly-like beauty."
927,4,5,99,20,1,0,600,60,2,0,0,0,0x008C39BE,Great Ladybug,0x008E6BD5,A giant insect with a very\nhard shell. Protects crops\nby eating harmful pests.
928,3,4,99,35,7,0,3600,360,8,0,0,0,0x008C39CC,Shaka Treasure,0x008E6C24,"A Shakalaka's treasure.\nAlthough to be honest, it\nlooks like a piece of trash."
929,4,5,99,35,7,0,9000,900,8,0,0,0,0x008C39DB,ShakaInheritance,0x008E6C73,Dropped by King Shakalaka.\nIt's the King's splendid...\ngarbage?
930,4,5,99,23,0,0,2200,220,1,0,0,0,0x008C39EC,Giaprey Scale,0x008E6CB3,A Giaprey scale. The color\nallows you to stalk prey in\nthe snow undetected.
931,4,5,99,23,0,0,3000,300,1,0,0,0,0x008C39FA,Giaprey Scale+,0x008E6CFF,A high-quality scale carved\nfrom a Giaprey. Used to\ncraft even better equipment.
932,4,5,99,14,0,0,2600,260,1,0,0,0,0x008C3A09,Giaprey Hide,0x008E6D50,Hide stripped of all its\nscales. Used to make\nclothing for villagers.
933,4,5,99,14,0,0,5000,500,1,0,0,0,0x008C3A16,Giadrome Hide,0x008E6D96,The hide of a Giaprey\nleader. It bears the scars\nof a leadership role.
934,4,5,99,31,0,0,4000,400,1,0,0,0,0x008C3A24,Giadrome Claw,0x008E6DDD,A claw sharper than that of\na Giaprey. Highly dangerous\nto the touch.
935,4,5,99,31,0,0,6000,600,1,0,0,0,0x008C3A32,Giadrome Claw+,0x008E6E23,The Giaprey pack leader's\nclaw. Countless prey have\nfallen to its keen edge.
936,4,5,99,9,0,0,8000,800,1,0,0,0,0x008C3A41,Giadrome Head,0x008E6E70,A Giadrome head. The large\ncrest displays its control\nover the pack.
937,4,5,99,33,10,0,4800,480,8,0,0,0,0x008C3A4F,Sinister Cloth,0x008E6EB5,Found long ago in the tomb\nof a king from a long\nforgotten desert land.
938,4,5,10,27,2,0,2000,200,0,0,0,0,0x008C3A5E,C2D Fragment,0x008E6EFD,A stone with the power of\nan unknown civilization.\n~C05(Account Item)
939,3,4,10,35,3,0,2000,200,3,0,0,0,0x008C3A6B,Perennial Frost,0x008E6F43,Long-lasting frost formed on\na Daora Fossil. Prized as a\ncrafting material.
940,3,4,10,27,0,0,10000,1000,3,0,0,0,0x008C3A7B,Kushalite,0x008E6F8F,"A fossilized Daora Scale.\nIt cools rapidly at night,\nproducing infusible frost."
941,4,5,99,27,10,0,100000,10000,3,0,0,0,0x008C3A85,Aminotite,0x008E6FDF,"A soft, clay-like stone.\nWorthless at a glance, but\nit is actually rare ore."
942,3,4,10,12,7,0,1200,120,4,0,0,0,0x008C3A8F,Slimy Mushroom,0x008E702C,A mushroom so slimy that\nit's difficult to even\ngrasp.
943,1,2,10,20,2,0,1800,180,2,0,0,0,0x008C3A9E,Sticky Ctrpillar,0x008E7063,A predatory bug. Squirts\nfoam that's impossible to\nscrape off.
944,3,4,99,5,3,0,2000,200,2,0,0,0,0x008C3AAF,Sniperfish,0x008E70A2,A predatory fish that hunts\nprey above the surface by\nsquirting water from sacs.
945,3,4,99,27,0,0,800,80,3,0,0,0,0x008C3ABA,Kurenzite,0x008E70F3,An ore that forms the base\nof an abrasive used for all\nsorts of metals.
946,4,5,99,37,6,0,0,0,6,0,0,0,0x008C3AC4,Furniture Ticket,0x008E713B,A ticket awarded for taking\npart in the Decor Derby.\nTry collecting them!
947,4,5,99,37,3,0,0,0,6,0,0,0,0x008C3AD5,Furniture Tkt G,0x008E7185,A ticket awarded for taking\npart in the Grand Decor\nDerby. Try collecting them!
948,4,5,99,24,4,0,2500,250,1,0,0,0,0x008C3AE5,Shocking Extract,0x008E71D5,A Thunderbug concentrate\nthat releases an electrical\ndischarge when struck.
949,3,4,99,12,5,0,400,40,2,0,0,0,0x008C3AF6,Chaos Mushroom,0x008E7221,A mushroom that invites\ndisarray. Its spores cause\nmonsters to hallucinate.
950,4,5,99,35,5,0,1920,192,1,0,0,0,0x008C3B05,Toxin Sac,0x008E726D,A monster organ filled\nwith a potent toxin. Just\ntouching it is dangerous.
951,4,5,99,35,1,0,4800,480,1,0,0,0,0x008C3B0F,Inferno Sac,0x008E72B8,A monster organ filled with\npowder that ignites when\nexposed to air.
952,4,5,99,35,4,0,9600,960,1,0,0,0,0x008C3B1B,Thunder Sac,0x008E72FD,A monster organ that can\nstore up large amounts of\nhigh voltage electricity.
953,4,5,99,10,7,0,5600,560,1,0,0,0,0x008C3B27,Monster Bone+,0x008E734A,"Top-quality monster bone.\nHard to find, but vital for\ncrafting tough equipment."
954,2,3,99,10,0,0,200,20,1,0,0,0,0x008C3B35,Brute Bone,0x008E739A,The stout bone of a\nbrutish monster. An easy\nmaterial to work with.
955,4,5,99,10,0,0,6000,600,1,0,0,0,0x008C3B40,Stoutbone,0x008E73DE,"The large, sturdy bone of a\nbeast. Prized by blacksmiths\nas a prime forging material."
956,4,5,99,1,10,0,10000,1000,1,0,0,0,0x008C3B4A,Felyne Fur Ruby,0x008E7434,A priceless ruby formed\nby the rare hardening of\na Felyne hairball.
957,3,4,99,31,0,0,1600,160,1,0,0,0,0x008C3B5A,Bulldrome Tusk,0x008E7478,A majestic Bulldrome Tusk.\nThe damaged surface tells\nthe tale of many battles.
958,3,4,99,14,7,0,1050,105,1,0,0,0,0x008C3B69,HighQualityPelt,0x008E74C7,Feels wonderful to the\ntouch. Difficult to carve\nbut valued by the Guild.
959,4,5,99,14,0,0,3900,390,1,0,0,0,0x008C3B79,Giaprey Hide+,0x008E7511,High quality hide carved\nfrom a Giadrome. Often used\nto forge powerful armor.
960,4,5,99,14,3,0,840,84,1,0,0,0,0x008C3B87,Velociprey Hide+,0x008E755F,"The high-quality, descaled\nhide of a Velociprey, it\nhas many applications."
961,4,5,99,14,2,0,1260,126,1,0,0,0,0x008C3B98,Genprey Hide+,0x008E75AA,"The high-quality, descaled\nhide of a Genprey. It can\nneutralize neurotoxins."
962,4,5,99,14,2,0,6000,600,1,0,0,0,0x008C3BA6,Gendrome Tail,0x008E75F7,This flexible tail has\nadapted to the harsh\nconditions of the desert.
963,4,5,99,14,1,0,1680,168,1,0,0,0,0x008C3BB4,Ioprey Hide+,0x008E763D,"High-quality, descaled \nIoprey hide. The red skin\nresists poison."
964,4,5,99,23,8,0,7500,750,1,0,0,0,0x008C3BC1,Kut-Ku Scale+,0x008E767F,A superior Kut-Ku scale. Its\nsize and weight make it look\nclassier than normal.
965,4,5,99,23,3,0,11250,1125,1,0,0,0,0x008C3BCF,B.Kut-Ku Scale+,0x008E76CF,Superior scale from a Blue\nYian Kut-Ku. Its complex\ncolor is infinitely cool.
966,3,4,99,14,0,0,600,60,1,0,0,0,0x008C3BDF,Blango Pelt,0x008E771D,A snow white Blango Pelt.\nIt protects the body against\nthe mountain cold.
967,3,4,99,14,0,0,1800,180,1,0,0,0,0x008C3BEB,Blango Pelt+,0x008E7767,Keeps you toasty in frigid\ntemps; harder to work with\nthan normal Blango Pelts.
968,3,4,99,14,8,0,600,60,1,0,0,0,0x008C3BF8,Conga Pelt,0x008E77B7,Conga fur. Sturdy and nice\nto the touch.
969,3,4,99,14,8,0,1800,180,1,0,0,0,0x008C3C03,Conga Pelt+,0x008E77E0,The hard pelt of a Conga.\nThe thick fur can be used to\nmake long-lasting equipment.
970,4,5,99,9,3,0,16400,1640,1,0,0,0,0x008C3C0F,Plesioth Fin+,0x008E7834,A radiant fin. Below the\nsurface lie sharp barbs\nwith a deadly neurotoxin.
971,4,5,99,23,2,0,38400,3840,1,0,0,0,0x008C3C1D,G.Plesioth Scl+,0x008E787F,A quality Green Plesioth\nscale. Its hue enthralls\nall who see it.
972,4,5,99,9,2,0,36900,3690,1,0,0,0,0x008C3C2D,G.Plesioth Fin+,0x008E78C1,"Quality Green Plesioth fin.\nFlexible, easy to process,\nand widely used in jewelry."
973,3,4,99,9,1,0,5000,500,1,0,0,0,0x008C3C3D,Rath Fluid,0x008E7914,Heat-producing fluid from a\nRathian or Rathalos. Used to\ncraft equipment.
974,4,5,99,9,1,0,42000,4200,1,0,0,0,0x008C3C48,Rath Medulla,0x008E795E,Recent advances allow this\nmarrow to be extracted. It\nignites on air contact.
975,4,5,99,27,8,0,88880,8888,1,0,0,0,0x008C3C55,Basarios Tears,0x008E79AC,Faintly pink gems found\nnear the tear ducts of a\nBasarios.
976,4,5,99,9,1,0,62600,6260,1,0,0,0,0x008C3C64,Gravios Medulla,0x008E79E7,This brain stem is a\nprecious but hard to\ncraft Gravios part.
977,4,5,99,9,10,0,60300,6030,1,0,0,0,0x008C3C74,B.Diablos Ridge+,0x008E7A25,A hard Black Diablos back-\nplate. Even hot desert winds\ncan't erode such sturdiness.
978,4,5,99,20,10,0,3600,360,1,0,0,0,0x008C3C85,Hornetaur Cpc,0x008E7A7A,The hard part of a Hornetaur\nshell. Exhibits special\nproperties when worked.
979,4,5,99,23,1,0,19500,1950,1,0,0,0,0x008C3C93,Lao-Shan Scale+,0x008E7AC7,A dark red Lao-Shan scale.\nIts toughness rivals that\nof a flying wyvern shell.
980,4,5,99,52,10,0,28000,2800,1,0,0,0,0x008C3CA3,Gaoren Carapace,0x008E7B16,"Carved from Shen Gaoren.\nShaped by time, this shell\nis harder than even metal."
981,4,5,99,52,10,0,60000,6000,1,0,0,0,0x008C3CB3,Gaoren Thoracic,0x008E7B65,A hard Shen Gaoren shell.\nIts strength makes the beast\na walking fortress.
982,4,5,99,32,1,0,16000,1600,1,0,0,0,0x008C3CC3,Fire Dragon Wbng,0x008E7BB0,Wing webbing carved from a\nfire dragon. A marvelous\nmaterial with many uses.
983,4,5,99,9,2,0,45000,4500,1,0,0,0,0x008C3CD4,Dragonmoss+,0x008E7BFD,The miraculous power of\nthis material can raise the\nquality of crafted goods.
984,4,5,99,9,2,0,18000,1800,1,0,0,0,0x008C3CE0,Dragonwood+,0x008E7C4B,Shining Dragonwood. Its\nbeauty can be transferred\nto equipment.
985,3,4,99,23,4,0,4900,490,1,0,0,0,0x008C3CEC,Tigrex Scale,0x008E7C8B,Scale from the incredibly\nviolent Tigrex. Incredibly\nmassive and sturdy.
986,4,5,99,23,4,0,14700,1470,1,0,0,0,0x008C3CF9,Tigrex Scale+,0x008E7CD4,A flawless Tigrex scale.\nCan be fastened with others\nto become harder than steel.
987,3,4,99,9,4,0,6500,650,1,0,0,0,0x008C3D07,Tigrex Shell,0x008E7D26,A hard Tigrex shell capable\nof repelling any impact.\nExtreme tenacity.
988,4,5,99,9,4,0,19500,1950,1,0,0,0,0x008C3D14,Tigrex Carapace,0x008E7D6D,A material hardened by the\nsands of time. Sharp edges\nshow the Tigrex's ferocity.
989,4,5,99,9,4,0,12000,1200,1,0,0,0,0x008C3D24,Tigrex Tail,0x008E7DBF,This flexible and strong\ntail can be used to forge\ngreat equipment.
990,4,5,99,31,4,0,7000,700,1,0,0,0,0x008C3D30,Tigrex Claw,0x008E7E03,A vicious foreclaw unique\nto the Tigrex. Other flying\nwyverns do not have it.
991,4,5,99,31,4,0,21000,2100,1,0,0,0,0x008C3D3C,Tigrex Claw+,0x008E7E51,A claw that time has\nsharpened into a horrible\ndeath sentence for prey.
992,4,5,99,31,4,0,6000,600,1,0,0,0,0x008C3D49,Tigrex Fang,0x008E7E99,A terrifying fang used to\ncrush prey. Makes all who\nsee it quiver in fear.
993,4,5,99,31,4,0,18000,1800,1,0,0,0,0x008C3D55,Tigrex Fang+,0x008E7EE4,The sharp fang of a Tigrex.\nThese fangs can cut any prey\nto shreds.
994,4,5,99,9,4,0,25500,2550,1,0,0,0,0x008C3D62,Tigrex Scalp,0x008E7F28,"A part of the Tigrex's head.\nLooks terrifying, as if it\nis still alive."
995,4,5,99,23,10,0,42720,4272,1,0,0,0,0x008C3D6F,Akantor Scale+,0x008E7F70,A splendid scale with a\nfaint glow. Requires cooling\nafter all that time in lava.
996,4,5,99,9,10,0,55800,5580,1,0,0,0,0x008C3D7E,Akantor Carapace,0x008E7FC2,"Shining Akantor Shell.\nExceptionally hard, and thus\ndifficult to craft."
997,4,5,99,9,10,0,93120,9312,1,0,0,0,0x008C3D8F,Akantor Tail,0x008E800A,The large rock-like tail of\nan Akantor. Strong enough to\ngouge the earth.
998,4,5,99,31,10,0,64080,6408,1,0,0,0,0x008C3D9C,Akantor Hardclaw,0x008E8054,Hard Akantor claw that can\nsmash bedrock. Its victims\nare left unrecognizable.
999,4,5,99,31,10,0,95000,9500,1,0,0,0,0x008C3DAD,Akantor Tallfang,0x008E80A3,Huge fang that can pierce\nthe heavens. It has passed\nthrough many foes.
1000,4,5,99,31,10,0,102300,10230,1,0,0,0,0x008C3DBE,Akantor Spike,0x008E80EB,A flawless spike from an\nAkantor. It can easily scar\nrock.
1001,3,4,99,9,7,0,2500,250,1,0,0,0,0x008C3DCC,Hypno Pelt,0x008E8126,"The pelt of a Hypnocatrice.\nStrong, supple, and vivid\norange in hue."
1002,3,4,99,31,7,0,3000,300,1,0,0,0,0x008C3DD7,Hypno Claw,0x008E816B,A hard to break claw with a \ndull black luster. Used to\ndecorate equipment.
1003,4,5,99,23,7,0,7000,700,1,0,0,0,0x008C3DE2,Rainbow Quill,0x008E81B7,An iridescent tail feather.\nWidely used as a decoration\nand beloved by young nobles.
1004,4,5,99,10,7,0,7000,700,1,0,0,0,0x008C3DF0,Hypno Beak,0x008E820C,An intricately shaped beak. \nIts unique form is beloved\nby certain hunters.
1005,4,5,99,27,0,0,15000,1500,1,0,0,0,0x008C3DFB,Hypno Bezoar,0x008E8258,"A stone swallowed to aid\ndigestion, now turned into\na clear, radiant crystal."
1006,3,4,99,9,7,0,3500,350,1,0,0,0,0x008C3E08,Hypno Pelt+,0x008E82A6,An outstandingly beautiful\nHypnocatrice pelt. Used as\na crafting material.
1007,4,5,99,10,7,0,10000,1000,1,0,0,0,0x008C3E14,Hypno Beak+,0x008E82F1,A well-shaped beak that\nboasts fang-like sharpness\nand exceptional toughness.
1008,3,4,99,31,7,0,5000,500,1,0,0,0,0x008C3E20,Hypno Claw+,0x008E833F,"A quality claw carved from\na Hypnocatrice. Razor sharp,\nhard, and lustrous."
1009,4,5,99,27,0,0,30000,3000,1,0,0,0,0x008C3E2C,Hypno Bezoar+,0x008E838B,"A pure, beautifully shaped\nbezoar. A treasure coveted\nby noble ladies."
1010,3,4,99,9,3,0,4000,400,1,0,0,0,0x008C3E3A,Blue Hypno Pelt,0x008E83D2,Vibrant blue feathers grown\nto attract a mate. Found on\nVivid Hypnocatrice.
1011,3,4,99,9,3,0,10000,1000,1,0,0,0,0x008C3E4A,Blue Hypno Pelt+,0x008E841E,A top-quality pelt carved\nfrom a Vivid Hypnocatrice.\nPerfect for crafting gear.
1012,3,4,99,23,4,0,5000,500,1,0,0,0,0x008C3E5B,Lavasioth Scale,0x008E846E,A golden Lavasioth scale.\nCapable of withstanding\nboiling hot lava.
1013,3,4,99,9,10,0,9500,950,1,0,0,0,0x008C3E6B,Lavasioth Shell,0x008E84B2,"A carapace encrusted with\nhardened minerals, making\nfor excellent armor."
1014,3,4,99,31,10,0,7000,700,1,0,0,0,0x008C3E7B,Lavasioth Fang,0x008E84FB,The fang of a Lavasioth.\nStrong enough to crush\ncrustaceans with ease.
1015,4,5,99,9,4,0,9200,920,1,0,0,0,0x008C3E8A,Lavasioth Fin,0x008E8542,A fin with a naturally\nrazor sharp edge. Prized\nas a weapon material.
1016,4,5,99,23,4,0,19800,1980,1,0,0,0,0x008C3E98,Lavasioth Scale+,0x008E8588,A superior Lavasioth scale.\nThe encrusted lava leaves\nbehind a gold sheen.
1017,4,5,99,9,10,0,26500,2650,1,0,0,0,0x008C3EA9,Lavasioth Cpc,0x008E85D3,"A shell encrusted with rare,\nhardened ore. Even wyverns\nstruggle to scratch it."
1018,4,5,99,31,10,0,13500,1350,1,0,0,0,0x008C3EB7,Lavasioth Fang+,0x008E8623,A sharp Lavasioth fang.\nIts size is unusual for a \npiscine wyvern.
1019,4,5,99,9,4,0,29800,2980,1,0,0,0,0x008C3EC7,Lavasioth Fin+,0x008E8666,A quality fin sharpened into\na virtual weapon due to the\nlava's heat.
1020,4,5,99,37,0,0,0,0,6,0,0,0,0x008C3ED6,Accord Ticket,0x008E86AC,A ticket given to hunters\nbound by an unbreakable\nfriendship.
1021,4,5,99,34,7,0,0,0,6,0,0,0,0x008C3EE4,Bronze N Medal,0x008E86EA,"A bronze medal made of rare\nore. Inscribed with a ""N""-\nshaped mark."
1022,4,5,99,34,10,0,0,0,6,0,0,0,0x008C3EF3,Silver N Medal,0x008E872E,"A silver medal made of rare\nore. Inscribed with a ""N""-\nshaped mark.\n"
1023,4,5,99,34,4,0,0,0,6,0,0,0,0x008C3F02,Gold N Medal,0x008E8773,"A gold medal made of rare\nore. Inscribed with a ""N""-\nshaped mark.\n"
1024,4,5,99,37,2,0,0,0,6,0,0,0,0x008C3F0F,Neodymium Note,0x008E87B6,"A fragment of a long lost\ncrafting tome, known only\nby the name ""Neodymium""."
1025,4,5,99,37,6,0,0,0,6,0,0,0,0x008C3F1E,Mercury Note,0x008E8803,"A fragment of a long lost\ncrafting tome, known only\nby the name ""Mercury""."
1026,4,5,99,37,2,0,0,0,6,0,0,0,0x008C3F2B,Clan Ticket,0x008E884E,A ticket used as currency\nin the Clan Hall. Mainly\nobtained from Clan Quests.
1027,4,5,99,34,10,0,10000,0,0,0,0,0,0x008C3F37,BlackMarketCoin,0x008E889C,"A coin sold sold at a fixed\nprice on the black market.\nAlso known as ""The Goods""."
1028,1,2,99,14,0,0,0,0,8,0,0,0,0x008C3F47,RuggedWhtFabric,0x000EE027,肌触りも良く、吸収性も高い\n白い布地。ジャンルを問わず、\nいろいろな服に利用が可能。
1029,1,2,99,27,4,0,0,0,8,0,0,0,0x008C3F57,Costume Parts,0x000EE07A,服と相性の良いアクセサリー\nを作るのに必要な素材。軽く\nてキレイな仕上がりになる。
1030,1,2,99,14,10,0,0,0,8,0,0,0,0x008C3F65,Striped Fabric,0x000EE0CB,規則正しい縞模様に織られた\n布地。他の布地と合わせるこ\nとで、色が替えられる。
1031,1,2,99,14,2,0,0,0,8,0,0,0,0x008C3F74,Green Fabric,0x000EE118,深い緑をした布地。祭に参加\nした者でないと作ってもらえ\nない、こだわりの限定品。
1032,1,2,99,24,7,0,0,0,8,0,0,0,0x008C3F81,Fluffing Liquid,0x000EE167,特殊な技法により、布地をフワ\nフワのモフモフにする。\n爆発で行っているとの噂が。
1033,1,2,99,14,10,0,0,0,8,0,0,0,0x008C3F91,Black Fabric,0x000EE1B6,ツルツルとした肌触りで、質\nの高さもうなずける黒い布地。\n主に特別な服に使用される。
1034,1,2,99,14,3,0,0,0,8,0,0,0,0x008C3F9E,Blue Fabric,0x000EE209,明るめの青い布地。伸縮性に\n優れ、サイズに多少無理が\nあっても、着れる服が作れる。
1035,1,2,99,14,8,0,0,0,8,0,0,0,0x008C3FAA,Pink Fabric,0x000EE25A,優しい桃色をした布地。簡単\nな必要素材ではないが、幅広い\n年齢層から支持のある布地。
1036,3,4,99,37,4,0,0,0,6,0,0,0,0x008C3FB6,Clan Ticket X,0x008E88EE,Awarded for completing an\nExtra Quest. Master Tool\nmight have a use for it...
1037,4,5,99,9,1,0,15000,1500,1,0,0,0,0x008C3FC4,R.Lavasioth Shl,0x008E893C,The shell that covers a Red\nLavasioth's body. Contains\na heat-emitting mineral.
1038,4,5,99,31,1,0,11000,1100,1,0,0,0,0x008C3FD4,R.Lavasioth Fang,0x008E898C,A fang capable of enduring\nscorching magma and crushing\njust about anything.
1039,4,5,99,9,1,0,14000,1400,1,0,0,0,0x008C3FE5,R.Lavasioth Fin,0x008E89D9,A fin from a Red Lavasioth.\nIts sharpness makes it a\npopular weapon material.
1040,4,5,99,9,1,0,40000,4000,1,0,0,0,0x008C3FF5,R.Lavasioth Cpc,0x008E8A27,"Contains a rare mineral\nthat emits a searing heat,\nburning anyone nearby."
1041,4,5,99,31,1,0,20000,2000,1,0,0,0,0x008C4005,R.Lavasio Fang+,0x008E8A71,"A Red Lavasioth fang. Sharp\nand strong, not even wyvern\nshells can withstand it."
1042,4,5,99,9,1,0,45000,4500,1,0,0,0,0x008C4015,R.Lavasioth Fin+,0x008E8AC2,"A top-class weapon material.\nVery sharp, so great care\nmust be taken when crafting."
1043,4,5,99,37,8,0,0,0,6,0,0,0,0x008C4026,Pink Ticket,0x008E8B16,A ticket depicting a Vivid\nHypnocatrice. Use it to add\ncolor to various creations.  
1044,4,5,99,37,1,0,0,0,0,0,0,0,0x008C4032,Christmas Card,0x008E8B6B,A mysterious card received\nfrom a time-limited Quest.\nMerry Christmas!
1045,4,5,99,34,0,0,0,0,0,0,0,0,0x008C4041,N.Year Gift (Rat),0x008E8BB2,"A bag received on New Year's\nEve. Filled with something,\nbut definitely not zenny."
1046,4,5,99,23,2,0,17500,1750,1,0,0,0,0x008C4053,Espinas Scale,0x008E8C05,"The scale of an Espinas.\nDespite its countless scars,\nits toughness is unmatched."
1047,4,5,99,9,2,0,20000,2000,1,0,0,0,0x008C4061,Espinas Carapace,0x008E8C57,An exceptionally tough\nEspinas shell. Breaking\nit is no easy task.
1048,4,5,99,9,1,0,35000,3500,1,0,0,0,0x008C4072,Espinas Spike,0x008E8C9A,A toxic spike that serves\nas both armor and weapon\nfor the Espinas.
1049,4,5,99,9,2,0,100000,10000,1,0,0,0,0x008C4080,Espinas Scalp,0x008E8CDE,"A fragment of the Espinas's\nhead. Its presence remains\noverwhelming, even in death."
1050,4,5,99,9,2,0,42000,4200,1,0,0,0,0x008C408E,Espinas Tail,0x008E8D32,The tail of an Espinas. Its\ncountless spikes still carry\na deadly poison.
1051,4,5,99,1,1,0,100000,10000,1,0,0,0,0x008C409B,Espinas Ruby,0x008E8D7C,"A gem that glows a vivid \ncrimson, as if reflecting\nits previous owner's rage."
1052,4,5,99,31,1,0,42000,4200,1,0,0,0,0x008C40A8,Espinas Horn,0x008E8DCB,The pride of the Espinas.\nA hard to craft horn steeped\nin a miasma of death.
1053,4,5,99,23,7,0,21000,2100,1,0,0,0,0x008C40B5,F.Espinas Scale+,0x008E8E18,"A scale made up of hardened\nlayers, reminiscent of a\ntree's growth rings."
1054,4,5,99,9,7,0,24000,2400,1,0,0,0,0x008C40C6,F.Espinas Cpc,0x008E8E62,A tough shell with a deep\nhue. Its color evokes the\nimage of an ancient tree.
1055,4,5,99,9,7,0,42000,4200,1,0,0,0,0x008C40D4,F.Espinas Spike+,0x008E8EB0,A Flaming Espinas spike.\nIts color and rough texture\nmake it stand out.
1056,4,5,99,9,7,0,60000,6000,1,0,0,0,0x008C40E5,F.Espinas Scalp,0x008E8EF8,A Flaming Espinas scalp.\nAs threatening in death\nas it was in life.
1057,4,5,99,9,7,0,50400,5040,1,0,0,0,0x008C40F5,F.Espinas Tail,0x008E8F3C,A Flaming Espinas tail. The\nvenom within could knock out\na thousand Velociprey.
1058,4,5,99,1,1,0,60000,6000,1,0,0,0,0x008C4104,F.Espinas Ruby,0x008E8F8C,A blood red Flaming Espinas\nruby. Occasionally compared\nto heartwood.
1059,4,5,99,31,1,0,50400,5040,1,0,0,0,0x008C4113,F.Espinas Horn+,0x008E8FD2,A Flaming Espinas horn. The\nbiggest and most venomous of\nall its thorns.
1060,4,5,99,24,10,0,75000,7500,1,0,0,0,0x008C4123,F.Espinas Acid,0x008E901B,"A dense, corrosive acid from\nthe Flaming Espinas. Used to\nprocess equipment."
1061,4,5,99,52,10,0,24000,2400,0,0,0,0,0x008C4132,Vashim Carapace,0x008E9068,A shell made of the same\ncrystal as the Aqra Vashim.\nShows signs of past repair.
1062,4,5,99,31,10,0,42000,4200,0,0,0,0,0x008C4142,Vashim Claw+,0x008E90B9,A sharp claw to rival that\nof a Ceanataur. Emits an\nominous glow.
1063,4,5,99,52,10,0,42000,4200,0,0,0,0,0x008C414F,Vashim Jaw,0x008E90FB,"A large jaw capable of\ncrunching ore, yet used\nsolely for eating."
1064,4,5,99,27,0,0,36000,3600,0,0,0,0,0x008C415A,Vashim Crystal,0x008E913D,"A volatile, crystallized\nfluid secreted from the\nAqra Vashim's tail glands."
1065,4,5,99,52,10,0,96000,9600,0,0,0,0,0x008C4169,Vashim Tail+,0x008E9189,A flexible Aqra Vashim tail.\nUsed to strike targets with\nrelentless blows.
1066,4,5,99,24,0,0,100000,10000,0,0,0,0,0x008C4176,Wht Vashim Fluid,0x008E91D4,The lifeblood of an Aqra\nVashim. Its color does not\nchange upon extraction.
1067,4,5,99,24,4,0,200000,20000,0,0,0,0,0x008C4187,Ylw Vashim Fluid,0x008E9220,The lifeblood of an Aqra\nVashim. Its color does not\nchange upon extraction.
1068,4,5,99,24,3,0,300000,30000,0,0,0,0,0x008C4198,Blu Vashim Fluid,0x008E926C,The lifeblood of an Aqra\nVashim. Its color does not\nchange upon extraction.
1069,4,5,99,24,1,0,400000,40000,0,0,0,0,0x008C41A9,Red Vashim Fluid,0x008E92B8,The lifeblood of an Aqra\nVashim. Its color does not\nchange upon extraction.
1070,4,5,10,24,4,0,250,25,4,0,0,0,0x008C41BA,Stamina Drink N,0x008E9304,"A beverage that restores\nStamina. The bottle bears\nan ""N""-shaped mark."
1071,4,5,99,9,0,0,14000,1400,1,0,0,0,0x008C41CA,Wht Hypno Pelt+,0x008E934B,"A top-quality pelt from a\nrare Hypnocatrice, tinged\nwith a beautiful blue hue."
1072,4,5,99,23,0,0,20000,2000,1,0,0,0,0x008C41DA,Silver Quill,0x008E939A,A silvery tail feather.\nPrized as a decoration and\nbeloved by noblewomen.
1073,4,5,99,10,0,0,24000,2400,1,0,0,0,0x008C41E7,White Hypno Beak,0x008E93E4,"A platinum beak with an icy,\nkeen edge. Used to exhale a\npotent sleep-inducing gas."
1074,4,5,99,37,2,0,0,0,0,0,0,0,0x008C41F8,Bug Repeller Tkt,0x008E9438,Instructions on making a\nPoogie Bug Repellent. Bring\nthem to the Furniture Store!
1075,4,5,99,27,1,0,0,0,3,0,0,0,0x008C4209,Red Portite,0x008E948A,One of the minerals created\naround Mezeporta. Contains\ncrystals of various colors.
1076,4,5,99,27,3,0,0,0,3,0,0,0,0x008C4215,Blue Portite,0x008E94DD,One of the minerals created\naround Mezeporta. Contains\ncrystals of various colors.
1077,4,5,99,27,10,0,0,0,3,0,0,0,0x008C4222,Black Portite,0x008E9530,One of the minerals created\naround Mezeporta. Contains\ncrystals of various colors.
1078,4,5,99,27,0,0,0,0,3,0,0,0,0x008C4230,White Portite,0x008E9583,One of the minerals created\naround Mezeporta. Contains\ncrystals of various colors.
1079,4,5,99,27,6,0,0,0,3,0,0,0,0x008C423E,Clear Portite,0x008E95D6,One of the minerals created\naround Mezeporta. Contains\ncrystals of various colors.
1080,4,5,99,27,5,0,0,0,3,0,0,0,0x008C424C,Purple Portite,0x008E9629,One of the minerals created\naround Mezeporta. Contains\ncrystals of various colors.
1081,4,5,99,27,7,0,0,0,3,0,0,0,0x008C425B,Rainbow Portite,0x008E967C,One of the minerals created\naround Mezeporta. Contains\ncrystals of various colors.
1082,4,5,99,37,3,0,0,0,6,0,0,0,0x008C426B,Gratitude Ticket,0x008E96CF,A token of gratitude given\nto hunters who have long\nventured into the unknown.
1083,4,5,99,37,0,0,0,0,6,0,0,0,0x008C427C,Drama Ticket,0x008E971E,Instructions on forging a\ndrama mask. Bring them to\nthe Smithy!
1084,4,5,99,37,0,0,0,0,6,0,0,0,0x008C4289,Strega Edge Tkt,0x008E975E,Instructions on forging the\nStrega Edge. Bring them to\nthe Smithy!
1085,4,5,99,27,10,0,0,0,3,0,0,0,0x008C4299,Old Material,0x000EEDE7,古びた石の塊に見えるが、\n普通の石とは違う硬さと重さ\nを備える。
1086,4,5,99,37,1,0,0,0,6,0,0,0,0x008C42A6,Memorial Ticket,0x008E97A1,A ticket given to hunters\nwho've ventured into the\nunknown for the first time.
1087,4,5,99,27,0,0,0,0,3,0,0,0,0x008C42B6,Crystal Shard,0x008E97F0,A piece of crystal from the\nAqra Vashim.
1088,4,5,99,27,3,0,12000,1200,1,0,0,0,0x008C42C4,Carapaceolite,0x008E9819,An ore made by Carapaceons.\nOften used as a decoration.
1089,4,5,99,27,3,0,24000,2400,1,0,0,0,0x008C42D2,Carapaceolite+,0x008E9851,An ore made by Carapaceons.\nOften used as a decoration.
1090,4,5,99,27,3,0,36000,3600,1,0,0,0,0x008C42E1,Pure Cpceolite,0x008E9889,An ore made by Carapaceons.\nOften used as a decoration.
1091,4,5,99,37,0,0,0,0,6,0,0,0,0x008C42F0,Success Ticket,0x008E98C1,A certificate awarded to\nhunters who've completed\nthe Instructor's trials.
1092,4,5,99,1,7,0,0,0,8,0,0,0,0x008C42FF,Fatherly Hope,0x008E990C,An amulet-shaped pouch.\nThere seems to be something\nglowing inside.
1093,4,5,99,1,2,0,0,0,8,0,0,0,0x008C430D,Filial Memory,0x008E9950,An amulet-shaped pouch.\nThere seems to be something\nwarm inside.
1094,4,5,99,1,1,0,0,0,8,0,0,0,0x008C431B,Familial Bond,0x008E9991,An amulet-shaped pouch.\nIts contents feel absolutely\npriceless.
1095,4,5,99,27,0,0,0,0,0,0,0,0,0x008C4329,First Heart,0x000EF0A1,ある熟練ハンターの、家族や\n仲間に対する思慕の念。命を\n賭してでも守り抜く心意気。
1096,4,5,99,27,4,0,0,0,0,0,0,0,0x008C4335,Unrequited Soul,0x000EF0F2,その腕ひとつで荒波のような\n現世を渡り歩く、ある男の意\n地。己の進む道を切り拓く。
1097,4,5,99,27,1,0,0,0,0,0,0,0,0x008C4345,Bancho Ticket,0x000EF143,仁義を貫き通し、己の道をひ\nたすらに突き進む信念を持つ\n者の証。燃えるように熱い。
1098,4,5,99,34,10,0,0,0,0,0,0,0,0x008C4353,Black N Medal,0x008E99D1,"A black medal made of rare\nore. Inscribed with a ""N""-\nshaped mark."
1099,4,5,99,34,0,0,0,0,0,0,0,0,0x008C4361,White N Medal,0x008E9A14,"A white medal made of rare\nore. Inscribed with a ""N""-\nshaped mark."
1100,4,5,99,34,10,0,0,0,0,0,0,0,0x008C436F,Gray N Medal,0x008E9A57,"A gray medal made of rare\nore. Inscribed with a ""N""-\nshaped mark."
1101,4,5,99,37,0,0,10000,0,8,0,0,0,0x008C437C,Artisan's Will,0x000EF257,飽く事なく技を鍛え上げる匠\nに宿る根性。一度こうと決め\nたら、音をあげることはない。
1102,4,5,99,37,4,0,5000,0,8,0,0,0,0x008C438B,Artisan's Soul,0x000EF2AA,使う人を考えたモノ作りの心。\nびっくりするほど、細やかな\n心遣いが、愛すら感じさせる。
1103,4,5,99,37,1,0,1000,0,0,0,0,0,0x008C439A,Artisan's Pride,0x000EF2FF,研き抜かれた腕に絶対の自信\nがある匠にのみ宿る意地。\nどんな難題もこなしてみせる。
1104,6,7,10,43,5,0,100000,100,7,125,0,0,0x008C43AA,Handicrft Jwl SP,0x008E9A99,A skill-rich Decoration that\ncan only be attached to SP\nArmor.
1105,6,7,10,43,3,0,100000,100,7,126,0,0,0x008C43BB,Recoil Jewel SP,0x008E9AD8,A skill-rich Decoration that\ncan only be attached to SP\nArmor.
1106,6,7,10,43,1,0,100000,100,7,127,0,0,0x008C43CB,Attack Jewel SP,0x008E9B17,A skill-rich Decoration that\ncan only be attached to SP\nArmor.
1107,6,7,10,43,6,0,100000,100,7,128,0,0,0x008C43DB,Razor Jewel SP,0x008E9B56,A skill-rich Decoration that\ncan only be attached to SP\nArmor.
1108,6,7,10,43,0,0,100000,100,7,129,0,0,0x008C43EA,Wind Res Jwl SP,0x008E9B95,A skill-rich Decoration that\ncan only be attached to SP\nArmor.
1109,6,7,10,43,4,0,100000,100,7,130,0,0,0x008C43FA,Grinder Jewel SP,0x008E9BD4,A skill-rich Decoration that\ncan only be attached to SP\nArmor.
1110,6,7,10,43,0,0,100000,100,7,131,0,0,0x008C440B,Ammosmith Jwl SP,0x008E9C13,A skill-rich Decoration that\ncan only be attached to SP\nArmor.
1111,6,7,10,43,4,0,100000,100,7,132,0,0,0x008C441C,Capacity Jwl SP,0x008E9C52,A skill-rich Decoration that\ncan only be attached to SP\nArmor.
1112,6,7,10,43,6,0,100000,100,7,133,0,0,0x008C442C,Quickload Jwl SP,0x008E9C91,A skill-rich Decoration that\ncan only be attached to SP\nArmor.
1113,6,7,10,43,4,0,100000,100,7,134,0,0,0x008C443D,Truesight Jwl SP,0x008E9CD0,A skill-rich Decoration that\ncan only be attached to SP\nArmor.
1114,6,7,10,43,3,0,100000,100,7,135,0,0,0x008C444E,Steadfast Jwl SP,0x008E9D0F,A skill-rich Decoration that\ncan only be attached to SP\nArmor.
1115,6,7,10,43,5,0,100000,100,7,136,0,0,0x008C445F,Stealth Jewel SP,0x008E9D4E,A skill-rich Decoration that\ncan only be attached to SP\nArmor.
1116,6,7,10,43,5,0,100000,100,7,137,0,0,0x008C4470,Antivirus Jwl SP,0x008E9D8D,A skill-rich Decoration that\ncan only be attached to SP\nArmor.
1117,6,7,10,43,5,0,100000,100,7,138,0,0,0x008C4481,Alchemist Jwl SP,0x008E9DCC,A skill-rich Decoration that\ncan only be attached to SP\nArmor.
1118,6,7,10,43,6,0,100000,100,7,139,0,0,0x008C4492,Expert Jewel+,0x008E9E0B,A Decoration for experts\nenchanted by rich skill\ncombinations.
1119,6,7,10,43,3,0,100000,100,7,140,0,0,0x008C44A0,Defense Jewel+,0x008E9E4A,A Decoration for experts\nenchanted by rich skill\ncombinations.
1120,6,7,10,43,6,0,100000,100,7,141,0,0,0x008C44AF,Razor Jewel+,0x008E9E89,A Decoration for experts\nenchanted by rich skill\ncombinations.
1121,6,7,10,43,6,0,100000,100,7,142,0,0,0x008C44BC,Mindful Jewel+,0x008E9EC8,A Decoration for experts\nenchanted by rich skill\ncombinations.
1122,6,7,10,43,5,0,100000,100,7,143,0,0,0x008C44CB,Antidote Jewel+,0x008E9F07,A Decoration for experts\nenchanted by rich skill\ncombinations.
1123,6,7,10,43,3,0,100000,100,7,144,0,0,0x008C44DB,Steadfast Jewel+,0x008E9F46,A Decoration for experts\nenchanted by rich skill\ncombinations.
1124,6,7,10,43,3,0,100000,100,7,145,0,0,0x008C44EC,Earplug Jewel+,0x008E9F85,A Decoration for experts\nenchanted by rich skill\ncombinations.
1125,6,7,10,43,4,0,100000,100,7,146,0,0,0x008C44FB,Maestro Jewel+,0x008E9FC4,A Decoration for experts\nenchanted by rich skill\ncombinations.
1126,6,7,10,43,8,0,100000,100,7,147,0,0,0x008C450A,Escape Jewel+,0x008EA003,A Decoration for experts\nenchanted by rich skill\ncombinations.
1127,6,7,10,43,1,0,100000,100,7,148,0,0,0x008C4518,Kickboxer Jewel+,0x008EA042,A Decoration for experts\nenchanted by rich skill\ncombinations.
1128,6,7,10,43,1,0,100000,100,7,149,0,0,0x008C4529,Hurler Jewel+,0x008EA081,A Decoration for experts\nenchanted by rich skill\ncombinations.
1129,6,7,10,43,6,0,100000,100,7,150,0,0,0x008C4537,Gambler Jewel+,0x008EA0C0,A Decoration for experts\nenchanted by rich skill\ncombinations.
1130,6,7,10,43,3,0,100000,100,7,151,0,0,0x008C4546,Acrobat Jewel+,0x008EA0FF,A Decoration for experts\nenchanted by rich skill\ncombinations.
1131,6,7,10,43,1,0,100000,100,7,152,0,0,0x008C4555,Psychic Jewel+,0x008EA13E,A Decoration for experts\nenchanted by rich skill\ncombinations.
1132,6,7,10,43,7,0,100000,100,7,153,0,0,0x008C4564,Pressure Jewel+,0x008EA17D,A Decoration for experts\nenchanted by rich skill\ncombinations.
1133,6,7,10,43,1,0,100000,100,7,154,0,0,0x008C4574,Capture Jewel+,0x008EA1BC,A Decoration for experts\nenchanted by rich skill\ncombinations.
1134,6,7,10,43,10,0,100000,100,7,155,0,0,0x008C4583,Potential Jwl SP,0x008EA1FB,A skill-rich Decoration that\ncan only be attached to SP\nArmor.
1135,6,7,10,43,0,0,100000,100,7,156,0,0,0x008C4594,Forceshot Jwl SP,0x008EA23A,A skill-rich Decoration that\ncan only be attached to SP\nArmor.
1136,6,7,10,43,0,0,100000,100,7,157,0,0,0x008C45A5,Pierce Jewel SP,0x008EA279,A skill-rich Decoration that\ncan only be attached to SP\nArmor.
1137,6,7,10,43,0,0,100000,100,7,158,0,0,0x008C45B5,Pellet Jewel SP,0x008EA2B8,A skill-rich Decoration that\ncan only be attached to SP\nArmor.
1138,6,7,10,43,3,0,100000,100,7,159,0,0,0x008C45C5,Enduring Jwl SP,0x008EA2F7,A skill-rich Decoration that\ncan only be attached to SP\nArmor.
1139,6,7,10,43,4,0,100000,100,7,160,0,0,0x008C45D5,Hungrless Jwl SP,0x008EA336,A skill-rich Decoration that\ncan only be attached to SP\nArmor.
1140,6,7,10,43,1,0,100000,100,7,161,0,0,0x008C45E6,Gobbler Jewel SP,0x008EA375,A skill-rich Decoration that\ncan only be attached to SP\nArmor.
1141,6,7,10,43,3,0,100000,100,7,162,0,0,0x008C45F7,Bulwark Jewel SP,0x008EA3B4,A skill-rich Decoration that\ncan only be attached to SP\nArmor.
1142,6,7,10,43,7,0,100000,100,7,163,0,0,0x008C4608,Sprinter Jwl SP,0x008EA3F3,A skill-rich Decoration that\ncan only be attached to SP\nArmor.
1143,6,7,10,43,4,0,100000,100,7,164,0,0,0x008C4618,Tectonic Jwl SP,0x008EA432,A skill-rich Decoration that\ncan only be attached to SP\nArmor.
1144,6,7,10,43,8,0,100000,100,7,165,0,0,0x008C4628,Precision Jwl SP,0x008EA471,A skill-rich Decoration that\ncan only be attached to SP\nArmor.
1145,6,7,10,43,4,0,100000,100,7,166,0,0,0x008C4639,Antipara Jwl SP,0x008EA4B0,A skill-rich Decoration that\ncan only be attached to SP\nArmor.
1146,6,7,10,43,6,0,100000,100,7,167,0,0,0x008C4649,Wayfarer Jwl SP,0x008EA4EF,A skill-rich Decoration that\ncan only be attached to SP\nArmor.
1147,6,7,10,43,3,0,100000,100,7,168,0,0,0x008C4659,Protectn Jwl SP,0x008EA52E,A skill-rich Decoration that\ncan only be attached to SP\nArmor.
1148,6,7,10,43,0,0,100000,100,7,169,0,0,0x008C4669,Snowball Jwl SP,0x008EA56D,A skill-rich Decoration that\ncan only be attached to SP\nArmor.
1149,6,7,10,43,1,0,100000,100,7,170,0,0,0x008C4679,Throwing Jwl SP,0x008EA5AC,A skill-rich Decoration that\ncan only be attached to SP\nArmor.
1150,6,7,10,43,3,0,100000,100,7,171,0,0,0x008C4689,Auto-Guard Jwl+,0x008EA5EB,A Decoration for experts\nenchanted by rich skill\ncombinations.
1151,6,7,10,43,6,0,100000,100,7,172,0,0,0x008C4699,Vocal Jewel+,0x008EA62A,A Decoration for experts\nenchanted by rich skill\ncombinations.
1152,6,7,10,43,5,0,100000,100,7,173,0,0,0x008C46A6,Professor Jewel+,0x008EA669,A Decoration for experts\nenchanted by rich skill\ncombinations.
1153,6,7,10,43,8,0,100000,100,7,174,0,0,0x008C46B7,Bond Jewel+,0x008EA6A8,A Decoration for experts\nenchanted by rich skill\ncombinations.
1154,6,7,10,43,2,0,100000,100,7,175,0,0,0x008C46C3,Resistnce Jwl SP,0x008EA6E7,A skill-rich Decoration that\ncan only be attached to SP\nArmor.
1155,6,7,10,43,5,0,100000,100,7,176,0,0,0x008C46D4,Drgn Res Jwl SP,0x008EA726,A skill-rich Decoration that\ncan only be attached to SP\nArmor.
1156,6,7,10,43,1,0,100000,100,7,177,0,0,0x008C46E4,Vitality Jwl SP,0x008EA765,A skill-rich Decoration that\ncan only be attached to SP\nArmor.
1157,6,7,10,43,2,0,100000,100,7,178,0,0,0x008C46F4,Recovery Jwl SP,0x008EA7A4,A skill-rich Decoration that\ncan only be attached to SP\nArmor.
1158,6,7,10,43,8,0,100000,100,7,179,0,0,0x008C4704,Transprtr Jwl SP,0x008EA7E3,A skill-rich Decoration that\ncan only be attached to SP\nArmor.
1159,6,7,10,43,6,0,100000,100,7,180,0,0,0x008C4715,Fishing Jewel SP,0x008EA822,A skill-rich Decoration that\ncan only be attached to SP\nArmor.
1160,6,7,10,43,6,0,100000,100,7,181,0,0,0x008C4726,Heat Res Jwl SP,0x008EA861,A skill-rich Decoration that\ncan only be attached to SP\nArmor.
1161,6,7,10,43,7,0,100000,100,7,182,0,0,0x008C4736,Cold Res Jwl SP,0x008EA8A0,A skill-rich Decoration that\ncan only be attached to SP\nArmor.
1162,6,7,10,43,5,0,100000,100,7,183,0,0,0x008C4746,Professor Jwl SP,0x008EA8DF,A skill-rich Decoration that\ncan only be attached to SP\nArmor.
1163,6,7,10,43,1,0,100000,100,7,184,0,0,0x008C4757,Gourmet Jwl SP,0x008EA91E,A skill-rich Decoration that\ncan only be attached to SP\nArmor.
1164,4,5,10,43,1,0,100,100,7,185,0,0,0x008C4766,Instructor Jwl 1,0x008EA95D,A special Decoration used\nin various events. Cannot\nbe crafted.
1165,4,5,10,43,1,0,100,100,7,186,0,0,0x008C4777,Instructor Jwl 2,0x008EA99D,A special Decoration used\nin various events. Cannot\nbe crafted.
1166,4,5,10,43,1,0,100,100,7,187,0,0,0x008C4788,Instructor Jwl 3,0x008EA9DD,A special Decoration used\nin various events. Cannot\nbe crafted.
1167,4,5,10,43,1,0,100,100,7,188,0,0,0x008C4799,Instructor Jwl 4,0x008EAA1D,A special Decoration used\nin various events. Cannot\nbe crafted.
1168,4,5,10,43,1,0,100,100,7,189,0,0,0x008C47AA,Instructor Jwl 5,0x008EAA5D,A special Decoration used\nin various events. Cannot\nbe crafted.
1169,2,3,1,36,0,0,500,0,0,0,0,0,0x008C47BB,Kamu Orgaron,0x008EAA9D,Monster List reference info\non the habits and ecology of\nKamu Orgaron.
1170,2,3,1,36,0,0,500,0,0,0,0,0,0x008C47C8,Nono Orgaron,0x008EAAE4,Monster List reference info\non the habits and ecology of\nNono Orgaron.
1171,2,3,1,36,0,0,500,0,0,0,0,0,0x008C47D5,Duragaua,0x008EAB2B,Monster List reference info\non the habits and ecology of\nDuragaua.
1172,2,3,1,36,0,0,500,0,0,0,0,0,0x008C47DE,Grenzebul,0x008EAB6E,Monster List reference info\non the habits and ecology of\nGrenzebul.
1173,2,3,1,36,0,0,500,0,0,0,0,0,0x008C47E8,Rukodiora,0x008EABB2,Monster List reference info\non the habits and ecology of\nRukodiora.
1174,2,3,1,36,0,0,500,0,0,0,0,0,0x008C47F2,Gogomoa,0x008EABF6,Monster List reference info\non the habits and ecology of\nGogomoa.
1175,2,3,1,36,0,0,500,0,0,0,0,0,0x008C47FA,Taikun Zamuza,0x008EAC38,Monster List reference info\non the habits and ecology of\nTaikun Zamuza.
1176,2,3,1,36,0,0,500,0,0,0,0,0,0x008C4808,Abiorg,0x008EAC80,Monster List reference info\non the habits and ecology of\nAbiorg.
1177,2,3,1,36,0,0,500,0,0,0,0,0,0x008C480F,Quarzeps,0x008EACC1,Monster List reference info\non the habits and ecology of\nQuarzeps.
1178,2,3,1,36,0,0,500,0,0,0,0,0,0x008C4818,Odibataurus,0x008EAD04,Monster List reference info\non the habits and ecology of\nOdibataurus.
1179,4,5,1,36,0,0,10,10,0,0,0,1,0x008C4824,Pokara & Pokaradon,0x008EAD4A,Monster list reference info\non the habits and ecology of\nPokara & Pokaradon.
1180,4,5,1,36,0,0,20,20,0,0,0,1,0x008C4837,Falnocatrice,0x008EAD97,Monster List reference info\non the habits and ecology of\nFalnocatrice.
1181,4,5,1,36,0,0,30,30,0,0,0,1,0x008C4844,Hyujikiki,0x008EADDE,Monster List reference info\non the habits and ecology of\nHyujikiki.
1182,4,5,1,36,0,0,40,40,0,0,0,1,0x008C484E,Midogaron,0x008EAE22,Monster List reference info\non the habits and ecology of\nMidogaron.
1183,3,4,99,0,0,0,0,0,0,0,0,1,0x000CA348,ダミー1183,0x0000276D,ダミー
1184,3,4,99,0,0,0,0,0,0,0,0,0,0x000CA353,ダミー1184,0x0000276D,ダミー
1185,4,5,1,36,0,0,5,5,0,0,0,1,0x008C4858,Shantien,0x008EAE66,Monster List reference info\non the habits and ecology of\nShantien.
1186,3,4,99,0,0,0,0,0,0,0,0,0,0x000CA371,ダミー1186,0x0000276D,ダミー
1187,3,4,99,0,0,0,0,0,0,0,0,0,0x000CA37C,ダミー1187,0x0000276D,ダミー
1188,0,1,1,0,0,0,0,0,0,0,0,0,0x008C4861,Monster Info,0x000DF952,dummy
1189,0,1,1,0,0,0,0,0,0,0,0,0,0x008C486E,Monster Info,0x000DF952,dummy
1190,0,1,1,0,0,0,0,0,0,0,0,0,0x008C487B,Monster Info,0x000DF952,dummy
1191,0,1,1,0,0,0,0,0,0,0,0,0,0x008C4888,Monster Info,0x000DF952,dummy
1192,0,1,1,0,0,0,0,0,0,0,0,0,0x008C4895,Monster Info,0x000DF952,dummy
1193,0,1,1,0,0,0,0,0,0,0,0,0,0x008C48A2,Monster Info,0x000DF952,dummy
1194,0,1,1,0,0,0,0,0,0,0,0,0,0x008C48AF,Monster Info,0x000DF952,dummy
1195,0,1,1,0,0,0,0,0,0,0,0,0,0x008C48BC,Monster Info,0x000DF952,dummy
1196,0,1,1,0,0,0,0,0,0,0,0,0,0x008C48C9,Monster Info,0x000DF952,dummy
1197,0,1,1,0,0,0,0,0,0,0,0,0,0x008C48D6,Monster Info,0x000DF952,dummy
1198,0,1,1,0,0,0,0,0,0,0,0,0,0x008C48E3,Monster Info,0x000DF952,dummy
1199,0,1,1,0,0,0,0,0,0,0,0,0,0x008C48F0,Monster Info,0x000DF952,dummy
1200,4,5,99,37,1,0,0,0,6,0,0,0,0x008C48FD,Tai Chi Stamp,0x000EF8FD,※開発用
1201,0,1,1,0,0,0,0,0,0,0,0,0,0x0000276D,ダミー,0x000DF952,dummy
1202,0,1,1,0,0,0,0,0,0,0,0,0,0x0000276D,ダミー,0x000DF952,dummy
1203,0,1,1,0,0,0,0,0,0,0,0,0,0x0000276D,ダミー,0x000DF952,dummy
1204,0,1,1,0,0,0,0,0,0,0,0,0,0x0000276D,ダミー,0x000DF952,dummy
1205,0,1,1,0,0,0,0,0,0,0,0,0,0x0000276D,ダミー,0x000DF952,dummy
1206,4,5,99,36,0,0,0,0,0,0,0,0,0x008C490B,Wht Scholar Tome,0x000EF8FD,※開発用
1207,0,1,1,0,0,0,0,0,0,0,0,0,0x0000276D,ダミー,0x000DF952,dummy
1208,0,1,1,0,0,0,0,0,0,0,0,0,0x0000276D,ダミー,0x000DF952,dummy
1209,0,1,1,0,0,0,0,0,0,0,0,0,0x0000276D,ダミー,0x000DF952,dummy
1210,0,1,1,0,0,0,0,0,0,0,0,0,0x0000276D,ダミー,0x000DF952,dummy
1211,0,1,1,0,0,0,0,0,0,0,0,0,0x0000276D,ダミー,0x000DF952,dummy
1212,4,5,1,34,3,0,0,0,0,0,0,0,0x008C491C,Pioneer Seal,0x008EAEA9,A shiny blue coin made to\ncommemorate a new pioneer.
1213,4,5,1,34,1,0,0,0,0,0,0,0,0x008C4929,Ancestor Seal,0x008EAEDE,A crimson coin held by\nexperienced pioneers.
1214,4,5,99,37,2,0,0,0,0,0,0,0,0x008C4937,Friendship Seal,0x008EAF0B,A ticket awarded to those\nwho've formed an unbreakable\nbond with their comrades.
1215,4,5,99,37,5,0,100000,10000,6,0,0,0,0x008C4947,Kirin Cert.,0x008EAF5C,A certificate given only to\nthose who've triumphed over\nthe mightiest of dragons.
1216,4,5,99,37,5,0,100000,10000,6,0,0,0,0x008C4953,Kushala Cert.,0x008EAFAE,A certificate given only to\nthose who've triumphed over\nthe mightiest of dragons.
1217,4,5,99,52,0,0,28000,2800,0,0,0,0,0x008C4961,Jebia Carapace,0x008EB000,A shell made of the same\ncrystal as the Aqra Jebia.\nShows signs of past repair.
1218,4,5,99,31,0,0,45000,4500,0,0,0,0,0x008C4970,Jebia Claw+,0x008EB050,A sharp claw to rival that\nof a Ceanataur. Emits an\nominous glow.
1219,4,5,99,52,0,0,48000,4800,0,0,0,0,0x008C497C,Jebia Jaw,0x008EB092,"A large jaw capable of\ncrunching ore, yet used\nsolely for eating."
1220,4,5,99,27,6,0,40000,4000,0,0,0,0,0x008C4986,Jebia Crystal,0x008EB0D4,A crystalized fluid secreted\nfrom the Aqra Jebia's tail.\nQuite volatile.
1221,4,5,99,52,0,0,100000,10000,0,0,0,0,0x008C4994,Jebia Tail+,0x008EB11D,A flexible Aqra Jebia tail.\nUsed to strike targets with\nrelentless blows.
1222,4,5,99,24,0,0,100000,10000,0,0,0,0,0x008C49A0,Wht Jebia Fluid,0x008EB167,The lifeblood of an Aqra\nJebia. Its color does not\nchange upon extraction.
1223,4,5,99,24,4,0,200000,20000,0,0,0,0,0x008C49B0,Ylw Jebia Fluid,0x008EB1B2,The lifeblood of an Aqra\nJebia. Its color does not\nchange upon extraction.
1224,4,5,99,24,3,0,300000,30000,0,0,0,0,0x008C49C0,Blue Jebia Fluid,0x008EB1FD,The lifeblood of an Aqra\nJebia. Its color does not\nchange upon extraction.
1225,4,5,99,24,1,0,400000,40000,0,0,0,0,0x008C49D1,Red Jebia Fluid,0x008EB248,The lifeblood of an Aqra\nJebia. Its color does not\nchange upon extraction.
1226,4,5,99,27,1,0,60000,6000,0,0,0,0,0x008C49E1,Jebia Bloodstone,0x008EB293,"A crystallized, blood red\nfluid secreted from the\nAqra Jebia's tail glands."
1227,4,5,99,33,4,0,0,0,8,0,0,0,0x008C49F2,NetCafe Lump,0x008EB2DF,A rare lump of ore found in\na distant land.
1228,3,4,99,1,8,0,0,1,8,0,0,0,0x008C49FF,Memory Fragment,0x008EB30B,Treasure found by the Felyne\nAdventurer. Just looking at\nit makes you shed a tear.
1229,3,4,99,33,4,0,0,1,8,0,0,0,0x008C4A0F,Lost Crown,0x008EB35E,A tiny crown found by one of\nthe Felynes. Whether someone\nhas lost it is unclear.
1230,4,5,99,37,2,0,0,0,0,0,0,0,0x008C4A1A,Frozen Jewel Tkt,0x008EB3B0,Instructions on forging the\nFrozen Jewel. Bring them to\nthe Smithy!
1231,4,5,99,37,1,0,0,0,0,0,0,0,0x008C4A2B,Flaming Jwl Tkt,0x008EB3F4,Instructions on forging the\nFlaming Jewel. Bring them to\nthe Smithy!
1232,4,5,99,37,4,0,0,0,0,0,0,0,0x008C4A3B,Ikazuchi Ticket,0x008EB439,Instructions on forging\nthe Concealed Ikazuchi.\nBring them to the Smithy!
1233,4,5,99,37,0,0,0,0,0,0,0,0,0x008C4A4B,1stAnniTkt: Head,0x008EB483,Instructions on forging 1st\nAnniversary-themed armor.\nBring them to the Smithy!
1234,4,5,99,37,0,0,0,0,0,0,0,0,0x008C4A5C,1stAnniTkt: Chest,0x008EB4D3,Instructions on forging 1st\nAnniversary-themed armor.\nBring them to the Smithy!
1235,4,5,99,37,0,0,0,0,0,0,0,0,0x008C4A6E,1stAnniTkt: Arms,0x008EB523,Instructions on forging 1st\nAnniversary-themed armor.\nBring them to the Smithy!
1236,4,5,99,37,0,0,0,0,0,0,0,0,0x008C4A7F,1stAnniTkt: Waist,0x008EB573,Instructions on forging 1st\nAnniversary-themed armor.\nBring them to the Smithy!
1237,4,5,99,37,0,0,0,0,0,0,0,0,0x008C4A91,1stAnniTkt: Legs,0x008EB5C3,Instructions on forging 1st\nAnniversary-themed armor.\nBring them to the Smithy!
1238,4,5,99,37,10,0,0,0,0,0,0,0,0x008C4AA2,Drgnstrkr Report,0x008EB613,A post-hunt report about\nthe Proto Dragonstriker.\nBring it to the Smithy!
1239,4,5,99,37,7,0,0,0,0,0,0,0,0x008C4AB3,Shaka Codex,0x008EB65D,An unreadable criminal code\nsupposedly written by the\nKing Shakalaka himself.
1240,4,5,99,37,1,0,0,0,0,0,0,0,0x008C4ABF,Secret Design 1,0x008EB6AB,A blueprint for a secret\nweapon. You'll need more\nthan one to craft it.
1241,1,2,99,14,4,0,0,0,1,0,0,0,0x008C4ACF,Brown Fabric,0x000EFE0A,ワイルドな風合いを出すため、\n重量もワイルド級な布地。\n使う側の気合と根性が必要。
1242,4,5,20,2,4,0,48,20,5,0,0,0,0x008C4ADC,Throwing Bomb,0x008EB6F3,A prototype hand-thrown\nbomb that's as powerful\nas a Barrel Bomb S.
1243,4,5,2,2,1,0,0,95,5,0,0,0,0x008C4AEA,Mega Barrel Bomb,0x000EFEAA,爆発威力の高さを恐れ発売を\n禁じた大タル爆弾Ｇの強化版。\nとあるネコが仕入れてきた。
1244,4,5,99,6,4,0,3600,360,8,0,0,0,0x008C4AFB,Lynian Treasure,0x008EB737,Treasure that looks like\njunk to the untrained eye.
1245,4,5,99,6,4,0,9000,900,8,0,0,0,0x008C4B0B,Lynian Treasure+,0x008EB76B,Treasure that looks like\njunk to the untrained eye.
1246,4,5,99,6,4,0,10800,1080,8,0,0,0,0x008C4B1C,Lynian Artifact,0x008EB79F,Treasure that looks like\njunk to the untrained eye.
1247,4,5,99,1,4,0,5000,500,1,0,0,0,0x008C4B2C,Lynian Ruby,0x008EB7D3,A prized Lynian gem. Even\nhumans find it beautiful.
1248,4,5,99,1,4,0,10000,1000,1,0,0,0,0x008C4B38,Lynian Ruby+,0x008EB807,A prized Lynian gem. Even\nhumans find it beautiful.
1249,4,5,99,1,4,0,12000,1200,1,0,0,0,0x008C4B45,Rare Lynian Ruby,0x008EB83B,A prized Lynian gem. Even\nhumans find it beautiful.
1250,4,5,99,31,0,0,520,52,1,0,0,0,0x008C4B56,Herbivore Horn,0x008EB86F,The elegant horn of a\nherbivore. Feels valuable.
1251,4,5,99,31,0,0,1040,104,1,0,0,0,0x008C4B65,Herbivore Horn+,0x008EB8A0,The elegant horn of a\nherbivore. Feels valuable.
1252,4,5,99,31,0,0,1250,125,1,0,0,0,0x008C4B75,Herbvr Hardhorn,0x008EB8D1,The elegant horn of a\nherbivore. Feels valuable.
1253,4,5,99,14,0,0,360,36,1,0,0,0,0x008C4B85,Herbivore Pelt,0x008EB902,A soft herbivore hide used\nto make everyday clothing.
1254,4,5,99,14,0,0,720,72,1,0,0,0,0x008C4B94,Herbivore Pelt+,0x008EB938,A soft herbivore hide used\nto make everyday clothing.
1255,4,5,99,14,0,0,860,86,1,0,0,0,0x008C4BA4,Herbivore Piel,0x008EB96E,A soft herbivore hide used\nto make everyday clothing.
1256,4,5,99,10,0,0,500,50,1,0,0,0,0x008C4BB3,Herbivore Bone,0x008EB9A4,A hard bone that's perfect\nfor making decorations.
1257,4,5,99,10,0,0,1000,100,1,0,0,0,0x008C4BC2,Herbivore Bone+,0x008EB9D7,A hard bone that's perfect\nfor making decorations.
1258,4,5,99,10,0,0,1200,120,1,0,0,0,0x008C4BD2,Herbvr Hardbone,0x008EBA0A,A hard bone that's perfect\nfor making decorations.
1259,4,5,99,31,0,0,500,50,1,0,0,0,0x008C4BE2,Herbivore Hoof,0x008EBA3D,"A fine hoof, tough enough\nfor long-distance treks."
1260,4,5,99,31,0,0,1000,100,1,0,0,0,0x008C4BF1,Herbivore Hoof+,0x008EBA70,"A fine hoof, tough enough\nfor long-distance treks."
1261,4,5,99,31,0,0,1200,120,1,0,0,0,0x008C4C01,Herbvr Hardhoof,0x008EBAA3,"A fine hoof, tough enough\nfor long-distance treks."
1262,4,5,99,9,0,0,500,50,1,0,0,0,0x008C4C11,Herbivore Shell,0x008EBAD6,Shell grown by herbivores to\nprotect their bodies.
1263,4,5,99,9,0,0,1000,100,1,0,0,0,0x008C4C21,Herbvr Carapace,0x008EBB09,Shell grown by herbivores to\nprotect their bodies.
1264,4,5,99,9,0,0,1200,120,1,0,0,0,0x008C4C31,Herbivore Cortex,0x008EBB3C,Shell grown by herbivores to\nprotect their bodies.
1265,4,5,99,31,0,0,500,50,1,0,0,0,0x008C4C42,Herbivore Fang,0x008EBB6F,"A giant herbivore incisor\nwith a gentle, captivating\nhue."
1266,4,5,99,31,0,0,1000,100,1,0,0,0,0x008C4C51,Herbivore Fang+,0x008EBBA9,"A giant herbivore incisor\nwith a gentle, captivating\nhue."
1267,4,5,99,31,0,0,1200,120,1,0,0,0,0x008C4C61,Herbvr Hardfang,0x008EBBE3,"A giant herbivore incisor\nwith a gentle, captivating\nhue."
1268,4,5,99,14,7,0,600,60,1,0,0,0,0x008C4C71,Beast Hide,0x008EBC1D,Wire-like fanged beast\nbristles with a really\nwild feel.
1269,4,5,99,14,7,0,1200,120,1,0,0,0,0x008C4C7C,Beast Hide+,0x008EBC56,Wire-like fanged beast\nbristles with a really\nwild feel.
1270,4,5,99,14,7,0,1500,150,1,0,0,0,0x008C4C88,Beast Thickhide,0x008EBC8F,Wire-like fanged beast\nbristles with a really\nwild feel.
1271,4,5,99,31,7,0,1600,160,1,0,0,0,0x008C4C98,Beast Fang,0x008EBCC8,The pride and joy of any\nfanged beast. The epitome\nof brutal beauty.
1272,4,5,99,31,7,0,3200,320,1,0,0,0,0x008C4CA3,Beast Fang+,0x008EBD0D,The pride and joy of any\nfanged beast. The epitome\nof brutal beauty.
1273,4,5,99,31,7,0,3800,380,1,0,0,0,0x008C4CAF,Beast Hardfang,0x008EBD52,The pride and joy of any\nfanged beast. The epitome\nof brutal beauty.
1274,4,5,99,31,7,0,1200,120,1,0,0,0,0x008C4CBE,Beast Claw,0x008EBD97,Claws that make light work\nof digging up hard earth.
1275,4,5,99,31,7,0,2400,240,1,0,0,0,0x008C4CC9,Beast Claw+,0x008EBDCC,Claws that make light work\nof digging up hard earth.
1276,4,5,99,31,7,0,3000,300,1,0,0,0,0x008C4CD5,Beast Hardclaw,0x008EBE01,Claws that make light work\nof digging up hard earth.
1277,4,5,99,9,7,0,13000,1300,1,0,0,0,0x008C4CE4,Beast Tail,0x008EBE36,"The soft, supple tail of\na fanged beast. Highly\nversatile."
1278,4,5,99,9,7,0,27000,2700,1,0,0,0,0x008C4CEF,Beast Tail+,0x008EBE71,"The soft, supple tail of\na fanged beast. Highly\nversatile."
1279,4,5,99,9,7,0,32000,3200,1,0,0,0,0x008C4CFB,Beast Lash,0x008EBEAC,"The soft, supple tail of\na fanged beast. Highly\nversatile."
1280,4,5,99,20,10,0,1200,120,1,0,0,0,0x008C4D06,Neopteron Shell,0x008EBEE7,A glossy neopteron shell.\nIts unique hue sets it apart\nfrom the rest.
1281,4,5,99,20,10,0,2400,240,1,0,0,0,0x008C4D16,Nptron Carapace,0x008EBF2D,A glossy neopteron shell.\nIts unique hue sets it apart\nfrom the rest.
1282,4,5,99,20,10,0,2800,280,1,0,0,0,0x008C4D26,Neopteron Cortex,0x008EBF73,A glossy neopteron shell.\nIts unique hue sets it apart\nfrom the rest.
1283,4,5,99,31,10,0,1200,120,1,0,0,0,0x008C4D37,Neopteron Needle,0x008EBFB9,Sharp Neopteron stinger that\nsecretes potent neurotoxins.
1284,4,5,99,31,10,0,2400,240,1,0,0,0,0x008C4D48,Nptron Needle+,0x008EBFF3,Sharp Neopteron stinger that\nsecretes potent neurotoxins.
1285,4,5,99,31,10,0,2800,280,1,0,0,0,0x008C4D57,Nptron Stinger,0x008EC02D,Sharp Neopteron stinger that\nsecretes potent neurotoxins.
1286,4,5,99,24,10,0,5000,500,1,0,0,0,0x008C4D66,Neopteron Fluid,0x008EC067,A mysterious fluid found\nin neopterons. The object\nof much scholarly research.
1287,4,5,99,24,10,0,10000,1000,1,0,0,0,0x008C4D76,Neopteron Fluid+,0x008EC0B6,A mysterious fluid found\nin neopterons. The object\nof much scholarly research.
1288,4,5,99,24,10,0,12000,1200,1,0,0,0,0x008C4D87,Neopteron Broth,0x008EC105,A mysterious fluid found\nin neopterons. The object\nof much scholarly research.
1289,4,5,99,52,3,0,14000,1400,1,0,0,0,0x008C4D97,Carapaceon Shell,0x008EC154,"A symbol of the Carapaceons.\nExtremely tough, but highly\nconductive."
1290,4,5,99,52,3,0,20000,2000,1,0,0,0,0x008C4DA8,Cpceon Carapace,0x008EC199,"A symbol of the Carapaceons.\nExtremely tough, but highly\nconductive."
1291,4,5,99,52,3,0,30000,3000,1,0,0,0,0x008C4DB8,Cpceon Cortex,0x008EC1DE,"A symbol of the Carapaceons.\nExtremely tough, but highly\nconductive."
1292,4,5,99,52,3,0,12000,1200,1,0,0,0,0x008C4DC6,Cpceon Pincer,0x008EC223,A large carapaceon pincer.\nUsed both as a weapon and\nas a means of defense.
1293,4,5,99,52,3,0,16000,1600,1,0,0,0,0x008C4DD4,Cpceon Pincer+,0x008EC26F,A large carapaceon pincer.\nUsed both as a weapon and\nas a means of defense.
1294,4,5,99,52,3,0,20000,2000,1,0,0,0,0x008C4DE3,Cpceon Hrdpincer,0x008EC2BB,A large carapaceon pincer.\nUsed both as a weapon and\nas a means of defense.
1295,4,5,99,31,3,0,10000,1000,1,0,0,0,0x008C4DF4,Carapaceon Blade,0x000F0E8A,対象を容赦なく切り刻む\n甲殻種特有の鋭利な部位。\n~C05（旧称：甲殻種の刃Ⅰ）
1296,4,5,99,31,3,0,20000,2000,1,0,0,0,0x008C4E05,Cpceon Blade+,0x000F0ED5,対象を容赦なく切り刻む\n甲殻種特有の鋭利な部位。\n~C05（旧称：甲殻種の刃Ⅱ）
1297,4,5,99,31,3,0,30000,3000,1,0,0,0,0x008C4E13,Cpceon Direblade,0x000F0F20,対象を容赦なく切り刻む\n甲殻種特有の鋭利な部位。\n~C05（旧称：甲殻種の刃Ⅲ）
1298,4,5,99,9,2,0,10000,1000,1,0,0,0,0x008C4E24,F.Wyvern Shell,0x008EC307,A shell that can resist even\nthe most extreme cold.
1299,4,5,99,9,2,0,20000,2000,1,0,0,0,0x008C4E33,F.Wyvern Carpace,0x008EC33B,A shell that can resist even\nthe most extreme cold.
1300,4,5,99,9,2,0,30000,3000,1,0,0,0,0x008C4E44,F.Wyvern Cortex,0x008EC36F,A shell that can resist even\nthe most extreme cold.
1301,4,5,99,31,2,0,10000,1000,1,0,0,0,0x008C4E54,F.Wyvern Fang,0x000F1052,獲物を捕らえて放さない、楔の\nような飛竜種の牙。\n~C05（旧称：飛竜種の牙Ⅰ）
1302,4,5,99,31,2,0,20000,2000,1,0,0,0,0x008C4E62,F.Wyvern Fang+,0x000F109D,獲物を捕らえて放さない、楔の\nような飛竜種の牙。\n~C05（旧称：飛竜種の牙Ⅱ）
1303,4,5,99,31,2,0,30000,3000,1,0,0,0,0x008C4E71,F.Wyv Hardfang,0x000F10E8,獲物を捕らえて放さない、楔の\nような飛竜種の牙。\n~C05（旧称：飛竜種の牙Ⅲ）
1304,4,5,99,31,2,0,10000,1000,1,0,0,0,0x008C4E80,F.Wyvern Claw,0x000F1133,対峙した敵を容赦なく引き裂く\n飛竜種の爪。\n~C05（旧称：飛竜種の爪Ⅰ）
1305,4,5,99,31,2,0,20000,2000,1,0,0,0,0x008C4E8E,F.Wyvern Claw+,0x000F1178,対峙した敵を容赦なく引き裂く\n飛竜種の爪。\n~C05（旧称：飛竜種の爪Ⅱ）
1306,4,5,99,31,2,0,30000,3000,1,0,0,0,0x008C4E9D,F.Wyv Hardclaw,0x000F11BD,対峙した敵を容赦なく引き裂く\n飛竜種の爪。\n~C05（旧称：飛竜種の爪Ⅲ）
1307,4,5,99,10,2,0,10000,1000,1,0,0,0,0x008C4EAC,F.Wyvern Bone,0x000F1202,思いの外、軽いが、驚くべき\n強度を備えた飛竜種の骨。\n~C05（旧称：飛竜種の骨Ⅰ）
1308,4,5,99,10,2,0,20000,2000,1,0,0,0,0x008C4EBA,F.Wyvern Bone+,0x000F1251,思いの外、軽いが、驚くべき\n強度を備えた飛竜種の骨。\n~C05（旧称：飛竜種の骨Ⅱ）
1309,4,5,99,10,2,0,30000,3000,1,0,0,0,0x008C4EC9,F.Wyv Hardbone,0x000F12A0,思いの外、軽いが、驚くべき\n強度を備えた飛竜種の骨。\n~C05（旧称：飛竜種の骨Ⅲ）
1310,4,5,99,9,2,0,10000,1000,1,0,0,0,0x008C4ED8,F.Wyvern Hide,0x000F12EF,幾重もの鱗の下から取れる\n強靭な飛竜種の皮。\n~C05（旧称：飛竜種の皮Ⅰ）
1311,4,5,99,9,2,0,20000,2000,1,0,0,0,0x008C4EE6,F.Wyvern Hide+,0x000F1336,幾重もの鱗の下から取れる\n強靭な飛竜種の皮。\n~C05（旧称：飛竜種の皮Ⅱ）
1312,4,5,99,9,2,0,30000,3000,1,0,0,0,0x008C4EF5,F.Wyvern Piel,0x000F137D,幾重もの鱗の下から取れる\n強靭な飛竜種の皮。\n~C05（旧称：飛竜種の皮Ⅲ）
1313,4,5,99,9,2,0,10000,1000,1,0,0,0,0x008C4F03,F.Wyvern Wing,0x000F13C4,飛竜種の象徴とも言うべき翼。\n大空を舞う躍動美が宿る。\n~C05（旧称：飛竜種の翼Ⅰ）
1314,4,5,99,9,2,0,20000,2000,1,0,0,0,0x008C4F11,F.Wyvern Wing+,0x000F1415,飛竜種の象徴とも言うべき翼。\n大空を舞う躍動美が宿る。\n~C05（旧称：飛竜種の翼Ⅱ）
1315,4,5,99,9,2,0,30000,3000,1,0,0,0,0x008C4F20,F.Wyv Fellwing,0x000F1466,飛竜種の象徴とも言うべき翼。\n大空を舞う躍動美が宿る。\n~C05（旧称：飛竜種の翼Ⅲ）
1316,4,5,99,9,2,0,10000,1000,1,0,0,0,0x008C4F2F,F.Wyvern Tail,0x000F14B7,強靭な草食動物も、一撃の下\nに叩き伏す飛竜種の尾。\n~C05（旧称：飛竜種の尾Ⅰ）
1317,4,5,99,9,2,0,20000,2000,1,0,0,0,0x008C4F3D,F.Wyvern Tail+,0x000F1504,強靭な草食動物も、一撃の下\nに叩き伏す飛竜種の尾。\n~C05（旧称：飛竜種の尾Ⅱ）
1318,4,5,99,9,2,0,30000,3000,1,0,0,0,0x008C4F4C,F.Wyvern Lash,0x000F1551,強靭な草食動物も、一撃の下\nに叩き伏す飛竜種の尾。\n~C05（旧称：飛竜種の尾Ⅲ）
1319,4,5,99,9,2,0,10000,1000,1,0,0,0,0x008C4F5A,F.Wyvern Spike,0x000F159E,飛竜種の体を覆う棘。\n外敵の攻撃の一切を拒絶する。\n~C05（旧称：飛竜種の棘Ⅰ）
1320,4,5,99,9,2,0,20000,2000,1,0,0,0,0x008C4F69,F.Wyvern Spike+,0x000F15EB,飛竜種の体を覆う棘。\n外敵の攻撃の一切を拒絶する。\n~C05（旧称：飛竜種の棘Ⅱ）
1321,4,5,99,9,2,0,30000,3000,1,0,0,0,0x008C4F79,F.Wyv Surspike,0x000F1638,飛竜種の体を覆う棘。\n外敵の攻撃の一切を拒絶する。\n~C05（旧称：飛竜種の棘Ⅲ）
1322,4,5,99,31,2,0,10000,1000,1,0,0,0,0x008C4F88,F.Wyvern Horn,0x000F1685,その巨躯の質量と共に目標を\n貫く飛竜種の角。\n~C05（旧称：飛竜種の角Ⅰ）
1323,4,5,99,31,2,0,20000,2000,1,0,0,0,0x008C4F96,F.Wyvern Horn+,0x000F16CC,その巨躯の質量と共に目標を\n貫く飛竜種の角。\n~C05（旧称：飛竜種の角Ⅱ）
1324,4,5,99,31,2,0,30000,3000,1,0,0,0,0x008C4FA5,F.Wyv Hardhorn,0x000F1713,その巨躯の質量と共に目標を\n貫く飛竜種の角。\n~C05（旧称：飛竜種の角Ⅲ）
1325,4,5,99,23,2,0,10000,1000,1,0,0,0,0x008C4FB4,F.Wyvern Scale,0x000F175A,年輪のような紋様が、重ねて\nきた齢を想わせる飛竜種の鱗。\n~C05（旧称：飛竜種の鱗Ⅰ）
1326,4,5,99,23,2,0,20000,2000,1,0,0,0,0x008C4FC3,F.Wyvern Scale+,0x000F17AD,年輪のような紋様が、重ねて\nきた齢を想わせる飛竜種の鱗。\n~C05（旧称：飛竜種の鱗Ⅱ）
1327,4,5,99,23,2,0,30000,3000,1,0,0,0,0x008C4FD3,F.Wyvern Shard,0x000F1800,年輪のような紋様が、重ねて\nきた齢を想わせる飛竜種の鱗。\n~C05（旧称：飛竜種の鱗Ⅲ）
1328,4,5,99,9,2,0,10000,1000,1,0,0,0,0x008C4FE2,F.Wyvern Blood,0x000F1853,体中を駆け巡り、飛竜種の激し\nい運動を支える血。\n~C05（旧称：飛竜種の血Ⅰ）
1329,4,5,99,9,2,0,20000,2000,1,0,0,0,0x008C4FF1,F.Wyvern Blood+,0x000F189E,体中を駆け巡り、飛竜種の激し\nい運動を支える血。\n~C05（旧称：飛竜種の血Ⅱ）
1330,4,5,99,9,2,0,30000,3000,1,0,0,0,0x008C5001,ThickF.WyvBlood,0x000F18E9,体中を駆け巡り、飛竜種の激し\nい運動を支える血。\n~C05（旧称：飛竜種の血Ⅲ）
1331,4,5,99,1,2,0,10000,1000,1,0,0,0,0x008C5011,F.Wyvern Gem,0x000F1934,飛竜種の体内にできた結石。\n美しい色形のものを珠と呼ぶ。\n~C05（旧称：飛竜種の珠Ⅰ）
1332,4,5,99,1,2,0,20000,2000,1,0,0,0,0x008C501E,F.Wyvern Gem+,0x000F1987,飛竜種の体内にできた結石。\n美しい色形のものを珠と呼ぶ。\n~C05（旧称：飛竜種の珠Ⅱ）
1333,4,5,99,1,2,0,30000,3000,1,0,0,0,0x008C502C,Rare F.Wyv Gem,0x000F19DA,飛竜種の体内にできた結石。\n美しい色形のものを珠と呼ぶ。\n~C05（旧称：飛竜種の珠Ⅲ）
1334,4,5,99,9,2,0,10000,1000,1,0,0,0,0x008C503B,F.Wyvern Scalp,0x000F1A2D,頭だけになって、尚、強い存\n在感を放ち続ける飛竜種の頭。\n~C05（旧称：飛竜種の頭Ⅰ）
1335,4,5,99,9,2,0,20000,2000,1,0,0,0,0x008C504A,F.Wyvern Scalp+,0x000F1A80,頭だけになって、尚、強い存\n在感を放ち続ける飛竜種の頭。\n~C05（旧称：飛竜種の頭Ⅱ）
1336,4,5,99,9,2,0,30000,3000,1,0,0,0,0x008C505A,F.Wyvern Crown,0x000F1AD3,頭だけになって、尚、強い存\n在感を放ち続ける飛竜種の頭。\n~C05（旧称：飛竜種の頭Ⅲ）
1337,4,5,99,9,2,0,10000,1000,1,0,0,0,0x008C5069,F.Wyvern Marrow,0x000F1B26,飛竜種の骨の芯から切りだす\nエネルギーの塊のような髄。\n~C05（旧称：飛竜種の髄Ⅰ）
1338,4,5,99,9,2,0,20000,2000,1,0,0,0,0x008C5079,F.Wyvern Medulla,0x000F1B77,飛竜種の骨の芯から切りだす\nエネルギーの塊のような髄。\n~C05（旧称：飛竜種の髄Ⅱ）
1339,4,5,99,9,2,0,30000,3000,1,0,0,0,0x008C508A,F.Wyvern Myeloid,0x000F1BC8,飛竜種の骨の芯から切りだす\nエネルギーの塊のような髄。\n~C05（旧称：飛竜種の髄Ⅲ）
1340,4,5,99,9,2,0,10000,1000,1,0,0,0,0x008C509B,F.Wyvern Liver,0x000F1C19,力強い脈動の跡が感じられる\n飛竜種の活力器官。\n~C05（旧称：飛竜種の肝Ⅰ）
1341,4,5,99,9,2,0,20000,2000,1,0,0,0,0x008C50AA,F.Wyvern Liver+,0x000F1C62,力強い脈動の跡が感じられる\n飛竜種の活力器官。\n~C05（旧称：飛竜種の肝Ⅱ）
1342,4,5,99,9,2,0,30000,3000,1,0,0,0,0x008C50BA,F.Wyvern Bile,0x000F1CAB,力強い脈動の跡が感じられる\n飛竜種の活力器官。\n~C05（旧称：飛竜種の肝Ⅲ）
1343,4,5,99,9,2,0,10000,1000,1,0,0,0,0x008C50C8,F.Wyvern Jaw,0x000F1CF4,その正面に立つだけで、恐怖\nに身が竦む飛竜種の顎。\n~C05（旧称：飛竜種の顎Ⅰ）
1344,4,5,99,9,2,0,20000,2000,1,0,0,0,0x008C50D5,F.Wyvern Jaw+,0x000F1D41,その正面に立つだけで、恐怖\nに身が竦む飛竜種の顎。\n~C05（旧称：飛竜種の顎Ⅱ）
1345,4,5,99,9,2,0,30000,3000,1,0,0,0,0x008C50E3,F.Wyvern Maw,0x000F1D8E,その正面に立つだけで、恐怖\nに身が竦む飛竜種の顎。\n~C05（旧称：飛竜種の顎Ⅲ）
1346,4,5,99,27,2,0,10000,1000,1,0,0,0,0x008C50F0,F.Wyvern Tear,0x000F1DDB,飛竜種の眼球付近からの分泌\n物が鉱物状に固まったもの。\n~C05（旧称：飛竜種の涙Ⅰ）
1347,4,5,99,27,2,0,20000,2000,1,0,0,0,0x008C50FE,F.Wyvern Tear+,0x000F1E2C,飛竜種の眼球付近からの分泌\n物が鉱物状に固まったもの。\n~C05（旧称：飛竜種の涙Ⅱ）
1348,4,5,99,27,2,0,30000,3000,1,0,0,0,0x008C510D,Rare F.Wyv Tear,0x000F1E7D,飛竜種の眼球付近からの分泌\n物が鉱物状に固まったもの。\n~C05（旧称：飛竜種の涙Ⅲ）
1349,4,5,99,24,2,0,10000,1000,1,0,0,0,0x008C511D,F.Wyvern Fluid,0x000F1ECE,一説には消化液とも言われる\n飛竜種の謎の液体。\n~C05（旧称：飛竜種の液Ⅰ）
1350,4,5,99,24,2,0,20000,2000,1,0,0,0,0x008C512C,F.Wyvern Fluid+,0x000F1F17,一説には消化液とも言われる\n飛竜種の謎の液体。\n~C05（旧称：飛竜種の液Ⅱ）
1351,4,5,99,24,2,0,30000,3000,1,0,0,0,0x008C513C,F.Wyvern Broth,0x000F1F60,一説には消化液とも言われる\n飛竜種の謎の液体。\n~C05（旧称：飛竜種の液Ⅲ）
1352,4,5,99,23,6,0,10000,1000,1,0,0,0,0x008C514B,P.Wyvern Scale,0x000F1FA9,つややかな魚竜種の鱗。逆撫\nですれば指が落ちるほど鋭利。\n~C05（旧称：魚竜種の鱗Ⅰ）
1353,4,5,99,23,6,0,20000,2000,1,0,0,0,0x008C515A,P.Wyvern Scale+,0x000F1FFC,つややかな魚竜種の鱗。逆撫\nですれば指が落ちるほど鋭利。\n~C05（旧称：魚竜種の鱗Ⅱ）
1354,4,5,99,23,6,0,30000,3000,1,0,0,0,0x008C516A,P.Wyvern Shard,0x000F204F,つややかな魚竜種の鱗。逆撫\nですれば指が落ちるほど鋭利。\n~C05（旧称：魚竜種の鱗Ⅲ）
1355,4,5,99,9,6,0,10000,1000,1,0,0,0,0x008C5179,P.Wyvern Fin,0x000F20A2,魚竜種の巨体を姿勢制御する、\n力強くも美しいヒレ。\n~C05（旧称：魚竜種のヒレⅠ）
1356,4,5,99,9,6,0,20000,2000,1,0,0,0,0x008C5186,P.Wyvern Fin+,0x000F20F1,魚竜種の巨体を姿勢制御する、\n力強くも美しいヒレ。\n~C05（旧称：魚竜種のヒレⅡ）\n
1357,4,5,99,9,6,0,30000,3000,1,0,0,0,0x008C5194,P.Wyvern Grndfin,0x000F2141,魚竜種の巨体を姿勢制御する、\n力強くも美しいヒレ。\n~C05（旧称：魚竜種のヒレⅢ）\n
1358,4,5,99,9,6,0,10000,1000,1,0,0,0,0x008C51A5,P.Wyvern Blood,0x000F2191,驚異的な持久力を誇る魚竜種\nの血液。\n~C05（旧称：魚竜種の血Ⅰ）
1359,4,5,99,9,6,0,20000,2000,1,0,0,0,0x008C51B4,P.Wyvern Blood+,0x000F21D0,驚異的な持久力を誇る魚竜種\nの血液。\n~C05（旧称：魚竜種の血Ⅱ）
1360,4,5,99,9,6,0,30000,3000,1,0,0,0,0x008C51C4,ThickP.WyvBlood,0x000F220F,驚異的な持久力を誇る魚竜種\nの血液。\n~C05（旧称：魚竜種の血Ⅲ）
1361,4,5,99,31,6,0,10000,1000,1,0,0,0,0x008C51D4,P.Wyvern Fang,0x000F224E,顎内に隙間無く生えている\n魚竜種の無数の牙のひとつ。\n~C05（旧称：魚竜種の牙Ⅰ）
1362,4,5,99,31,6,0,20000,2000,1,0,0,0,0x008C51E2,P.Wyvern Fang+,0x000F229D,顎内に隙間無く生えている\n魚竜種の無数の牙のひとつ。\n~C05（旧称：魚竜種の牙Ⅱ）
1363,4,5,99,31,6,0,30000,3000,1,0,0,0,0x008C51F1,P.Wyv Hardfang,0x000F22EC,顎内に隙間無く生えている\n魚竜種の無数の牙のひとつ。\n~C05（旧称：魚竜種の牙Ⅲ）
1364,4,5,99,9,6,0,10000,1000,1,0,0,0,0x008C5200,P.Wyvern Gills,0x000F233B,過酷な環境においても、呼吸\nを行える強靭な魚竜種のエラ。\n~C05（旧称：魚竜種のエラⅠ）
1365,4,5,99,9,6,0,20000,2000,1,0,0,0,0x008C520F,P.Wyvern Gills+,0x000F2390,過酷な環境においても、呼吸\nを行える強靭な魚竜種のエラ。\n~C05（旧称：魚竜種のエラⅡ）
1366,4,5,99,9,6,0,30000,3000,1,0,0,0,0x008C521F,P.Wyv Grandgills,0x000F23E5,過酷な環境においても、呼吸\nを行える強靭な魚竜種のエラ。\n~C05（旧称：魚竜種のエラⅢ）
1367,4,5,99,9,8,0,5000,500,1,0,0,0,0x008C5230,Avian Shell,0x000F243A,軽量ながら、適度な強度を持\nつ鳥竜種の殻。\n~C05（旧称：鳥竜種の殻Ⅰ）
1368,4,5,99,9,8,0,10000,1000,1,0,0,0,0x008C523C,Avian Carapace,0x000F247F,軽量ながら、適度な強度を持\nつ鳥竜種の殻。\n~C05（旧称：鳥竜種の殻Ⅱ）
1369,4,5,99,9,8,0,15000,1500,1,0,0,0,0x008C524B,Avian Cortex,0x000F24C4,軽量ながら、適度な強度を持\nつ鳥竜種の殻。\n~C05（旧称：鳥竜種の殻Ⅲ）
1370,4,5,99,9,8,0,5000,500,1,0,0,0,0x008C5258,Avian Hide,0x008EC3A3,"The soft, moist hide of\na bird wyvern."
1371,4,5,99,9,8,0,10000,1000,1,0,0,0,0x008C5263,Avian Hide+,0x008EC3CA,"The soft, moist hide of\na bird wyvern."
1372,4,5,99,9,8,0,15000,1500,1,0,0,0,0x008C526F,Avian Finehide,0x008EC3F1,"The soft, moist hide of\na bird wyvern."
1373,4,5,99,23,8,0,5000,500,1,0,0,0,0x008C527E,Avian Scale I,0x008EC418,A brightly-hued bird wyvern\nscale. Commonly used to make\ndecorations.
1374,4,5,99,23,8,0,10000,1000,1,0,0,0,0x008C528C,Avian Scale II,0x008EC45E,A brightly-hued bird wyvern\nscale. Commonly used to make\ndecorations.
1375,4,5,99,23,8,0,15000,1500,1,0,0,0,0x008C529B,Avian Scale III,0x008EC4A4,A brightly-hued bird wyvern\nscale. Commonly used to make\ndecorations.
1376,4,5,99,31,8,0,5000,500,1,0,0,0,0x008C52AB,Avian Fang,0x008EC4EA,"The fang of a bird wyvern.\nSmall, but still lethal."
1377,4,5,99,31,8,0,10000,1000,1,0,0,0,0x008C52B6,Avian Fang+,0x008EC51E,"The fang of a bird wyvern.\nSmall, but still lethal."
1378,4,5,99,31,8,0,15000,1500,1,0,0,0,0x008C52C2,Avian Hardfang,0x008EC552,"The fang of a bird wyvern.\nSmall, but still lethal."
1379,4,5,99,31,8,0,5000,500,1,0,0,0,0x008C52D1,Avian Claw,0x008EC586,A sharp claw used to slash\nat prey with deadly speed.
1380,4,5,99,31,8,0,10000,1000,1,0,0,0,0x008C52DC,Avian Claw+,0x008EC5BC,A sharp claw used to slash\nat prey with deadly speed.
1381,4,5,99,31,8,0,15000,1500,1,0,0,0,0x008C52E8,Avian Hardclaw,0x008EC5F2,A sharp claw used to slash\nat prey with deadly speed.
1382,4,5,99,10,8,0,5000,500,1,0,0,0,0x008C52F7,Avian Bone,0x008EC628,"A bone that, while thin and\nlight, is surprisingly tough\nto break."
1383,4,5,99,10,8,0,10000,1000,1,0,0,0,0x008C5302,Avian Bone+,0x008EC66B,"A bone that, while thin and\nlight, is surprisingly tough\nto break."
1384,4,5,99,10,8,0,15000,1500,1,0,0,0,0x008C530E,Avian Stoutbone,0x008EC6AE,"A bone that, while thin and\nlight, is surprisingly tough\nto break."
1385,4,5,99,27,8,0,5000,500,1,0,0,0,0x008C531E,Avian Gem,0x008EC6F1,A stone once swallowed to\naid in digestion. It has\nsince changed into a gem.
1386,4,5,99,27,8,0,10000,1000,1,0,0,0,0x008C5328,Avian Gem+,0x008EC73E,A stone once swallowed to\naid in digestion. It has\nsince changed into a gem.
1387,4,5,99,27,8,0,15000,1500,1,0,0,0,0x008C5333,Rare Avian Gem,0x008EC78B,A stone once swallowed to\naid in digestion. It has\nsince changed into a gem.
1388,4,5,99,10,8,0,5000,500,1,0,0,0,0x008C5342,Avian Beak,0x008EC7D8,"Nothing says ""bird wyvern""\nquite like its unique beak."
1389,4,5,99,10,8,0,10000,1000,1,0,0,0,0x008C534D,Avian Beak+,0x008EC80F,"Nothing says ""bird wyvern""\nquite like its unique beak."
1390,4,5,99,10,8,0,15000,1500,1,0,0,0,0x008C5359,Avian Hardbeak,0x008EC846,"Nothing says ""bird wyvern""\nquite like its unique beak."
1391,4,5,99,9,8,0,5000,500,1,0,0,0,0x008C5368,Avian Pelt,0x008EC87D,One of the softest pelts in\nthe monster kingdom.
1392,4,5,99,9,8,0,10000,1000,1,0,0,0,0x008C5373,Avian Pelt+,0x008EC8AE,One of the softest pelts in\nthe monster kingdom.
1393,4,5,99,9,8,0,15000,1500,1,0,0,0,0x008C537F,Avian Piel,0x008EC8DF,One of the softest pelts in\nthe monster kingdom.
1394,4,5,99,9,8,0,5000,500,1,0,0,0,0x008C538A,Avian Tail,0x008EC910,A tail whose rapid movement\nhelps the bird wyvern with\nmaintaining balance.
1395,4,5,99,9,8,0,10000,1000,1,0,0,0,0x008C5395,Avian Tail+,0x008EC95C,A tail whose rapid movement\nhelps the bird wyvern with\nmaintaining balance.
1396,4,5,99,9,8,0,15000,1500,1,0,0,0,0x008C53A1,Avian Lash,0x008EC9A8,A tail whose rapid movement\nhelps the bird wyvern with\nmaintaining balance.
1397,4,5,99,9,8,0,5000,500,1,0,0,0,0x008C53AC,Avian Head I,0x008EC9F4,There's something almost\nlovable about this skull.
1398,4,5,99,9,8,0,10000,1000,1,0,0,0,0x008C53B9,Avian Head II,0x008ECA27,There's something almost\nlovable about this skull.
1399,4,5,99,9,8,0,15000,1500,1,0,0,0,0x008C53C7,Avian Head III,0x008ECA5A,There's something almost\nlovable about this skull.
1400,4,5,99,9,5,0,20000,2000,1,0,0,0,0x008C53D6,E.Dragon Shell,0x008ECA8D,A sturdy elder dragon shell.\nEnveloped in a dignified\naura.
1401,4,5,99,9,5,0,30000,3000,1,0,0,0,0x008C53E5,E.Drgn Carapace,0x008ECAC9,A sturdy elder dragon shell.\nEnveloped in a dignified\naura.
1402,4,5,99,9,5,0,40000,4000,1,0,0,0,0x008C53F5,E.Dragon Cortex,0x008ECB05,A sturdy elder dragon shell.\nEnveloped in a dignified\naura.
1403,4,5,99,9,5,0,20000,2000,1,0,0,0,0x008C5405,E.Dragon Pelt,0x008ECB41,"A soft, elegant elder dragon\npelt. Sometimes regarded as\na symbol of their dignity."
1404,4,5,99,9,5,0,30000,3000,1,0,0,0,0x008C5413,E.Dragon Pelt+,0x008ECB95,"A soft, elegant elder dragon\npelt. Sometimes regarded as\na symbol of their dignity."
1405,4,5,99,9,5,0,40000,4000,1,0,0,0,0x008C5422,E.Dragon Fur,0x008ECBE9,"A soft, elegant elder dragon\npelt. Sometimes regarded as\na symbol of their dignity."
1406,4,5,99,14,5,0,20000,2000,1,0,0,0,0x008C542F,E.Dragon Hide,0x008ECC3D,A mysterious elder dragon\nhide. Endures any extreme\nenvironment with ease.
1407,4,5,99,14,5,0,30000,3000,1,0,0,0,0x008C543D,E.Dragon Hide+,0x008ECC88,A mysterious elder dragon\nhide. Endures any extreme\nenvironment with ease.
1408,4,5,99,14,5,0,40000,4000,1,0,0,0,0x008C544C,E.Dragon Piel,0x008ECCD3,A mysterious elder dragon\nhide. Endures any extreme\nenvironment with ease.
1409,4,5,99,31,5,0,20000,2000,1,0,0,0,0x008C545A,E.Dragon Claw,0x008ECD1E,An elder dragon claw imbued\nwith a power beyond human\nunderstanding.
1410,4,5,99,31,5,0,30000,3000,1,0,0,0,0x008C5468,E.Dragon Claw+,0x008ECD63,An elder dragon claw imbued\nwith a power beyond human\nunderstanding.
1411,4,5,99,31,5,0,40000,4000,1,0,0,0,0x008C5477,E.Drgn Hardclaw,0x008ECDA8,An elder dragon claw imbued\nwith a power beyond human\nunderstanding.
1412,4,5,99,9,5,0,20000,2000,1,0,0,0,0x008C5487,E.Dragon Tail,0x008ECDED,A tough elder dragon tail.\nCapable of smashing rocks\nin a single sweep.
1413,4,5,99,9,5,0,30000,3000,1,0,0,0,0x008C5495,E.Dragon Tail+,0x008ECE35,A tough elder dragon tail.\nCapable of smashing rocks\nin a single sweep.
1414,4,5,99,9,5,0,40000,4000,1,0,0,0,0x008C54A4,E.Dragon Lash,0x008ECE7D,A tough elder dragon tail.\nCapable of smashing rocks\nin a single sweep.
1415,4,5,99,9,5,0,20000,2000,1,0,0,0,0x008C54B2,Dragon Blood,0x008ECEC5,The lifeblood of an elder\ndragon. A source of great\nmystery.
1416,4,5,99,9,5,0,30000,3000,1,0,0,0,0x008C54BF,Dragon Blood+,0x008ECF02,The lifeblood of an elder\ndragon. A source of great\nmystery.
1417,4,5,99,9,5,0,40000,4000,1,0,0,0,0x008C54CD,ThickDragonBlood,0x008ECF3F,The lifeblood of an elder\ndragon. A source of great\nmystery.
1418,4,5,99,9,5,0,20000,2000,1,0,0,0,0x008C54DE,E.Dragon Wing,0x008ECF7C,A calamitous elder dragon\nwing. Said to command the\nheavens.
1419,4,5,99,9,5,0,30000,3000,1,0,0,0,0x008C54EC,E.Dragon Wing+,0x008ECFB9,A calamitous elder dragon\nwing. Said to command the\nheavens.
1420,4,5,99,9,5,0,40000,4000,1,0,0,0,0x008C54FB,E.Drgn Fellwing,0x008ECFF6,A calamitous elder dragon\nwing. Said to command the\nheavens.
1421,4,5,99,31,5,0,20000,2000,1,0,0,0,0x008C550B,E.Dragon Horn,0x008ED033,A crown-like horn found on\nan elder dragon. Exudes an\noverwhelming presence.
1422,4,5,99,31,5,0,30000,3000,1,0,0,0,0x008C5519,E.Dragon Horn+,0x008ED080,A crown-like horn found on\nan elder dragon. Exudes an\noverwhelming presence.
1423,4,5,99,31,5,0,40000,4000,1,0,0,0,0x008C5528,E.Drgn Hardhorn,0x008ED0CD,A crown-like horn found on\nan elder dragon. Exudes an\noverwhelming presence.
1424,4,5,99,23,5,0,20000,2000,1,0,0,0,0x008C5538,E.Dragon Scale,0x008ED11A,A dragon scale with a noble\naura. Not even the harshest \nclimate could damage it.
1425,4,5,99,23,5,0,30000,3000,1,0,0,0,0x008C5547,E.Dragon Scale+,0x008ED16C,A dragon scale with a noble\naura. Not even the harshest \nclimate could damage it.
1426,4,5,99,23,5,0,40000,4000,1,0,0,0,0x008C5557,E.Dragon Shard,0x008ED1BE,A dragon scale with a noble\naura. Not even the harshest \nclimate could damage it.
1427,4,5,99,0,1,0,0,0,1,0,0,0,0x008C5566,B.Dragon Horn I,0x008ED210,The horn of a Fatalis.
1428,4,5,99,0,1,0,0,0,1,0,0,0,0x008C5576,B.Dragon Horn II,0x008ED227,The horn of a Fatalis.
1429,4,5,99,0,1,0,0,0,1,0,0,0,0x008C5587,B.Dragon Horn III,0x008ED23E,The horn of a Fatalis.
1430,4,5,99,0,1,0,0,0,1,0,0,0,0x008C5599,B.Dragon Wing I,0x008ED255,The wing of a Fatalis.
1431,4,5,99,0,1,0,0,0,1,0,0,0,0x008C55A9,B.Dragon Wing II,0x008ED26C,The wing of a Fatalis.
1432,4,5,99,0,1,0,0,0,1,0,0,0,0x008C55BA,B.Dragon Wing III,0x008ED283,The wing of a Fatalis.
1433,4,5,99,0,1,0,0,0,1,0,0,0,0x008C55CC,B.Dragon Scale I,0x008ED29A,The scale of a Fatalis.
1434,4,5,99,0,1,0,0,0,1,0,0,0,0x008C55DD,B.Dragon Scale II,0x008ED2B2,The scale of a Fatalis.
1435,4,5,99,0,1,0,0,0,1,0,0,0,0x008C55EF,B.Dragon Scale III,0x008ED2CA,The scale of a Fatalis.
1436,4,5,99,35,4,0,10000,1000,0,0,0,0,0x008C5602,Storm Sac,0x008ED2E2,A rumbling monster organ\ncharged with electricity.\nHandle with care!
1437,4,5,99,35,1,0,10000,1000,0,0,0,0,0x008C560C,Scorch Sac,0x008ED327,A monster organ filled with\nan explosive powder. Handle\nwith care!
1438,4,5,99,35,3,0,10000,1000,0,0,0,0,0x008C5617,Tidal Sac,0x008ED36A,A monster organ designed to\nhold and preserve water.\nHandle with care!
1439,4,5,99,35,0,0,10000,1000,0,0,0,0,0x008C5621,Glacial Sac,0x008ED3B1,A monster organ filled with\na freezing cold substance.\nHandle with care!
1440,4,5,99,35,6,0,10000,1000,0,0,0,0,0x008C562D,Coma Sac,0x008ED3FA,A monster organ filled with\na potent hypnotic powder.\nHandle with care!
1441,4,5,99,35,5,0,10000,1000,0,0,0,0,0x008C5636,Virulent Sac,0x008ED442,A monster organ filled with\na deadly toxin. Handle with\ncare!
1442,4,5,99,35,4,0,10000,1000,0,0,0,0,0x008C5643,Omniplegia Sac,0x008ED480,A monster organ designed to\nproduce a paralyzing neuro-\ntoxin. Handle with care!
1443,4,5,99,24,7,0,2500,250,0,0,0,0,0x008C5652,Monster Oil,0x008ED4D1,Translucent monster fat.\nCould it be used to alter\ncertain materials?
1444,4,5,99,24,7,0,20000,2000,0,0,0,0,0x008C565E,Monster Oil+,0x008ED517,Translucent monster fat.\nCould it be used to alter\ncertain materials?
1445,4,5,99,24,7,0,30000,3000,0,0,0,0,0x008C566B,ThickMonsterOil,0x008ED55D,Translucent monster fat.\nCould it be used to alter\ncertain materials?
1446,4,5,99,37,0,0,1000,100,0,0,0,0,0x008C567B,Capture Ticket,0x008ED5A3,A certificate issued for\ncapturing large monsters.\nTry collecting them?
1447,4,5,99,37,0,0,1000,100,0,0,0,0,0x008C568A,Partbreaker Tkt,0x008ED5EB,A certificate issued for\nbreaking large monsters'\nparts. Try collecting them?
1448,4,5,99,1,10,0,5000,500,0,0,0,0,0x008C569A,Sphere Fragment,0x008ED639,"The base for Armor Spheres.\nDespite the name, it looks\nmore like a metal shard."
1449,4,5,99,1,2,0,10000,1000,0,0,0,0,0x008C56AA,Lrg Armor Sphere,0x008ED689,A unique material made with\ncountless fragments. Used\nto upgrade certain armor.
1450,4,5,99,1,7,0,10000,1000,0,0,0,0,0x008C56BB,Spr Armor Sphere,0x008ED6D9,A unique material made with\ncountless fragments. Used\nto upgrade certain armor.
1451,4,5,99,1,5,0,10000,1000,0,0,0,0,0x008C56CC,Ult Armor Sphere,0x008ED729,A unique material made with\ncountless fragments. Used\nto upgrade certain armor.
1452,2,3,99,15,1,0,100,10,0,0,0,0,0x008C56DD,Red Dyegrass,0x008ED779,A rare herb that imparts a\nred hue when mixed with\nother materials.
1453,2,3,99,15,3,0,100,10,0,0,0,0,0x008C56EA,Blue Dyegrass,0x008ED7BD,A rare herb that imparts a\nblue hue when mixed with\nother materials.
1454,2,3,99,15,4,0,100,10,0,0,0,0,0x008C56F8,Yellow Dyegrass,0x008ED802,A rare herb that imparts a\nyellow hue when mixed with\nother materials.
1455,2,3,99,15,2,0,100,10,0,0,0,0,0x008C5708,Green Dyegrass,0x008ED849,A rare herb that imparts a\ngreen hue when mixed with\nother materials.
1456,2,3,99,15,5,0,100,10,0,0,0,0,0x008C5717,Purple Dyegrass,0x008ED88F,A rare herb that imparts a\npurple hue when mixed with\nother materials.
1457,2,3,99,15,10,0,100,10,0,0,0,0,0x008C5727,Black Dyegrass,0x008ED8D6,A rare herb that imparts a\nblack hue when mixed with\nother materials.
1458,2,3,99,15,0,0,100,10,0,0,0,0,0x008C5736,White Dyegrass,0x008ED91C,A rare herb that imparts a\nwhite hue when mixed with\nother materials.
1459,2,3,99,15,8,0,300,30,0,0,0,0,0x008C5745,Rainbow Dyegrass,0x008ED962,A rare herb that can turn\ninto a Dyegrass of any color\nwhen put in the Meowka Pot.
1460,4,5,99,37,6,0,0,0,0,0,0,0,0x008C5756,Cryst Lance Tkt,0x008ED9B5,Instructions on forging the\nCrystal Lance. Bring them to\nthe Smithy!
1461,4,5,99,37,0,0,0,0,0,0,0,0,0x008C5766,Promise Ticket H,0x008ED9FA,Instructions on forging the\nPromise Headgear. Bring them\nto the Smithy!
1462,4,5,99,37,0,0,0,0,0,0,0,0,0x008C5777,Promise Ticket C,0x008EDA42,Instructions on forging the\nPromise Mail. Bring them to\nthe Smithy!
1463,4,5,99,37,0,0,0,0,0,0,0,0,0x008C5788,Promise Ticket A,0x008EDA86,Instructions on forging the\nPromise Braces. Bring them\nto the Smithy!
1464,4,5,99,37,0,0,0,0,0,0,0,0,0x008C5799,Promise Ticket W,0x008EDACC,Instructions on forging the\nPromise Coat. Bring them to\nthe Smithy!
1465,4,5,99,37,0,0,0,0,0,0,0,0,0x008C57AA,Promise Ticket L,0x008EDB10,Instructions on forging the\nPromise Boots. Bring them to\nthe Smithy!
1466,4,5,99,37,1,0,0,0,0,0,0,0,0x008C57BB,RathTrophyDesign,0x008EDB55,A design for a Rathalos\nhead trophy. Bring it to\nthe Furniture Store!
1467,4,5,99,34,0,0,0,0,8,0,0,0,0x008C57CC,Guild Emblem,0x008EDB9B,Meticulously crafted by a\nGuild-certified engraver.\nA one of a kind gem.
1468,4,5,99,37,0,0,10000,1000,6,0,0,0,0x008C57D9,Guild Cheque,0x008EDBE4,A check given if the Quest\nreward is deemed too small.\nNo choice but to sell it.
1469,4,5,1,27,1,0,0,0,8,0,0,0,0x008C57E6,Red Lump,0x008EDC35,"Seemingly a piece of junk,\nbut maybe it could be used\nas a weapon material...?"
1470,2,3,1,27,8,0,0,0,8,0,0,0,0x008C57EF,Red Chunk,0x008EDC84,"Seemingly a piece of junk,\nbut maybe it could be used\nas a weapon material...?"
1471,4,5,99,37,4,0,60000,60000,6,0,0,0,0x008C57F9,Prism Porta Tkt,0x008EDCD3,A coupon that can be sold\nfor a hefty sum. The stamp's\ncolor dictates the price.
1472,4,5,99,37,4,0,50000,50000,6,0,0,0,0x008C5809,Pink Porta Tkt,0x008EDD24,A coupon that can be sold\nfor a hefty sum. The stamp's\ncolor dictates the price.
1473,4,5,99,37,4,0,40000,40000,6,0,0,0,0x008C5818,Red Porta Tkt,0x008EDD75,A coupon that can be sold\nfor a hefty sum. The stamp's\ncolor dictates the price.
1474,4,5,99,37,4,0,30000,30000,6,0,0,0,0x008C5826,Blue Porta Tkt,0x008EDDC6,A coupon that can be sold\nfor a hefty sum. The stamp's\ncolor dictates the price.
1475,4,5,99,37,4,0,20000,20000,6,0,0,0,0x008C5835,Yellow Porta Tkt,0x008EDE17,A coupon that can be sold\nfor a hefty sum. The stamp's\ncolor dictates the price.
1476,4,5,99,37,4,0,10000,10000,6,0,0,0,0x008C5846,Green Porta Tkt,0x008EDE68,A coupon that can be sold\nfor a hefty sum. The stamp's\ncolor dictates the price.
1477,4,5,99,37,4,0,5000,5000,6,0,0,0,0x008C5856,Orange Porta Tkt,0x008EDEB9,A coupon that can be sold\nfor a hefty sum. The stamp's\ncolor dictates the price.
1478,4,5,99,37,4,0,1000,1000,6,0,0,0,0x008C5867,Purple Porta Tkt,0x008EDF0A,A coupon that can be sold\nfor a hefty sum. The stamp's\ncolor dictates the price.
1479,4,5,99,37,4,0,1,1,6,0,0,0,0x008C5878,White Porta Tkt,0x008EDF5B,A coupon that can be sold\nfor a hefty sum. The stamp's\ncolor dictates the price.
1480,4,5,99,37,4,0,1,1,6,0,0,0,0x008C5888,Black Porta Tkt,0x008EDFAC,A coupon that can be sold\nfor a hefty sum. The stamp's\ncolor dictates the price.
1481,4,5,1,35,8,0,5560,556,8,0,0,0,0x008C5898,Maiden's Health,0x008EDFFD,Rarely restores Health when\nhit by an attack. May break\nupon use.
1482,4,5,1,35,8,0,5560,556,8,0,0,0,0x008C58A8,Maiden's Shelter,0x008EE03F,Rarely reduces damage taken\nwhen hit by an attack. May\nbreak upon use.
1483,4,5,1,35,8,0,5560,556,8,0,0,0,0x008C58B9,Maiden's Spirit,0x008EE086,Rarely restores and boosts\nyour Stamina when hit by an\nattack. May break upon use.
1484,4,5,10,2,4,0,0,10,5,0,0,0,0x008C58C9,Paint T.Bomb,0x008EE0D9,A prototype throwing bomb\nwith the same effect as a\nPaintball.
1485,4,5,5,2,4,0,0,10,5,0,0,0,0x008C58D6,Sleep T.Bomb,0x008EE118,A prototype throwing bomb\ninfused with a soporific\npowder.
1486,4,5,5,49,4,0,48,10,5,0,0,0,0x008C58E3,Boomerang+,0x008EE153,An upgraded version of the\nBoomerang. Returns to its\nuser when thrown.
1487,4,5,3,25,10,0,0,10,5,0,0,0,0x008C58EE,Boiled Silver Egg,0x000F3BA8,口にすることで、体力を中量\n回復し、一定時間皮膚を硬質\n化させる。
1488,4,5,1,25,4,0,0,10,5,0,0,0,0x008C5900,Boiled Gold Egg,0x000F3BE9,口にすることで、体力の上限\nを最大まで上昇し、完全回復\nし、一定時間硬質化させる。
1489,4,5,3,18,4,0,0,10,5,0,0,0,0x008C5910,Brace Seed,0x008EE19A,Prevents you from being\nflinched by allies. Banned\nin the Grand Tournament.
1490,4,5,50,27,10,0,0,10,3,0,0,0,0x008C591B,Stone+,0x000F3C85,従来の石ころよりも大きめな\n石ころ。\nよって威力も大きめ。
1491,4,5,5,24,8,0,450,10,5,0,0,0,0x008C5922,Terrain Drink,0x008EE1E6,Temporarily provides relief\nfrom extreme heat or cold.
1492,4,5,10,2,4,0,0,10,5,0,0,0,0x008C5930,Thunder T.Bomb,0x008EE21D,"A small, experimental hand-\nthrown bomb imbued with the\nThunder element."
1493,4,5,10,2,6,0,0,10,5,0,0,0,0x008C593F,Ice T.Bomb,0x008EE266,"A small, experimental hand-\nthrown bomb imbued with the\nIce element."
1494,4,5,2,2,4,0,0,10,5,0,0,0,0x008C594A,Thunder B.Bomb,0x008EE2AB,A large barrel bomb imbued\nwith Thunder.
1495,4,5,2,2,5,0,0,10,5,0,0,0,0x008C5959,Poison B.Bomb,0x008EE2D4,A large barrel bomb imbued\nwith Poison.
1496,4,5,2,2,6,0,0,10,5,0,0,0,0x008C5967,Ice B.Bomb,0x008EE2FC,A large barrel bomb imbued\nwith Ice.
1497,4,5,2,2,6,0,0,10,5,0,0,0,0x008C5972,Sleep B.Bomb,0x008EE321,A large barrel bomb filled\nwith a soporific powder.
1498,4,5,2,2,4,0,0,10,5,0,0,0,0x008C597F,Paralysis B.Bomb,0x008EE355,A large barrel bomb filled\nwith a paralyzing toxin.
1499,4,5,20,2,4,0,48,10,5,0,0,0,0x008C5990,Rolling Bomb,0x008EE389,"A small, experimental barrel\nbomb designed to be rolled\non the ground."
1500,4,5,20,7,7,0,48,10,5,0,0,0,0x008C599D,Whetstone+,0x008EE3D0,A rare Whetstone boasting\nsuperior Sharpness-restoring\nproperties.
1501,4,5,5,7,6,0,48,10,5,0,0,0,0x008C59A8,Rapid Whetstone,0x008EE413,"A Whetstone made of special\nore. Allows for faster use,\nbut restores less Sharpness."
1502,4,5,3,33,4,0,477,10,5,0,0,0,0x008C59B8,Disp. Earplugs,0x008EE468,One-use earplugs that negate\nthe effects of large monster\nroars.
1503,4,5,3,33,4,0,0,10,5,0,0,0,0x008C59C7,Disp. Earplugs+,0x008EE4A9,One-use high-grade earplugs\nthat negate the effects of\nlarge monster roars.
1504,4,5,1,21,1,0,0,10,5,0,0,0,0x008C59D7,[Old] Pitfall Bomb,0x000F3FF5,落とし穴にタル爆弾を仕込ん\nだ罠。負荷がかかると発動す\nる仕組みになっている。
1505,4,5,3,35,1,0,286,10,5,0,0,0,0x008C59EA,Hot Powder,0x008EE4F5,A powder that provides\nrelief from extreme cold\nto you and nearby allies.
1506,4,5,3,35,6,0,286,10,5,0,0,0,0x008C59F5,Cool Powder,0x008EE53F,A powder that provides\nrelief from extreme heat\nto you and nearby allies.
1507,4,5,3,35,5,0,48,10,5,0,0,0,0x008C5A01,Detox Powder,0x008EE589,A mysterious powder that\nremoves poison from you\nand any nearby allies.
1508,4,5,3,35,6,0,0,10,5,0,0,0,0x008C5A0E,Awakening Powder,0x008EE5D1,A mysterious powder that\nawakens any nearby allies\nfrom Sleep.
1509,4,5,3,35,4,0,0,10,5,0,0,0,0x008C5A1F,Paralysis Powder,0x008EE610,A mysterious powder that\ncures any nearby allies\nfrom Paralysis.
1510,4,5,3,21,10,0,0,10,5,0,0,0,0x008C5A30,Lightning Rod+,0x008EE651,"An improved Lightning Rod.\nThough stronger, it remains\nunusable on clear days."
1511,4,5,5,35,0,0,0,10,4,0,0,0,0x008C5A3F,Herbal Medicine+,0x008EE6A0,Cures poison and recovers\nHealth when ingested.
1512,3,4,20,2,4,0,0,0,5,0,0,0,0x008C5A50,EZ Throwing Bomb,0x000F4229,支給品専用の投げタル爆弾。\n性能は全く同じ。\n~C05（支給品専用）
1513,3,4,2,2,1,0,0,0,5,0,0,0,0x008C5A61,EZ MegaBarrelBomb,0x000F4268,支給品専用の大タル爆弾Ｇ２。\n性能は全く同じ。\n~C05（支給品専用）
1514,4,5,99,34,1,0,0,0,6,0,0,0,0x008C5A73,Red N Medal,0x008EE6D0,"A red medal made of rare\nore. Inscribed with a ""N""-\nshaped mark."
1515,4,5,99,34,3,0,0,0,6,0,0,0,0x008C5A7F,Blue N Medal,0x008EE711,"A blue medal made of rare\nore. Inscribed with a ""N""-\nshaped mark."
1516,4,5,99,34,5,0,0,0,6,0,0,0,0x008C5A8C,Purple N Medal,0x008EE753,"A purple medal made of rare\nore. Inscribed with a ""N""-\nshaped mark."
1517,4,5,1,27,10,0,0,0,8,0,0,0,0x008C5A9B,White Lump,0x000F395C,薄汚れたガラクタに見える。\nこれだけでは使い道がないが、\n武器の素材になるかも…。
1518,2,3,1,27,0,0,0,0,8,0,0,0,0x008C5AA6,White Chunk,0x000F395C,薄汚れたガラクタに見える。\nこれだけでは使い道がないが、\n武器の素材になるかも…。
1519,4,5,99,27,10,0,1500,150,3,0,0,0,0x008C5AB2,Black Meteorite,0x000F436C,空から降ってきたと言われる\n光の反射が著しく弱い石。\nかろうじて黒い色に見える。
1520,4,5,99,37,5,0,0,0,8,0,0,0,0x008C5AC2,Fest Ticket,0x008EE797,An award given to hunters\nwho've honed their skills\nduring the Hunter Fest.
1521,4,5,99,36,1,0,0,0,8,0,0,0,0x008C5ACE,Ancient Hymn,0x000F440E,古代への強い憧憬を持つ民が\n多い、ある異国の書物。\n古代の文明への賛美の歌集。
1522,4,5,99,37,0,0,0,0,0,0,0,0,0x008C5ADB,Referral Ticket,0x000F445B,友と新天地に生きる狩人へ、\n特別に贈られる証。武具工房\nで限定品と引き換えられる。
1523,4,5,99,25,10,0,100,10,0,0,0,0,0x008C5AEB,Egg Pieces,0x000F44AC,モンスターの卵のかけら。\n割れてしまったので\nせめて殻だけでも・・・。
1524,4,5,99,33,0,0,100,10,0,0,0,0,0x008C5AF6,Hunter Tome,0x000F44F1,アツく燃える狩人の座右の銘。\n狩人にとって最も大切なもの\nを思い出させてくれる。
1525,2,3,99,24,0,0,800,80,4,0,0,0,0x008C5B02,Nutritious Drink,0x008EE7E3,An infusion used to create\nvarious highly nutritious\ndrinks. Try combining it!
1526,2,3,99,24,2,0,100,10,4,0,0,0,0x008C5B13,Health Drink,0x008EE832,A beverage that increases\nyour Health. As nutritious\nas a cooked meal.
1527,2,3,99,24,4,0,100,10,4,0,0,0,0x008C5B20,Stamina Drink,0x008EE879,A beverage that increases\nyour Stamina. As nutritious\nas a cooked meal.
1528,2,3,99,24,1,0,100,10,4,0,0,0,0x008C5B2E,Attack Drink,0x008EE8C1,A beverage that increases\nyour Attack. As nutritious\nas a cooked meal.
1529,2,3,99,24,3,0,100,10,4,0,0,0,0x008C5B3B,Defense Drink,0x008EE908,A beverage that increases\nyour Defense. As nutritious\nas a cooked meal.
1530,4,5,99,37,8,0,0,0,6,0,0,0,0x008C5B49,Fest Memories,0x008EE950,A reward for those who've\nhoned their skills during\nthe Hunter Fest.
1531,4,5,1,37,0,0,100000,10000,0,0,0,0,0x008C5B57,Diploma,0x008EE995,Given to those who've passed\nthe Rookie Clan Hunting Exam\nwith flying colors.
1532,4,5,99,37,4,0,0,0,0,0,0,0,0x008C5B5F,Eques Edge Tkt,0x008EE9E3,Instructions on forging the\nEques Edge. Bring them to\nthe Smithy!
1533,4,5,99,37,3,0,0,0,0,0,0,0,0x008C5B6E,Stellar Ticket,0x008EEA25,Instructions on forging the\nStar armor. Bring them to\nthe Smithy!
1534,4,5,99,37,1,0,0,0,0,0,0,0,0x008C5B7D,Star Ticket,0x008EEA67,Instructions on forging the\nStellar armor. Bring them to\nthe Smithy!
1535,4,5,99,37,10,0,0,0,0,0,0,0,0x008C5B89,Noir Tkt: Head,0x008EEAAC,Instructions on forging the\nNoir Headgear. Bring them to\nthe Smithy!
1536,4,5,3,7,10,0,0,50,0,0,0,0,0x008C5B98,Gunlance Coolant,0x008EEAF1,Allows for quick reuse of\nWyvern's Fire.\n~C05(Gunlance Only)
1537,4,5,3,0,3,0,0,50,0,0,0,0,0x008C5BA9,Nearcaster,0x008EEB2E,A mysterious grenade that\ninstantly transports you\nto another hunter.
1538,4,5,5,24,1,0,0,50,0,0,0,0,0x008C5BB4,Firedouse Elixir,0x008EEB74,A beverage that temporarily\nincreases Fire Resistance\nwhen ingested.
1539,4,5,5,24,3,0,0,50,0,0,0,0,0x008C5BC5,Waterblock Brew,0x008EEBB9,A beverage that temporarily\nincreases Water Resistance\nwhen ingested.
1540,4,5,5,24,0,0,0,50,0,0,0,0,0x008C5BD5,Icethaw Potion,0x008EEBFF,A beverage that temporarily\nincreases Ice Resistance\nwhen ingested.
1541,4,5,5,24,4,0,0,50,0,0,0,0,0x008C5BE4,Stormsender Brew,0x008EEC43,A beverage that temporarily\nincreases Thunder Resistance\nwhen ingested.
1542,4,5,5,24,5,0,0,50,0,0,0,0,0x008C5BF5,Dragonbane Potion,0x008EEC8B,A beverage that temporarily\nincreases Dragon Resistance\nwhen ingested.
1543,4,5,3,37,5,0,0,50,0,0,0,0,0x008C5C07,Poison Charm,0x008EECD2,A talisman that fends off\nPoison. Breaks when used.
1544,4,5,3,37,6,0,0,50,0,0,0,0,0x008C5C14,Sleep Charm,0x008EED06,A talisman that shakes off\nSleep. Breaks when used.
1545,4,5,3,37,4,0,0,50,0,0,0,0,0x008C5C20,Paralysis Charm,0x008EED3A,A talisman that fends off\nParalysis. Breaks when used.
1546,4,5,1,37,1,0,0,100,0,0,0,0,0x008C5C30,Guts Ticket,0x008EED71,"Allows you to withstand a\nlethal blow, unless close\nto death. Breaks when used."
1547,4,5,3,80,2,0,0,50,0,0,0,0,0x008C5C3C,Green Elixir,0x008EEDC1,"A truly disgusting beverage.\nOne sip kills your will to\nlive, no matter how strong."
1548,4,5,3,80,4,0,0,50,0,0,0,0,0x008C5C49,Yellow Elixir,0x008EEE15,A fatigue-inducing beverage.\nDrastically reduces Stamina\nwhen ingested.
1549,4,5,1,35,2,0,0,50,0,0,0,0,0x008C5C57,Emergency Bag,0x008EEE5D,A pouch filled with various\nconsumable items. Who knows\nwhat you'll get!
1550,4,5,1,30,6,0,0,10,0,0,0,0,0x008C5C65,Merc Recall,0x008EEEA6,Orders Mercenaries to return\nafter they've retreated. May\nbreak when used.
1551,4,5,1,30,6,0,0,10,0,0,0,0,0x008C5C71,Merc Cover,0x008EEEF1,Orders Mercenaries to stay\nby your side. May break when\nused.
1552,4,5,1,30,8,0,0,10,0,0,0,0,0x008C5C7C,Poogie Flute,0x008EEF2F,Causes your Poogie to bring\nyou Herbs when out in the\nfield. May break when used.
1553,4,5,5,24,1,0,0,50,0,0,0,0,0x008C5C89,Spirit Drink,0x008EEF81,A beverage that instantly\nfills up your Spirit Gauge.\n~C05(Long Sword Only)
1554,4,5,5,24,4,0,0,50,0,0,0,0,0x008C5C96,Immunizer+,0x008EEFCD,Further boosts your natural\nability to heal.
1555,4,5,99,27,7,0,0,50,0,0,0,0,0x008C5CA1,Caravan Stone,0x008EEFFA,A precious stone that even\nthe people of the Caravan\nrarely get to see.
1556,4,5,99,1,7,0,0,50,0,0,0,0,0x008C5CAF,Caravan Jewel,0x008EF042,A precious jewel that even\nthe people of the Caravan\nrarely get to see.
1557,4,5,99,15,7,0,0,50,0,0,0,0,0x008C5CBD,Caravan Herb,0x008EF08A,A precious herb that even\nthe people of the Caravan\nrarely get to see.
1558,4,5,5,18,2,0,100,10,0,0,0,0,0x008C5CCA,Haste Seed,0x008EF0D1,Temporarily raises your\nmovement speed when\ningested. ~C05(Account Item)~C00
1559,0,1,1,0,0,0,0,0,0,0,0,0,0x0000276D,ダミー,0x000DF952,dummy
1560,0,1,1,0,0,0,0,0,0,0,0,0,0x0000276D,ダミー,0x000DF952,dummy
1561,0,1,1,0,0,0,0,0,0,0,0,0,0x0000276D,ダミー,0x000DF952,dummy
1562,0,1,1,0,0,0,0,0,0,0,0,0,0x0000276D,ダミー,0x000DF952,dummy
1563,0,1,1,0,0,0,0,0,0,0,0,0,0x0000276D,ダミー,0x000DF952,dummy
1564,0,1,1,0,0,0,0,0,0,0,0,0,0x0000276D,ダミー,0x000DF952,dummy
1565,0,1,1,0,0,0,0,0,0,0,0,0,0x0000276D,ダミー,0x000DF952,dummy
1566,0,1,1,0,0,0,0,0,0,0,0,0,0x0000276D,ダミー,0x000DF952,dummy
1567,0,1,1,0,0,0,0,0,0,0,0,0,0x0000276D,ダミー,0x000DF952,dummy
1568,0,1,1,0,0,0,0,0,0,0,0,0,0x0000276D,ダミー,0x000DF952,dummy
1569,0,1,1,0,0,0,0,0,0,0,0,0,0x0000276D,ダミー,0x000DF952,dummy
1570,0,1,1,0,0,0,0,0,0,0,0,0,0x0000276D,ダミー,0x000DF952,dummy
1571,0,1,1,0,0,0,0,0,0,0,0,0,0x0000276D,ダミー,0x000DF952,dummy
1572,0,1,1,0,0,0,0,0,0,0,0,0,0x0000276D,ダミー,0x000DF952,dummy
1573,0,1,1,0,0,0,0,0,0,0,0,0,0x0000276D,ダミー,0x000DF952,dummy
1574,0,1,1,0,0,0,0,0,0,0,0,0,0x0000276D,ダミー,0x000DF952,dummy
1575,0,1,1,0,0,0,0,0,0,0,0,0,0x0000276D,ダミー,0x000DF952,dummy
1576,0,1,1,0,0,0,0,0,0,0,0,0,0x0000276D,ダミー,0x000DF952,dummy
1577,0,1,1,0,0,0,0,0,0,0,0,0,0x0000276D,ダミー,0x000DF952,dummy
1578,3,4,99,24,4,0,0,99,4,0,0,0,0x008C5CD5,Flower Extract,0x008EF11E,A liquid extracted from the\nflowers that bloomed in the\nHaven. Highly versatile.
1579,4,5,30,50,7,5,1000,100,5,0,0,0,0x008C5CE4,Bst Coat,0x008EF16F,An arrow coating that adds\nexplosive properties to\nMighty Weapons. Capacity: 30
1580,2,3,1,47,2,0,1000,100,8,0,0,0,0x008C5CED,VS Banecaster,0x008EF1BF,Instantly returns an enemy\nto Base Camp.\n~C05(VS Quests Only)
1581,2,3,3,47,8,0,520,52,8,0,0,0,0x008C5CFB,VS Barrel Bomb,0x008EF1FD,A bomb buried in the ground.\nSet off by enemy Hunters.\n~C05(VS Quests Only)
1582,2,3,2,47,1,0,800,80,8,0,0,0,0x008C5D0A,VS Barrel Bomb+,0x008EF249,An improved VS Barrel Bomb.\nSet off by enemy hunters.\n~C05(VS Quests Only)
1583,2,3,2,47,7,0,320,32,8,0,0,0,0x008C5D1A,VS Shock Trap,0x008EF294,A trap designed to stop\nenemy Hunters from moving.\n~C05(VS Quests Only)
1584,2,3,2,47,5,0,5000,500,8,0,0,0,0x008C5D28,VS Poison Trap,0x008EF2DC,A trap that shoots poisoned\nblades when set off.\n~C05(VS Quests Only)
1585,2,3,2,47,6,0,5000,500,8,0,0,0,0x008C5D37,VS Sleep Trap,0x008EF322,A trap that emits a sleep-\ninducing powder when set\noff. ~C05(VS Quests Only)
1586,2,3,5,21,3,0,5000,500,8,0,0,0,0x008C5D45,VS Trap Breaker,0x008EF370,A tool for disarming traps\nset by enemy hunters.\n~C05(VS Quests Only)
1587,2,3,2,47,10,0,5000,500,8,0,0,0,0x008C5D55,VS Rust Trap,0x008EF3B6,A trap that uses a special\nblast to blunt weapons.\n~C05(VS Quests Only)
1588,2,3,2,47,4,0,5000,500,8,0,0,0,0x008C5D62,VS Flash Trap,0x008EF3FE,A trap that emits a dazzling\nflash of light when set off.\n~C05(VS Quests Only)
1589,2,3,2,47,5,0,5000,500,8,0,0,0,0x008C5D70,VS Dung Trap,0x008EF44D,A trap that releases a\nhorrible stench when set\noff. ~C05(VS Quests Only)
1590,0,1,1,0,0,0,0,0,0,0,0,0,0x0000276D,ダミー,0x000DF952,dummy
1591,0,1,1,0,0,0,0,0,0,0,0,0,0x0000276D,ダミー,0x000DF952,dummy
1592,0,1,1,0,0,0,0,0,0,0,0,0,0x0000276D,ダミー,0x000DF952,dummy
1593,0,1,1,0,0,0,0,0,0,0,0,0,0x0000276D,ダミー,0x000DF952,dummy
1594,0,1,1,0,0,0,0,0,0,0,0,0,0x0000276D,ダミー,0x000DF952,dummy
1595,2,3,1,47,2,0,0,0,0,0,0,0,0x008C5D7D,EZ VS Banecaster,0x008EF497,Instantly returns an enemy\nto Base Camp.\n~C05(VS Quest Supply Item)
1596,2,3,3,47,8,0,0,0,0,0,0,0,0x008C5D8E,EZ VS Barrel Bomb,0x008EF4DB,A bomb buried in the ground.\nSet off by enemy Hunters.\n~C05(VS Quest Supply Item)
1597,2,3,2,47,1,0,0,0,0,0,0,0,0x008C5DA0,EZ VS Barrel Bomb+,0x008EF52D,An improved VS Barrel Bomb.\nSet off by enemy hunters.\n~C05(VS Quest Supply Item)
1598,2,3,2,47,7,0,0,0,0,0,0,0,0x008C5DB3,EZ VS Shock Trap,0x008EF57E,A trap designed to stop\nenemy Hunters from moving.\n~C05(VS Quest Supply Item)
1599,2,3,2,47,5,0,0,0,0,0,0,0,0x008C5DC4,EZ VS Poison Trap,0x008EF5CC,A trap that shoots poisoned\nblades when set off.\n~C05(VS Quest Supply Item)
1600,2,3,2,47,6,0,0,0,0,0,0,0,0x008C5DD6,EZ VS Sleep Trap,0x008EF618,A trap that emits a sleep-\ninducing powder when set\noff. ~C05(VS Quest Supply Item)
1601,2,3,5,21,3,0,5000,500,8,0,0,0,0x008C5DE7,EZ VS Trap Breaker,0x008EF66C,A tool for disarming traps\nset by enemy hunters.\n~C05(VS Quest Supply Item)
1602,2,3,2,47,10,0,5000,500,8,0,0,0,0x008C5DFA,EZ VS Rust Trap,0x008EF6B8,A trap that uses a special\nblast to blunt weapons.\n~C05(VS Quest Supply Item)
1603,2,3,2,47,4,0,5000,500,8,0,0,0,0x008C5E0A,EZ VS Flash Trap,0x008EF706,A trap that emits a dazzling\nflash of light when set off.\n~C05(VS Quest Supply Item)
1604,2,3,2,47,5,0,5000,500,8,0,0,0,0x008C5E1B,EZ VS Dung Trap,0x008EF75B,A trap that releases a\nhorrible stench when set\noff. ~C05(VS Quest Supply Item)
1605,0,1,1,0,0,0,0,0,0,0,0,0,0x0000276D,ダミー,0x000DF952,dummy
1606,0,1,1,0,0,0,0,0,0,0,0,0,0x0000276D,ダミー,0x000DF952,dummy
1607,0,1,1,0,0,0,0,0,0,0,0,0,0x0000276D,ダミー,0x000DF952,dummy
1608,0,1,1,0,0,0,0,0,0,0,0,0,0x0000276D,ダミー,0x000DF952,dummy
1609,0,1,1,0,0,0,0,0,0,0,0,0,0x0000276D,ダミー,0x000DF952,dummy
1610,4,5,99,37,0,0,0,0,0,0,0,0,0x008C5E2B,Completion Ticket,0x008EF7AB,A ticket used to redeem a\nplethora of Pawprint Coins.\nGiven by a certain peddler.
1611,4,5,99,37,2,0,0,0,0,0,0,0,0x008C5E3D,Guild Stamp,0x008EF7FD,A stamp given by the Guild.\nUsed for various purposes.
1612,3,4,99,37,4,0,0,0,6,0,0,0,0x008C5E49,VS Ticket,0x008EF834,"A ticket made for hunters\nwith a strong, competitive\nspirit."
1613,4,5,99,35,8,0,200,20,0,0,0,0,0x008C5E53,Great Luck Charm,0x008EF871,An amulet said to increase\nthe rewards of the hunt and\nbring about great luck.
1614,4,5,99,37,1,0,0,0,0,0,0,0,0x008C5E64,D.Rapier Ticket,0x008EF8C0,Instructions on forging the\nDragoon Rapier. Bring them\nto the Smithy!
1615,4,5,99,37,3,0,0,0,0,0,0,0,0x008C5E74,W.Rapier Ticket,0x008EF906,Instructions on forging the\nWater Rapier. Bring them to\nthe Smithy!
1616,4,5,99,37,1,0,0,0,0,0,0,0,0x008C5E84,S.Carbine Ticket,0x008EF94A,Instructions on forging the\nSolid Carbine. Bring them to\nthe Smithy!
1617,4,5,99,37,1,0,0,0,0,0,0,0,0x008C5E95,S.Carbine Tkt+,0x008EF98F,Instructions on forging the\nSolid Carbine+. Bring them\nto the Smithy!
1618,4,5,99,37,1,0,0,0,0,0,0,0,0x008C5EA4,M.Carbine Tkt,0x008EF9D5,Instructions on forging the\nMaterial Carbine. Bring them\nto the Smithy!
1619,4,5,99,37,3,0,0,0,0,0,0,0,0x008C5EB2,L.Carbine Ticket,0x008EFA1D,Instructions on forging the\nLiquid Carbine. Bring them\nto the Smithy!
1620,4,5,99,37,3,0,0,0,0,0,0,0,0x008C5EC3,L.Carbine Ticket+,0x008EFA63,Instructions on forging the\nLiquid Carbine+. Bring them\nto the Smithy!
1621,4,5,99,37,3,0,0,0,0,0,0,0,0x008C5ED5,E.Carbine Ticket,0x008EFAAA,Instructions on forging\nthe Elemental Carbine.\nBring them to the Smithy!
1622,4,5,99,37,3,0,0,0,0,0,0,0,0x008C5EE6,Lien Ticket H,0x008EFAF3,Instructions on forging the\nLien armor. Bring them to\nthe Smithy!
1623,4,5,99,37,3,0,0,0,0,0,0,0,0x008C5EF4,Lien Ticket C,0x008EFB35,Instructions on forging the\nLien armor. Bring them to\nthe Smithy!
1624,4,5,99,37,3,0,0,0,0,0,0,0,0x008C5F02,Lien Ticket A,0x008EFB77,Instructions on forging the\nLien armor. Bring them to\nthe Smithy!
1625,4,5,99,37,3,0,0,0,0,0,0,0,0x008C5F10,Lien Ticket W,0x008EFBB9,Instructions on forging the\nLien armor. Bring them to\nthe Smithy!
1626,4,5,99,37,3,0,0,0,0,0,0,0,0x008C5F1E,Lien Ticket L,0x008EFBFB,Instructions on forging the\nLien armor. Bring them to\nthe Smithy!
1627,4,5,99,37,0,0,0,0,0,0,0,0,0x008C5F2C,Para Ticket I,0x008EFC3D,Instructions on forging the\nParachan Gun I. Bring them\nto the Smithy!
1628,4,5,99,37,0,0,0,0,0,0,0,0,0x008C5F3A,Para Ticket II,0x008EFC83,Instructions on forging the\nParachan Gun II. Bring them\nto the Smithy!
1629,4,5,99,37,0,0,0,0,0,0,0,0,0x008C5F49,Para Ticket III,0x008EFCCA,Instructions on forging the\nParachan Gun Ⅲ. Bring them\nto the Smithy!
1630,4,5,99,37,3,0,0,0,0,0,0,0,0x008C5F59,HL Ticket,0x008EFD11,A token of appreciation\ngiven to devoted hunters.\nBring it to the Smithy!
1631,4,5,99,37,1,0,0,0,0,0,0,0,0x008C5F63,EX Ticket,0x008EFD5B,A token of appreciation\ngiven to exuberant hunters.\nBring it to the Smithy!
1632,4,5,99,37,2,0,0,0,0,0,0,0,0x008C5F6D,CA Ticket,0x008EFDA7,A token of appreciation\ngiven to rookie hunters.\nBring it to the Smithy!
1633,4,5,99,37,0,0,0,0,0,0,0,0,0x008C5F77,Bartender Ticket,0x008EFDF0,A special ticket given to\npromising rookie hunters.\nBring it to the Smithy!
1634,4,5,99,33,7,0,0,0,0,0,0,0,0x008C5F88,Red Cat Memory 1,0x008EFE3C,A mysterious material used\nto craft the Red Cat suit.\nOnly found during Summer.
1635,4,5,99,33,6,0,0,0,0,0,0,0,0x008C5F99,Red Cat Memory 2,0x008EFE8C,A mysterious material used\nto craft the Red Cat suit.\nOnly found during Winter.
1636,4,5,99,33,2,0,0,0,0,0,0,0,0x008C5FAA,Red Cat Memory 3,0x008EFEDC,A mysterious material used\nto craft the Red Cat suit.\nOnly found during Spring.
1637,4,5,99,34,0,0,0,0,0,0,0,0,0x008C5FBB,Clean Coin,0x008EFF2C,A coin with a pure aura.\nUsed to upgrade a certain\narmor set at the Workshop.
1638,4,5,99,34,1,0,0,0,0,0,0,0,0x008C5FC6,Winner's Coin,0x008EFF7A,A symbol of victory. Its\nowner should be ever aware\nof their own might.
1639,4,5,99,37,0,0,0,0,0,0,0,0,0x008C5FD4,Small Fish Print,0x008EFFC2,A fish rubbing preserved as\na memento of a prized catch.
1640,4,5,99,37,0,0,0,0,0,0,0,0,0x008C5FE5,Large Fish Print,0x008EFFFB,A fish rubbing preserved as\na memento of a prized catch.
1641,4,5,99,1,4,0,0,0,0,0,0,0,0x008C5FF6,Angler Ticket,0x008F0034,A ticket given by the Guild\nto devoted anglers. Used to\ncraft a certain weapon.
1642,4,5,99,34,0,0,0,0,0,0,0,0,0x008C6004,N.Year Gift (Ox),0x008F0084,"A bag received on New Year's\nEve. Filled with something,\nbut definitely not zenny."
1643,4,5,99,9,4,0,0,0,0,0,0,0,0x008C6015,Charged Spike,0x008F00D7,Part of a spike dropped by\nthe Belkuros. Electrified\nand tingly to the touch.
1644,4,5,99,37,3,0,0,0,0,0,0,0,0x008C6023,BP Ticket 1,0x008F0125,"A ticket made of special,\nrare paper. Can be exchanged\nfor a special item."
1645,4,5,99,37,3,0,0,0,0,0,0,0,0x008C602F,BP Ticket 2,0x008F0170,"A ticket made of special,\nrare paper. Can be exchanged\nfor a special item."
1646,4,5,99,37,3,0,0,0,0,0,0,0,0x008C603B,BP Ticket 3,0x008F01BB,"A ticket made of special,\nrare paper. Can be exchanged\nfor a special item."
1647,4,5,99,37,3,0,0,0,0,0,0,0,0x008C6047,BP Ticket 4,0x008F0206,"A ticket made of special,\nrare paper. Can be exchanged\nfor a special item."
1648,4,5,99,37,3,0,0,0,0,0,0,0,0x008C6053,BP Ticket 5,0x008F0251,"A ticket made of special,\nrare paper. Can be exchanged\nfor a special item."
1649,4,5,99,37,3,0,0,0,0,0,0,0,0x008C605F,BP Ticket 6,0x008F029C,"A ticket made of special,\nrare paper. Can be exchanged\nfor a special item."
1650,4,5,99,37,3,0,0,0,0,0,0,0,0x008C606B,BP Ticket 7,0x008F02E7,"A ticket made of special,\nrare paper. Can be exchanged\nfor a special item."
1651,4,5,99,37,3,0,0,0,0,0,0,0,0x008C6077,BP Ticket 8,0x008F0332,"A ticket made of special,\nrare paper. Can be exchanged\nfor a special item."
1652,1,2,10,27,0,0,1000,100,3,0,0,0,0x008C6083,Rock Salt,0x008F037D,High-grade salt crystals.\nAlways in demand.\n~C05(Account Item)
1653,4,5,99,27,6,0,1000,100,3,0,0,0,0x008C608D,Beryl Ore,0x008F03BC,An ore that turns green when\nmixed with certain elements.\nAs beautiful as it is tough.
1654,4,5,99,27,3,0,1000,100,3,0,0,0,0x008C6097,Ammonite Ore,0x008F0413,Ancient-looking ore with\na whirlpool-like pattern.\nVery hard to break.
1655,4,5,99,27,4,0,1000,100,3,0,0,0,0x008C60A4,Fulgurite,0x008F045A,A tubular mineral formed by\nlightning strikes. Prized as\na lucky charm.
1656,4,5,99,27,2,0,1000,100,3,0,0,0,0x008C60AE,Tempestite,0x008F04A2,Patterned mineral only found\nin windy regions. Does not\ndeteriorate much over time.
1657,3,4,99,27,1,0,1000,100,3,0,0,0,0x008C60B9,Scarlenite,0x008F04F6,"A mineral known as ""Canyon\nSunset"" due to its crimson\nhue. Retains a faint heat."
1658,3,4,99,27,4,0,1000,100,3,0,0,0,0x008C60C4,Illumonite,0x008F0547,"A strange, flickering ore.\nUsed to craft empowering\nequipment."
1659,3,4,99,5,0,0,1000,100,2,0,0,0,0x008C60CF,Prickly Eel,0x008F0586,A mysterious creature known\ncannibalize its own species.\nSaid to have high stamina.
1660,3,4,99,15,1,0,1000,100,2,0,0,0,0x008C60DB,Dryland Coral,0x008F05DA,Coral that has adapted to\nlife on dry land. Used as\na decoration.
1661,4,5,1,18,1,0,1000,100,2,0,0,0,0x008C60E9,Blastfruit,0x008F061C,"Loved by birds and hated by\nwyverns, this fruit explodes\nwhen thrown. ~C05(Account Item)"
1662,4,5,99,37,5,0,1000,10,6,0,0,0,0x008C60F4,Mighty Ticket,0x008F0675,A Guild document certifying\none's hunting prowess. Used\nto initiate Mighty Quests.
1663,4,5,99,37,5,0,100000,10000,6,0,0,0,0x008C6102,Teostra Cert.,0x008F06C8,A certificate given only to\nthose who've triumphed over\nthe mightiest of dragons.
1664,4,5,99,37,5,0,100000,10000,6,0,0,0,0x008C6110,Belkuros Cert.,0x008F071A,A certificate given only to\nthose who've triumphed over\nthe most arduous of hunts.
1665,4,5,99,9,10,0,20000,2000,1,0,0,0,0x008C611F,Belkuros Carpace,0x008F076D,A highly conductive Belkuros\nshell. Careless handling may\nresult in an electric shock.
1666,4,5,99,23,7,0,40000,4000,1,0,0,0,0x008C6130,Belkuros Scale+,0x008F07C4,"A reddish Belkuros scale.\nThin, light, and unaffected\nby resistive heating."
1667,4,5,99,9,7,0,50000,5000,1,0,0,0,0x008C6140,Belkuros Tail+,0x008F0810,"A strong, supple tail. The\nkey to the Belkuros's aerial\nfeats."
1668,4,5,99,31,10,0,40000,4000,1,0,0,0,0x008C614F,Belkuros Claw+,0x008F084F,The uniquely long talon of\na Belkuros. Thought to have\na one-of-a-kind shape.
1669,4,5,99,31,10,0,50000,5000,1,0,0,0,0x008C615E,Belkuros Horn+,0x008F089D,A horn that regulates the\nelectric current inside the\nBelkuros's body.
1670,4,5,99,9,10,0,50000,5000,1,0,0,0,0x008C616D,Belkuros Wing+,0x008F08E4,An elegant Belkuros wing.\nSurprisingly light for a\nmonster material.
1671,4,5,99,24,4,0,100000,10000,1,0,0,0,0x008C617C,Belkuros Fluid,0x008F0929,"A mineral-rich Belkuros body\nfluid. Highly corrosive, it\nburns the skin on contact."
1672,4,5,99,9,4,0,100000,10000,1,0,0,0,0x008C618B,Belkuros Marrow,0x008F097D,A dense bone marrow. Its\nblood resists voltage and\nsustains rigorous activity.
1673,4,5,99,9,0,0,100000,10000,1,0,0,0,0x008C619B,Bel Insulator,0x008F09CC,Dense fat that protects the\nBelkuros's vital organs from \nits own electrical attacks.
1674,4,5,99,9,4,0,200000,20000,1,0,0,0,0x008C61A9,Belkuros Mane,0x008F0A22,A Belkuros mane reddened\nwith rage. Impervious to\nresistive heating.
1675,4,5,99,23,4,0,300000,30000,1,0,0,0,0x008C61B7,Bel Electroscale,0x008F0A67,An exceedingly rare scale\nholding the Belkuros's very\nfirst electric charge.
1676,4,5,99,1,5,0,400000,40000,1,0,0,0,0x008C61C8,Belkuros Gem,0x008F0AB4,"A crystal-like sphere of\ninsulating fat, discarded\nthrough metabolism."
1677,4,5,99,37,8,0,0,0,0,0,0,0,0x008C61D5,Finest Recipe,0x008F0AFB,A foolproof recipe for a\ngourmet meal. Try giving\nit to your Haven Manager.
1678,4,5,99,24,1,0,0,0,0,0,0,0,0x008C61E3,Bingo Beverage,0x008F0B47,Give this to your Haven's\nFelyne Adventurer clerk to\nguarantee a good haul.
1679,4,5,99,37,4,0,0,0,0,0,0,0,0x008C61F2,Haven Ticket,0x008F0B93,A one-use coupon that gives\nyou a 20％ discount on all\nHaven purchases.
1680,4,5,99,37,4,0,0,0,0,0,0,0,0x008C61FF,Perk Token,0x008F0BDB,Gives this to your Haven's\nFelyne Meownager to alter a\nFelyne Worker's parameters.
1681,4,5,1,35,8,0,3705,556,0,0,0,0,0x008C620A,Maiden's Health,0x008F0C2E,An upgraded Maiden Heart.\nRarely restores Health when\nhit. May break upon use.
1682,4,5,1,35,8,0,3705,556,0,0,0,0,0x008C621A,Maiden's Evasion,0x008F0C7D,An upgraded Maiden Heart.\nRarely reduces damage taken.\nMay break upon use.
1683,4,5,1,35,8,0,3705,556,0,0,0,0,0x008C622B,Maiden's Stamina,0x008F0CC8,An upgraded Maiden Heart.\nRarely restores Stamina when\nhit. May break upon use.
1684,4,5,1,35,8,0,37048,556,0,0,0,0,0x008C623C,Maiden's Soul,0x008F0D18,"A fusion of the three most\npowerful Maiden Wishes. And\nyet, it may still break."
1685,4,5,5,7,3,0,100,10,5,0,0,0,0x008C624A,Affinity Whetstone,0x008F0D68,A whetstone that restores\nSharpness and temporarily\nincreases Affinity.
1686,4,5,5,24,4,0,100,10,5,0,0,0,0x008C625D,Hawkeye Drink,0x008F0DB0,Temporarily keeps your aim\nsteady. Made for Gunners.
1687,4,5,5,18,4,0,100,10,5,0,0,0,0x008C626B,Haste Seed,0x008F0DE5,Temporarily increases your\nMovement Speed when ingested.
1688,3,4,99,34,2,0,0,0,0,0,0,0,0x008C6276,Wyverness Coin,0x008F0E1E,"A coin that can be spent on\ngames, fortune telling, etc.\nin Mezeporta Square."
1689,3,4,99,34,1,0,0,0,0,0,0,0,0x008C6285,Dragonlord Coin,0x008F0E6C,"A coin that can be spent on\ngames, fortune telling, etc.\nin Mezeporta Square."
1690,3,4,99,34,3,0,0,0,0,0,0,0,0x008C6295,Razor Sharp Coin,0x008F0EBA,"A coin that can be spent on\ngames, fortune telling, etc.\nin Mezeporta Square."
1691,3,4,99,37,3,0,0,0,6,0,0,0,0x008C62A6,Event Voucher,0x008F0F08,An item given out via user-\norganized events. Priceless.
1692,3,4,5,33,7,0,0,0,8,0,0,0,0x008C62B4,Porta Cake,0x008F0F41,A tasty cake baked in\nMezeporta Square. The\nperfect gift!
1693,3,4,5,33,0,0,0,0,0,0,0,0,0x008C62BF,Porta Mochi,0x008F0F7B,A cake baked in Mezeporta\nSquare to celebrate the new\nyear. Share it with friends!
1694,4,5,99,33,1,0,0,0,0,0,0,0,0x008C62CB,R.Barkeep Cloth,0x008F0FCE,Dark red fabric woven with\nspecial techniques. Bring\nit to the Smithy.
1695,4,5,99,33,10,0,0,0,0,0,0,0,0x008C62DB,G.Barkeep Cloth,0x008F1015,Dark gray fabric woven with\nspecial techniques. Bring\nit to the Smithy.
1696,4,5,99,27,1,0,0,0,0,0,0,0,0x008C62EB,Red Gratistone,0x008F105D,A red crystal formed from\ndeep gratitude. Said to\nmake a man happy.
1697,4,5,99,27,0,0,0,0,0,0,0,0,0x008C62FA,White Gratistone,0x008F10A1,A white crystal formed from\ndeep gratitude. Said to\nmake a woman happy.
1698,4,5,1,27,1,0,0,0,0,0,0,0,0x008C630B,Small Red Shard,0x008F10E9,A shard imbued with various\nemotions. Sometimes seen as\na sign to give...gifts?
1699,4,5,1,27,0,0,0,0,0,0,0,0,0x008C631B,Small White Shard,0x008F1139,A shard imbued with various\nemotions. Sometimes seen as\na sign to give...gifts?
1700,0,1,1,0,0,0,0,0,0,0,0,0,0x0000276D,ダミー,0x000DF952,dummy
1701,4,5,99,34,1,0,0,0,0,0,0,0,0x008C632D,Red Hunter Coin,0x008F1189,A coin occasionally given\nout by the Hunter's Guild.\nHas a variety of uses.
1702,4,5,99,34,3,0,0,0,0,0,0,0,0x008C633D,Blue Hunter Coin,0x008F11D5,A coin occasionally given\nout by the Hunter's Guild.\nHas a variety of uses.
1703,4,5,99,34,0,0,0,0,0,0,0,0,0x008C634E,Wht Hunter Coin,0x008F1221,A coin occasionally given\nout by the Hunter's Guild.\nHas a variety of uses.
1704,4,5,99,34,8,0,0,0,0,0,0,0,0x008C635E,Pink Hunter Coin,0x008F126D,A coin occasionally given\nout by the Hunter's Guild.\nHas a variety of uses.
1705,4,5,99,34,5,0,0,0,0,0,0,0,0x008C636F,Prpl Hunter Coin,0x008F12B9,A coin occasionally given\nout by the Hunter's Guild.\nHas a variety of uses.
1706,4,5,99,34,4,0,0,0,0,0,0,0,0x008C6380,Ylw Hunter Coin,0x008F1305,A coin occasionally given\nout by the Hunter's Guild.\nHas a variety of uses.
1707,4,5,99,37,0,0,0,0,0,0,0,0,0x008C6390,Khezu Lance Tkt,0x008F1351,Instructions on forging the\nKhezu Lance. Bring them to\nthe Smithy!
1708,4,5,99,37,4,0,0,0,0,0,0,0,0x008C63A0,Kriegsmonat Tkt,0x008F1394,Instructions on forging the\nKriegsmonat. Bring them to\nthe Smithy!
1709,4,5,99,37,8,0,0,0,0,0,0,0,0x008C63B0,Brass March Tkt,0x008F13D7,Instructions on forging the\nBrass March. Bring them to\nthe Smithy!
1710,4,5,99,37,1,0,0,0,0,0,0,0,0x008C63C0,Dragonslayer Tkt,0x008F141A,Instructions on forging the\nDragonslayer. Bring them to\nthe Smithy!
1711,4,5,99,37,3,0,0,0,0,0,0,0,0x008C63D1,Cryst Sword Tkt,0x008F145E,Instructions on forging the\nCrystal Greatsword. Bring\nthem to the Smithy!
1712,0,1,1,0,0,0,0,0,0,0,0,0,0x0000276D,ダミー,0x000DF952,dummy
1713,4,5,99,37,5,0,0,0,0,0,0,0,0x008C63E1,Squall Ticket,0x008F14A8,Instructions on forging the\nSquall Kugel. Bring them to\nthe Smithy!
1714,4,5,99,37,5,0,0,0,0,0,0,0,0x008C63EF,Katze Ticket,0x008F14EC,Instructions on forging the\nKatze Kugel. Bring them to\nthe Smithy!
1715,4,5,99,37,5,0,0,0,0,0,0,0,0x008C63FC,Volpe Ticket,0x008F152F,Instructions on forging the\nVolpe Kugel. Bring them to\nthe Smithy!
1716,4,5,99,37,3,0,0,0,0,0,0,0,0x008C6409,SecretHunterTome,0x008F1572,A book containing designs\nfor a Lunastra-themed Light\nBowgun.
1717,4,5,99,10,7,0,0,0,0,0,0,0,0x008C641A,Giant Hypno Beak,0x008F15B0,"Nearly impossible to store,\nthis beak is best reserved\nfor the most avid collector."
1718,4,5,99,37,10,0,0,0,0,0,0,0,0x008C642B,Arma Ticket H,0x008F1604,Instructions on forging the\nArma armor. Bring them to\nthe Smithy!
1719,4,5,99,37,10,0,0,0,0,0,0,0,0x008C6439,Arma Ticket C,0x008F1646,Instructions on forging the\nArma armor. Bring them to\nthe Smithy!
1720,4,5,99,37,10,0,0,0,0,0,0,0,0x008C6447,Arma Ticket A,0x008F1688,Instructions on forging the\nArma armor. Bring them to\nthe Smithy!
1721,4,5,99,37,10,0,0,0,0,0,0,0,0x008C6455,Arma Ticket W,0x008F16CA,Instructions on forging the\nArma armor. Bring them to\nthe Smithy!
1722,4,5,99,37,10,0,0,0,0,0,0,0,0x008C6463,Arma Ticket L,0x008F170C,Instructions on forging the\nArma armor. Bring them to\nthe Smithy!
1723,4,5,99,37,0,0,0,0,0,0,0,0,0x008C6471,WhtCat Ticket H,0x008F174E,Instructions on forging the\nWhite Cat armor. Bring them\nto the Smithy!
1724,4,5,99,37,0,0,0,0,0,0,0,0,0x008C6481,WhtCat Ticket C,0x008F1795,Instructions on forging the\nWhite Cat armor. Bring them\nto the Smithy!
1725,4,5,99,37,0,0,0,0,0,0,0,0,0x008C6491,WhtCat Ticket A,0x008F17DC,Instructions on forging the\nWhite Cat armor. Bring them\nto the Smithy!
1726,4,5,99,37,0,0,0,0,0,0,0,0,0x008C64A1,WhtCat Ticket W,0x008F1823,Instructions on forging the\nWhite Cat armor. Bring them\nto the Smithy!
1727,4,5,99,37,0,0,0,0,0,0,0,0,0x008C64B1,WhtCat Ticket L,0x008F186A,Instructions on forging the\nWhite Cat armor. Bring them\nto the Smithy!
1728,4,5,99,34,1,0,0,0,0,0,0,0,0x008C64C1,1 Million Medal,0x008F18B1,A special coin made to\ncommemorate the millionth\nvisitor to Mezeporta.
1729,4,5,99,34,7,0,0,0,0,0,0,0,0x008C64D1,Bronze Pawcoin,0x008F18F8,Lynian currency stamped with\na pawprint. Its engraving is\nunfamiliar.
1730,4,5,99,34,0,0,0,0,0,0,0,0,0x008C64E0,Silver Pawcoin,0x008F193E,Lynian currency stamped with\na pawprint. Its engraving is\nunfamiliar.
1731,4,5,99,34,4,0,0,0,0,0,0,0,0x008C64EF,Golden Pawcoin,0x008F1984,Lynian currency stamped with\na pawprint. Its engraving is\nunfamiliar.
1732,3,4,99,34,0,0,0,0,0,0,0,0,0x008C64FE,Wht Murkat Badge,0x008F19CA,The ID badge of a Mezeporta\nSquare-based cabal. Depicts\na grinning Melynx.
1733,3,4,99,34,10,0,0,0,0,0,0,0,0x008C650F,Blk Murkat Badge,0x008F1A15,The ID badge of a Mezeporta\nSquare-based cabal. Depicts\na grinning Melynx.
1734,3,4,99,34,1,0,0,0,0,0,0,0,0x008C6520,Red Murkat Badge,0x008F1A60,The ID badge of a Mezeporta\nSquare-based cabal. Depicts\na grinning Melynx.
1735,3,4,99,34,3,0,0,0,0,0,0,0,0x008C6531,Blu Murkat Badge,0x008F1AAB,The ID badge of a Mezeporta\nSquare-based cabal. Depicts\na grinning Melynx.
1736,3,4,99,34,4,0,0,0,0,0,0,0,0x008C6542,Ylw Murkat Badge,0x008F1AF6,The ID badge of a Mezeporta\nSquare-based cabal. Depicts\na grinning Melynx.
1737,4,5,99,37,2,0,0,0,0,0,0,0,0x008C6553,DL Ticket,0x008F1B41,A ticket given to the most\ndevoted of hunters. Bring\nit to the Smithy!
1738,4,5,99,36,10,0,0,0,0,0,0,0,0x008C655D,Torn Book 1,0x008F1B88,A fragment of a long lost\ncrafting tome. Could it be\nrecompiled?
1739,4,5,99,36,10,0,0,0,0,0,0,0,0x008C6569,Torn Book 2,0x008F1BC9,A fragment of a long lost\ncrafting tome. Could it be\nrecompiled?
1740,4,5,99,36,10,0,0,0,0,0,0,0,0x008C6575,Torn Book 3,0x008F1C0A,A fragment of a long lost\ncrafting tome. Could it be\nrecompiled?
1741,4,5,99,36,10,0,0,0,0,0,0,0,0x008C6581,Torn Book 4,0x008F1C4B,A fragment of a long lost\ncrafting tome. Could it be\nrecompiled?
1742,4,5,99,36,10,0,0,0,0,0,0,0,0x008C658D,Torn Book 5,0x008F1C8C,A fragment of a long lost\ncrafting tome. Could it be\nrecompiled?
1743,4,5,99,36,4,0,0,0,0,0,0,0,0x008C6599,Master's Tome 1,0x008F1CCD,A recompiled crafting tome.\nChapters 1-3. Try bringing\nit to the Smithy.
1744,4,5,99,36,4,0,0,0,0,0,0,0,0x008C65A9,Master's Tome 2,0x008F1D16,A recompiled crafting tome.\nChapters 4-5. Try bringing\nit to the Smithy.
1745,4,5,99,37,3,0,0,0,0,0,0,0,0x008C65B9,BP2 Ticket 1,0x008F1D5F,"A ticket made of special,\nrare paper. Can be exchanged\nfor a special item."
1746,4,5,99,37,3,0,0,0,0,0,0,0,0x008C65C6,BP2 Ticket 2,0x008F1DAA,"A ticket made of special,\nrare paper. Can be exchanged\nfor a special item."
1747,4,5,99,37,3,0,0,0,0,0,0,0,0x008C65D3,BP2 Ticket 3,0x008F1DF5,"A ticket made of special,\nrare paper. Can be exchanged\nfor a special item."
1748,4,5,99,37,3,0,0,0,0,0,0,0,0x008C65E0,BP2 Ticket 4,0x008F1E40,"A ticket made of special,\nrare paper. Can be exchanged\nfor a special item."
1749,4,5,99,37,3,0,0,0,0,0,0,0,0x008C65ED,BP2 Ticket 5,0x008F1E8B,"A ticket made of special,\nrare paper. Can be exchanged\nfor a special item."
1750,4,5,99,37,3,0,0,0,0,0,0,0,0x008C65FA,BP2 Ticket 6,0x008F1ED6,"A ticket made of special,\nrare paper. Can be exchanged\nfor a special item."
1751,4,5,99,37,3,0,0,0,0,0,0,0,0x008C6607,BP2 Ticket 7,0x008F1F21,"A ticket made of special,\nrare paper. Can be exchanged\nfor a special item."
1752,4,5,99,37,3,0,0,0,0,0,0,0,0x008C6614,BP2 Ticket 8,0x008F1F6C,"A ticket made of special,\nrare paper. Can be exchanged\nfor a special item."
1753,4,5,99,37,7,0,0,0,0,0,0,0,0x008C6621,TP Ticket 1,0x008F1FB7,A ticket made of strange\npaper. Can be exchanged\nfor a special item.
1754,4,5,99,37,7,0,0,0,0,0,0,0,0x008C662D,TP Ticket 2,0x008F1FFC,A ticket made of strange\npaper. Can be exchanged\nfor a special item.
1755,4,5,99,37,7,0,0,0,0,0,0,0,0x008C6639,TP Ticket 3,0x008F2041,A ticket made of strange\npaper. Can be exchanged\nfor a special item.
1756,4,5,99,37,7,0,0,0,0,0,0,0,0x008C6645,TP Ticket 4,0x008F2086,A ticket made of strange\npaper. Can be exchanged\nfor a special item.
1757,4,5,99,37,7,0,0,0,0,0,0,0,0x008C6651,TP Ticket 5,0x008F20CB,A ticket made of strange\npaper. Can be exchanged\nfor a special item.
1758,4,5,99,24,7,0,0,0,0,0,0,0,0x008C665D,Mysterious Fluid,0x008F2110,A strange body fluid found\nin the Canyon. Very slimy.
1759,4,5,99,37,3,0,0,0,0,0,0,0,0x008C666E,G.Scimitar Tkt,0x008F2146,Instructions on forging the\nGallus Scimitar. Bring them\nto the Smithy!
1760,4,5,99,37,1,0,0,0,0,0,0,0,0x008C667D,Flamberge Ticket,0x008F218D,Instructions on forging the\nFlamberge. Bring them to the\nSmithy!
1761,4,5,99,37,8,0,0,0,0,0,0,0,0x008C668E,R.CrystLance Tkt,0x008F21CE,Instructions on forging\nthe Red Crystal Lance.\nBring them to the Smithy!
1762,4,5,99,37,5,0,0,0,0,0,0,0,0x008C669F,P.CrystLance Tkt,0x008F2217,Instructions on forging\nthe Purple Crystal Lance.\nBring them to the Smithy!
1763,4,5,99,37,0,0,0,0,0,0,0,0,0x008C66B0,Seram Z Tkt,0x008F2263,Instructions on forging the\nSerum Zirida. Bring them to\nthe Smithy!
1764,4,5,99,37,10,0,0,0,0,0,0,0,0x008C66BC,Aizen Z Tkt,0x008F22A7,Instructions on forging the\nEisen Zirida. Bring them to\nthe Smithy!
1765,4,5,99,37,0,0,0,0,0,0,0,0,0x008C66C8,Seram V Tkt,0x008F22EB,Instructions on forging the\nSerum Venta. Bring them to\nthe Smithy!
1766,4,5,99,37,10,0,0,0,0,0,0,0,0x008C66D4,Eisen V Tkt,0x008F232E,Instructions on forging the\nEisen Venta. Bring them to\nthe Smithy!
1767,4,5,99,37,1,0,0,0,0,0,0,0,0x008C66E0,Anteka Horn Tkt,0x008F2371,Instructions on forging the\nAnteka Horn. Bring them to\nthe Smithy!
1768,4,5,99,27,10,0,0,0,0,0,0,0,0x008C66F0,Demonic Alloy,0x008F23B4,"An ominous, jet-black metal.\nEmits a bass-like roar when\nstruck. Highly versatile."
1769,4,5,99,37,0,0,0,0,0,0,0,0,0x008C66FE,Fae Ticket H,0x008F2407,Instructions on forging the\nFae armor. Bring them to the\nSmithy!
1770,4,5,99,37,0,0,0,0,0,0,0,0,0x008C670B,Fae Ticket C,0x008F2448,Instructions on forging the\nFae armor. Bring them to the\nSmithy!
1771,4,5,99,37,0,0,0,0,0,0,0,0,0x008C6718,Fae Ticket A,0x008F2489,Instructions on forging the\nFae armor. Bring them to the\nSmithy!
1772,4,5,99,37,0,0,0,0,0,0,0,0,0x008C6725,Fae Ticket W,0x008F24CA,Instructions on forging the\nFae armor. Bring them to the\nSmithy!
1773,4,5,99,37,0,0,0,0,0,0,0,0,0x008C6732,Fae Ticket L,0x008F250B,Instructions on forging the\nFae armor. Bring them to the\nSmithy!
1774,4,5,99,37,1,0,0,0,0,0,0,0,0x008C673F,Heartfelt Bond,0x008F254C,Proof of the unity between\nhunters bound together by\na strong bond.
1775,4,5,99,37,3,0,0,0,0,0,0,0,0x008C674E,Truthful Bond,0x008F2590,Proof of the unity between\nhunters bound together by\na strong bond.
1776,4,5,99,37,0,0,0,0,0,0,0,0,0x008C675C,Metal Ticket H,0x008F25D4,Instructions on forging\nthe White Metal armor.\nBring them to the Smithy!
1777,4,5,99,37,0,0,0,0,0,0,0,0,0x008C676B,Metal Ticket C,0x008F261D,Instructions on forging\nthe White Metal armor.\nBring them to the Smithy!
1778,4,5,99,37,0,0,0,0,0,0,0,0,0x008C677A,Metal Ticket A,0x008F2666,Instructions on forging\nthe White Metal armor.\nBring them to the Smithy!
1779,4,5,99,37,0,0,0,0,0,0,0,0,0x008C6789,Metal Ticket W,0x008F26AF,Instructions on forging\nthe White Metal armor.\nBring them to the Smithy!
1780,4,5,99,37,0,0,0,0,0,0,0,0,0x008C6798,Metal Ticket L,0x008F26F8,Instructions on forging\nthe White Metal armor.\nBring them to the Smithy!
1781,4,5,99,37,0,0,0,0,0,0,0,0,0x008C67A7,Xmas Tree Top,0x008F2741,Instructions on crafting a\nChristmas Tree. Bring them\nto Master Tool!
1782,4,5,5,1,7,0,100,10,8,0,0,0,0x008C67B5,Random Ball,0x008F2787,A strange ball that combines\na variety of effects.
1783,4,5,1,2,1,0,100,10,5,0,0,0,0x008C67C1,Giga Barrel Bomb,0x008F27BA,A bomb even more potent\nthan the Mega Barrel Bomb.\n~C05(Caravan Quests Only)
1784,4,5,1,21,1,0,100,10,5,0,0,0,0x008C67D2,Pitfall Bomb,0x008F2807,A Pitfall Trap fitted with\na pressure-activated Barrel\nBomb. ~C05(Caravan Quests Only)
1785,4,5,30,7,7,0,0,0,0,0,0,0,0x008C67DF,HG Whetstone,0x008F285E,A top-quality whetstone that\nfully restores Sharpness.\n~C05(Caravan Quests Only)
1786,4,5,1,24,7,0,100,10,4,0,0,0,0x008C67EC,Potion Set,0x008F28AF,A set of ten Potions.\n~C05(Caravan Quests Only)
1787,4,5,10,35,8,0,100,10,4,0,0,0,0x008C67F7,Terrain Powder,0x008F28DF,Provides temporary relief\nfrom extreme temperatures\nin the surrounding area.
1788,4,5,10,35,3,0,100,10,4,0,0,0,0x008C6806,Antidote Powder,0x008F292C,Neutralizes all poisons\nin the surrounding area.\n~C05(Caravan Quests Only)
1789,4,5,1,29,4,0,100,10,0,0,0,0,0x008C6816,Everlasting Map,0x008F2977,A field map covering all\nknown locales.\n~C05(Caravan Quests Only).
1790,4,5,5,16,8,0,100,10,5,0,0,0,0x008C6826,Pickaxe+,0x008F29BA,An improved Mega Pickaxe.\nNow even more durable.\n~C05(Caravan Quests Only)
1791,4,5,5,13,8,0,100,10,5,0,0,0,0x008C682F,Bug Net+,0x008F2A05,An improved Mega Bug Net.\nNow even more durable.\n~C05(Caravan Quests Only)
1792,4,5,10,35,1,0,100,10,5,0,0,0,0x008C6838,Nitroglycerin,0x000F7648,大きな衝撃を与えると起爆す\nる可能性がある危険な火薬。\n~C05（キャラバンクエスト専用）
1793,4,5,99,37,5,0,100000,10000,6,0,0,0,0x008C6846,Chameleos Cert.,0x008F2A50,A certificate given only to\nthose who've triumphed over\nthe mightiest of dragons.
1794,4,5,99,37,5,0,100000,10000,5,0,0,0,0x008C6856,Pariapuria Cert.,0x008F2AA2,A certificate given only to\nthose who've triumphed over\nthe most arduous of hunts.
1795,4,5,99,14,8,0,1000,100,1,0,0,0,0x008C6867,Pariapuria Hide,0x000F769D,肌に吸いつく潤いとプリッと\nした感触が人気の呑竜の皮。\n使いどころが難しい素材。
1796,4,5,99,31,8,0,1000,100,1,0,0,0,0x008C6877,Pariapuria Fang,0x000F76EC,黄ばみの目立つ呑竜の牙。\n臭いがきつく、大きさや形が\n不揃いなため、需要が少ない。
1797,4,5,99,24,8,0,1000,100,1,0,0,0,0x008C6887,Pariapuria Acid,0x000F773D,絶命と同時に自身の器官をも\n消化し始める恐るべき消化液。\n臭いもまた強烈。
1798,4,5,99,9,8,0,1000,100,1,0,0,0,0x008C6897,Pariapuria Blood,0x000F7786,黒っぽくドロリとした呑竜の\n血。滋養に富むとして、利用\nする地方もあるというが…？
1799,4,5,99,9,8,0,1000,100,1,0,0,0,0x008C68A8,Pariapuria Fin,0x000F77D7,柔らかな呑竜のヒレ。\nいくら洗ってもぬるつくため、\n素材としては利用価値が低い。
1800,4,5,99,9,8,0,1000,100,1,0,0,0,0x008C68B7,Paria Cartilage,0x000F7826,弾力に富み、劣化に強い呑竜\nの軟骨。防具のつなぎ用素材\nとしては、最高級品とされる。
1801,4,5,99,9,8,0,1000,100,1,0,0,0,0x008C68C7,Pariapuria Liver,0x000F7879,含んだ毒にもビクともせずに\n動き続ける呑竜のキモ。\n意外と小さい。
1802,4,5,99,27,7,0,100,10,3,0,0,0,0x008C68D8,Caravan Copper,0x008F2AF5,A special ore mined around\nthe Caravan. Used to mint\ncoins in a certain country.
1803,4,5,99,27,0,0,100,20,3,0,0,0,0x008C68E7,Caravan Silver,0x008F2B46,A special ore mined around\nthe Caravan. Used to mint\ncoins in a certain country.
1804,4,5,99,27,4,0,100,30,3,0,0,0,0x008C68F6,Caravan Gold,0x008F2B97,A special ore mined around\nthe Caravan. Used to mint\ncoins in a certain country.
1805,4,5,99,1,6,0,100,5,3,0,0,0,0x008C6903,Foreign Jewel,0x008F2BE8,An exotic gem purchased by\nthe Caravan. Heavier than it\nlooks.
1806,4,5,99,37,0,0,0,0,0,0,0,0,0x008C6911,Xmas Tree Middle,0x008F2C27,Instructions on crafting\nthe Christmas Tree. Bring\nthem to Master Tool!
1807,4,5,99,37,0,0,0,0,0,0,0,0,0x008C6922,Xmas Tree Trunk,0x008F2C6F,Instructions on crafting\nthe Christmas Tree. Bring\nthem to Master Tool!
1808,4,5,99,27,0,0,0,0,0,0,0,0,0x008C6932,White Meteorite,0x008F2CB7,A meteorite with a beautiful\nwhite glow. Said to be mined\nonly once every few years.
1809,4,5,99,37,3,0,0,0,0,0,0,0,0x008C6942,BP3 Ticket 1,0x008F2D0C,"A ticket made of special,\nrare paper. Can be exchanged\nfor a special item."
1810,4,5,99,37,3,0,0,0,0,0,0,0,0x008C694F,BP3 Ticket 2,0x008F2D57,"A ticket made of special,\nrare paper. Can be exchanged\nfor a special item."
1811,4,5,99,37,3,0,0,0,0,0,0,0,0x008C695C,BP3 Ticket 3,0x008F2DA2,"A ticket made of special,\nrare paper. Can be exchanged\nfor a special item."
1812,4,5,99,37,3,0,0,0,0,0,0,0,0x008C6969,BP3 Ticket 4,0x008F2DED,"A ticket made of special,\nrare paper. Can be exchanged\nfor a special item."
1813,4,5,99,37,3,0,0,0,0,0,0,0,0x008C6976,BP3 Ticket 5,0x008F2E38,"A ticket made of special,\nrare paper. Can be exchanged\nfor a special item."
1814,4,5,99,37,3,0,0,0,0,0,0,0,0x008C6983,BP3 Ticket 6,0x008F2E83,"A ticket made of special,\nrare paper. Can be exchanged\nfor a special item."
1815,4,5,99,37,3,0,0,0,0,0,0,0,0x008C6990,BP3 Ticket 7,0x008F2ECE,"A ticket made of special,\nrare paper. Can be exchanged\nfor a special item."
1816,4,5,99,37,3,0,0,0,0,0,0,0,0x008C699D,BP3 Ticket 8,0x008F2F19,"A ticket made of special,\nrare paper. Can be exchanged\nfor a special item."
1817,4,5,99,34,3,0,0,0,0,0,0,0,0x008C69AA,Epic Record,0x008F2F64,A medal awarded to hunters\nwho've triumphed over a\ngreat challenge.
1818,4,5,99,33,7,0,0,0,0,0,0,0,0x008C69B6,Supreme Junk,0x008F2FA8,A strange rod with moving\nparts. A piece of trash\nrevered by the Shakalaka.
1819,4,5,99,37,8,0,0,0,0,0,0,0,0x008C69C3,Girino Ticket,0x008F2FF4,Instructions on forging the\nGirino Andante. Bring them\nto the Smithy!
1820,4,5,99,37,8,0,0,0,0,0,0,0,0x008C69D1,Tetard Ticket,0x008F303A,Instructions on forging the\nTetard Andante. Bring them\nto the Smithy!
1821,4,5,99,37,0,0,0,0,0,0,0,0,0x008C69DF,Felyne Kukri Tkt,0x008F3080,Instructions on forging the\nFelyne Kukri. Bring them to\nthe Smithy!
1822,4,5,99,37,10,0,0,0,0,0,0,0,0x008C69F0,Melynx Kukri Tkt,0x008F30C4,Instructions on forging the\nMelynx Kukri. Bring them to\nthe Smithy!
1823,4,5,99,37,7,0,0,0,0,0,0,0,0x008C6A01,N Seal A,0x008F3108,"A seal found in a distant\nland. Inscribed with two\nletters: ""N"" and ""A""."
1824,4,5,99,37,10,0,0,0,0,0,0,0,0x008C6A0A,N Seal B,0x008F3151,"A seal found in a distant\nland. Inscribed with two\nletters: ""N"" and ""B""."
1825,4,5,99,37,4,0,0,0,0,0,0,0,0x008C6A13,N Seal C,0x008F319A,"A seal found in a distant\nland. Inscribed with two\nletters: ""N"" and ""C""."
1826,4,5,99,37,8,0,0,0,0,0,0,0,0x008C6A1C,Crown Tkt,0x008F31E3,Instructions on forging the\nCrown Hammer. Bring them to\nthe Smithy!
1827,4,5,99,37,8,0,0,0,0,0,0,0,0x008C6A26,Pavilion Tkt,0x008F3227,Instructions on forging the\nPavilion Hammer. Bring them\nto the Smithy!
1828,4,5,99,37,0,0,0,0,0,0,0,0,0x008C6A33,Pawpad Shot Tkt,0x008F326E,Instructions on forging the\nPaw Shooter. Bring them to\nthe Smithy!
1829,4,5,99,37,10,0,0,0,0,0,0,0,0x008C6A43,Tailshooter Tkt,0x008F32B1,Instructions on forging the\nTail Shooter. Bring them to\nthe Smithy!
1830,4,5,99,37,8,0,0,0,0,0,0,0,0x008C6A53,D.Paralyze Tkt,0x008F32F5,Instructions on forging the\nShocking Duel. Bring them to\nthe Smithy!
1831,4,5,99,37,8,0,0,0,0,0,0,0,0x008C6A62,L.Paralyze Tkt,0x008F333A,Instructions on forging the\nShocking Lava. Bring them to\nthe Smithy!
1832,4,5,99,37,8,0,0,0,0,0,0,0,0x008C6A71,N.Ant Ticket,0x008F337F,Instructions on forging the\nAnt Stinger. Bring them to\nthe Smithy!
1833,4,5,99,37,8,0,0,0,0,0,0,0,0x008C6A7E,D.Poison Tkt,0x008F33C2,Instructions on forging the\nToxic Duel. Bring them to\nthe Smithy!
1834,4,5,99,37,8,0,0,0,0,0,0,0,0x008C6A8B,L.Poison Tkt,0x008F3404,Instructions on forging the\nToxic Lava. Bring them to\nthe Smithy!
1835,4,5,99,37,8,0,0,0,0,0,0,0,0x008C6A98,N.Vespa Ticket,0x008F3446,Instructions on forging the\nWasp Stinger. Bring them to\nthe Smithy!
1836,4,5,99,37,0,0,0,0,0,0,0,0,0x008C6AA7,Chaton Tkt: Head,0x008F348A,Instructions on forging the\nChaton armor. Bring them to\nthe Smithy!
1837,4,5,99,37,0,0,0,0,0,0,0,0,0x008C6AB8,Chaton Tkt: Chest,0x008F34CE,Instructions on forging the\nChaton armor. Bring them to\nthe Smithy!
1838,4,5,99,37,0,0,0,0,0,0,0,0,0x008C6ACA,Chaton Tkt: Arms,0x008F3512,Instructions on forging the\nChaton armor. Bring them to\nthe Smithy!
1839,4,5,99,37,0,0,0,0,0,0,0,0,0x008C6ADB,Chaton Tkt: Waist,0x008F3556,Instructions on forging the\nChaton armor. Bring them to\nthe Smithy!
1840,4,5,99,37,0,0,0,0,0,0,0,0,0x008C6AED,Chaton Tkt: Legs,0x008F359A,Instructions on forging the\nChaton armor. Bring them to\nthe Smithy!
1841,4,5,99,37,10,0,0,0,0,0,0,0,0x008C6AFE,Real Tkt: Head,0x008F35DE,Instructions on forging the\nReal armor. Bring them to\nthe Smithy!
1842,4,5,99,37,10,0,0,0,0,0,0,0,0x008C6B0D,Real Tkt: Chest,0x008F3620,Instructions on forging the\nReal armor. Bring them to\nthe Smithy!
1843,4,5,99,37,10,0,0,0,0,0,0,0,0x008C6B1D,Real Tkt: Arms,0x008F3662,Instructions on forging the\nReal armor. Bring them to\nthe Smithy!
1844,4,5,99,37,10,0,0,0,0,0,0,0,0x008C6B2C,Real Tkt: Waist,0x008F36A4,Instructions on forging the\nReal armor. Bring them to\nthe Smithy!
1845,4,5,99,37,10,0,0,0,0,0,0,0,0x008C6B3C,Real Tkt: Legs,0x008F36E6,Instructions on forging the\nReal armor. Bring them to\nthe Smithy!
1846,4,5,99,36,1,0,0,0,0,0,0,0,0x008C6B4B,Ancient Hymn II,0x000F7F18,古代への強い憧憬を持つ民が\n多い、ある異国の書物の２巻。\n古代の文明への賛美の歌集。
1847,4,5,99,36,3,0,0,0,0,0,0,0,0x008C6B5B,Book of Life,0x008F3728,A tome about the Rathalos &\nRathian's ecology and ways\nto utilize their materials.
1848,4,5,99,27,10,0,0,0,0,0,0,0,0x008C6B68,Kinos Ore,0x000F7FBA,断熱性に優れた特殊な鉱石。\n服飾加工も容易で、強化する\nことで多彩な変化を見せる。
1849,4,5,99,1,1,0,0,0,0,0,0,0,0x008C6B72,Flare Jewel,0x000F800B,ある種の鉱石から生産された\n防具を強化できる素材。種類\nによって多彩な変化を見せる。
1850,4,5,99,1,10,0,0,0,0,0,0,0,0x008C6B7E,Piercing Jewel,0x000F800B,ある種の鉱石から生産された\n防具を強化できる素材。種類\nによって多彩な変化を見せる。
1851,4,5,99,1,0,0,0,0,0,0,0,0,0x008C6B8D,Blasting Jewel,0x000F800B,ある種の鉱石から生産された\n防具を強化できる素材。種類\nによって多彩な変化を見せる。
1852,4,5,99,27,7,0,0,0,0,0,0,0,0x008C6B9C,Orange Gem Shard,0x008F377B,A rare ore shard produced\nfrom time to time. Its vivid\ncrystals serve many uses.
1853,4,5,99,27,4,0,0,0,0,0,0,0,0x008C6BAD,Yellow Gem Shard,0x008F37CC,A rare ore shard produced\nfrom time to time. Its vivid\ncrystals serve many uses.
1854,4,5,99,27,2,0,0,0,0,0,0,0,0x008C6BBE,Green Gem Shard,0x008F381D,A rare ore shard produced\nfrom time to time. Its vivid\ncrystals serve many uses.
1855,4,5,99,27,1,0,0,0,0,0,0,0,0x008C6BCE,Red Gem Shard,0x008F386E,A rare ore shard produced\nfrom time to time. Its vivid\ncrystals serve many uses.
1856,4,5,99,27,5,0,0,0,0,0,0,0,0x008C6BDC,Purple Gem Shard,0x008F38BF,A rare ore shard produced\nfrom time to time. Its vivid\ncrystals serve many uses.
1857,4,5,99,27,3,0,0,0,0,0,0,0,0x008C6BED,Blue Gem Shard,0x008F3910,A rare ore shard produced\nfrom time to time. Its vivid\ncrystals serve many uses.
1858,4,5,99,37,3,0,0,0,0,0,0,0,0x008C6BFC,Gratitude Tkt II,0x008F3961,A token of gratitude given\nto hunters who have long\nventured into the unknown.
1859,4,5,99,37,10,0,0,0,0,0,0,0,0x008C6C0D,VISA Ticket,0x000F80AF,さらに快適な狩猟生活を追求\nするハンターへの感謝の証。\n工房で特別な品と引換え可能。
1860,4,5,99,33,1,0,0,0,0,0,0,0,0x008C6C19,Evil Cat's Memory,0x000F8102,特殊なライトボウガンの生産\nに用いる素材。その武器は見\nかけどおり凶力だという噂。
1861,4,5,99,33,1,0,0,0,0,0,0,0,0x008C6C2B,Red Cat's Memory,0x000F8153,特殊なライトボウガンの生産\nに用いる素材。その武器は見\nかけによらず強力だという噂。
1862,2,3,10,33,4,0,180,18,2,0,0,0,0x008C6C3C,Porta Snail,0x000F81A6,貝のような不思議な生き物。\n雨の日にメゼポルタ広場の\n周辺でよく見かける。珍味。
1863,2,3,10,5,7,0,923,92,4,0,0,0,0x008C6C48,Porta Grill,0x000F81F5,サンショウナギの蒲焼き。\nジューシーでボリューム満点！\nハードな狩りのお供に最適。
1864,2,3,10,27,0,0,380,38,4,0,0,0,0x008C6C54,Porta Ice,0x000F8246,職人が精魂を込めて作った\nアイス。食べると一瞬で身体\nの芯まで冷える。製法は極秘。
1865,2,3,2,12,8,0,2138,180,4,0,0,0,0x008C6C5E,Portashroom,0x008F39B0,A fragrant mushroom rarely\nharvested around Mezeporta\nSquare.
1866,4,5,99,37,5,0,100000,10000,6,0,0,0,0x008C6C6A,Lao-Shan Cert.,0x008F39EE,A certificate given only to\nthose who've triumphed over\nthe mightiest of dragons.
1867,4,5,99,37,5,0,100000,10000,6,0,0,0,0x008C6C79,Gaoren Cert.,0x008F3A40,A certificate given only to\nthose who've triumphed over\nthe most arduous of hunts.
1868,4,5,99,23,0,0,25000,2500,1,0,0,0,0x008C6C86,P.Espinas Scale,0x008F3A93,"A snow white Pearl Espinas\nscale with a beautiful, yet\nterrifying appearance."
1869,4,5,99,9,0,0,28000,2800,1,0,0,0,0x008C6C96,P.Espinas Cpc,0x008F3AE1,"A Pearl Espinas shell.\nExceptionally tough, which\nmakes it hard to work with."
1870,4,5,99,9,5,0,50000,5000,1,0,0,0,0x008C6CA4,P.Espinas Spike,0x008F3B2F,A spike carved from a Pearl\nEspinas. Its deadly poison\ngives off an ominous aura.
1871,4,5,99,9,0,0,40000,4000,1,0,0,0,0x008C6CB4,P.Espinas Scalp,0x008F3B81,Part of the head of a Pearl\nEspinas. Its form emanates\nferocity.
1872,4,5,99,9,0,0,60000,6000,1,0,0,0,0x008C6CC4,P.Espinas Tail,0x008F3BC2,A toxic tail that wields\nenormous destructive power.
1873,4,5,99,1,1,0,71000,7100,1,0,0,0,0x008C6CD3,P.Espinas Ruby,0x008F3BF7,A gem whose bright red\nglow contrasts with the\nPearl Espinas's body.
1874,4,5,99,31,5,0,60000,6000,1,0,0,0,0x008C6CE2,P.Espinas Horn,0x008F3C3C,"A Pearl Espinas spike (or\n""Horn"") that has survived\ncountless grueling battles."
1875,4,5,99,27,1,0,120000,12000,1,0,0,0,0x008C6CF1,P.Espinas Flint,0x008F3C8C,"A rare stone formed when a\nPearl Espinas unleashes its\ndeadly ""hellfire""."
1876,4,5,99,31,10,0,22000,2200,0,0,0,0,0x008C6D01,Orgaron Claw,0x008F3CD6,"A sharp Orgaron fang. They\npierce the earth, providing\na firm grip while running."
1877,4,5,99,14,0,0,24000,2400,0,0,0,0,0x008C6D0E,Orgaron Pelt,0x008F3D28,The tough fur of an Orgaron.\nA versatile material with\nexcellent heat retention.
1878,4,5,99,31,0,0,82000,8200,0,0,0,0,0x008C6D1B,Orgaron Fang,0x008F3D79,A polished Orgaron fang.\nSold as a prized work of art \nfor its exquisite shape.
1879,4,5,99,9,10,0,80000,8000,0,0,0,0,0x008C6D28,Orgaron Mane,0x008F3DC9,A graceful Orgaron mane.\nAlso sold as a work of art.
1880,4,5,99,9,0,0,39000,3900,0,0,0,0,0x008C6D35,Orgaron Spike+,0x008F3DFE,A sharp spike that grows\nalongside the fur. Tougher\nthan it looks.
1881,4,5,99,9,10,0,41000,4100,0,0,0,0,0x008C6D44,Orgaron Spike,0x008F3E41,One of the spikes found on\nan Orgaron's back. Used both\nfor defense and offense.
1882,4,5,99,9,1,0,35000,3500,0,0,0,0,0x008C6D52,Orgaron Blood,0x008F3E92,Orgaron blood with a beastly\naroma. Used as an ecological\nresearch material.
1883,4,5,99,1,1,0,89000,8900,0,0,0,0,0x008C6D60,Orgaron Ruby,0x008F3EDF,A ruby spontaneously formed\ninside an Orgaron. Sold for\na hefty sum as a jewel.
1884,4,5,99,14,1,0,88000,8800,0,0,0,0,0x008C6D6D,Crimson Pelt,0x008F3F2F,A special variety of the\nOrgaron's fur. Its hue is\ntruly crimson.
1885,4,5,99,37,5,0,100000,10000,0,0,0,0,0x008C6D7A,Lunastra Cert.,0x008F3F71,A certificate given only to\nthose who've triumphed over\nthe mightiest of dragons.
1886,0,1,255,28,1,32,0,0,0,0,0,0,0x008C6D89,Heat Bomb,0x000DFFD5,ダミー。
1887,4,5,30,79,7,1,150,10,0,0,0,0,0x008C6D93,Bmb Crst,0x008F3FC3,A crystal that grants\nexplosive properties to\nmelee weapons. Capacity: 30
1888,4,5,30,79,1,2,250,15,0,0,0,0,0x008C6D9C,Pwr Crst,0x008F400D,A crystal that increases the\nAttack of Evolving Weapons.\nCapacity: 30
1889,4,5,30,79,5,3,50,5,0,0,0,0,0x008C6DA5,Psn Crst,0x008F4053,A crystal that imbues\nyour weapon with Poison.\nCapacity: 30
1890,4,5,30,79,4,4,50,5,0,0,0,0,0x008C6DAE,Par Crst,0x008F408F,A crystal that imbues your\nweapon with Paralysis.\nCapacity: 30
1891,4,5,30,79,6,5,50,5,0,0,0,0,0x008C6DB7,Slp Crst,0x008F40CE,A crystal that imbues\nyour weapon with Sleep.\nCapacity: 30
1892,4,5,30,79,1,6,50,5,0,0,0,0,0x008C6DC0,Fir Crst,0x008F4109,A crystal that imbues your\nweapon with Fire damage.\nCapacity: 30
1893,4,5,30,79,6,7,50,5,0,0,0,0,0x008C6DC9,Wtr Crst,0x008F414A,A crystal that imbues your\nweapon with Water damage.\nCapacity: 30
1894,4,5,30,79,4,8,50,5,0,0,0,0,0x008C6DD2,Tdr Crst,0x008F418C,A crystal that imbues your\nweapon with Thunder damage.\nCapacity: 30
1895,4,5,30,79,3,9,50,5,0,0,0,0,0x008C6DDB,Ice Crst,0x008F41D0,A crystal that imbues your\nweapon with Ice damage.\nCapacity: 30
1896,4,5,30,79,1,10,100,5,0,0,0,0,0x008C6DE4,Drg Crst,0x008F4210,A crystal that imbues your\nweapon with Dragon damage.\nCapacity: 30
1897,4,5,99,35,8,0,100,10,0,0,0,0,0x008C6DED,Good Luck Charm,0x008F4253,An amulet said to increase\nthe rewards of the hunt and\nbring about good luck.
1898,4,5,99,37,5,0,100000,10000,0,0,0,0,0x008C6DFD,Orgaron Cert.,0x008F42A1,A certificate given only to\nthose who've triumphed over\nthe most arduous of hunts.
1899,4,5,99,35,2,0,300,30,0,0,0,0,0x008C6E0B,Carving Charm,0x008F42F4,Increases all carving\nattempts by one. ~C05(Consumed\nat the start of the Quest)
1900,4,5,99,34,3,0,0,0,6,0,0,0,0x008C6E19,Bond Ticket,0x000EF8FD,※開発用
1901,4,5,99,34,1,0,0,0,6,0,0,0,0x008C6E25,Red Tip,0x000EF8FD,※開発用
1902,4,5,99,34,3,0,0,0,6,0,0,0,0x008C6E2D,Blue Tip,0x000EF8FD,※開発用
1903,4,5,99,34,4,0,0,0,6,0,0,0,0x008C6E36,Yellow Tip,0x000EF8FD,※開発用
1904,4,5,99,36,3,0,0,0,6,0,0,0,0x008C6E41,Blue Bond Tome,0x000EF8FD,※開発用
1905,4,5,99,36,1,0,0,0,6,0,0,0,0x008C6E50,Red Bond Tome,0x000EF8FD,※開発用
1906,4,5,99,34,3,0,0,0,6,0,0,0,0x008C6E5E,Blue Award Medal,0x000EF8FD,※開発用
1907,4,5,99,34,1,0,0,0,6,0,0,0,0x008C6E6F,Red Award Medal,0x000EF8FD,※開発用
1908,0,1,1,0,0,0,0,0,0,0,0,0,0x0000276D,ダミー,0x000DF952,dummy
1909,0,1,1,0,0,0,0,0,0,0,0,0,0x0000276D,ダミー,0x000DF952,dummy
1910,0,1,1,0,0,0,0,0,0,0,0,0,0x0000276D,ダミー,0x000DF952,dummy
1911,0,1,1,0,0,0,0,0,0,0,0,0,0x0000276D,ダミー,0x000DF952,dummy
1912,0,1,1,0,0,0,0,0,0,0,0,0,0x0000276D,ダミー,0x000DF952,dummy
1913,0,1,1,0,0,0,0,0,0,0,0,0,0x0000276D,ダミー,0x000DF952,dummy
1914,0,1,1,0,0,0,0,0,0,0,0,0,0x0000276D,ダミー,0x000DF952,dummy
1915,0,1,1,0,0,0,0,0,0,0,0,0,0x0000276D,ダミー,0x000DF952,dummy
1916,0,1,1,0,0,0,0,0,0,0,0,0,0x0000276D,ダミー,0x000DF952,dummy
1917,0,1,1,0,0,0,0,0,0,0,0,0,0x0000276D,ダミー,0x000DF952,dummy
1918,0,1,1,0,0,0,0,0,0,0,0,0,0x0000276D,ダミー,0x000DF952,dummy
1919,0,1,1,0,0,0,0,0,0,0,0,0,0x0000276D,ダミー,0x000DF952,dummy
1920,0,1,1,0,0,0,0,0,0,0,0,0,0x0000276D,ダミー,0x000DF952,dummy
1921,0,1,1,0,0,0,0,0,0,0,0,0,0x0000276D,ダミー,0x000DF952,dummy
1922,0,1,1,0,0,0,0,0,0,0,0,0,0x0000276D,ダミー,0x000DF952,dummy
1923,0,1,1,0,0,0,0,0,0,0,0,0,0x0000276D,ダミー,0x000DF952,dummy
1924,0,1,1,0,0,0,0,0,0,0,0,0,0x0000276D,ダミー,0x000DF952,dummy
1925,0,1,1,0,0,0,0,0,0,0,0,0,0x0000276D,ダミー,0x000DF952,dummy
1926,0,1,1,0,0,0,0,0,0,0,0,0,0x0000276D,ダミー,0x000DF952,dummy
1927,0,1,1,0,0,0,0,0,0,0,0,0,0x0000276D,ダミー,0x000DF952,dummy
1928,0,1,1,0,0,0,0,0,0,0,0,0,0x0000276D,ダミー,0x000DF952,dummy
1929,0,1,1,0,0,0,0,0,0,0,0,0,0x0000276D,ダミー,0x000DF952,dummy
1930,0,1,1,0,0,0,0,0,0,0,0,0,0x0000276D,ダミー,0x000DF952,dummy
1931,0,1,1,0,0,0,0,0,0,0,0,0,0x0000276D,ダミー,0x000DF952,dummy
1932,0,1,1,0,0,0,0,0,0,0,0,0,0x0000276D,ダミー,0x000DF952,dummy
1933,0,1,1,0,0,0,0,0,0,0,0,0,0x0000276D,ダミー,0x000DF952,dummy
1934,0,1,1,0,0,0,0,0,0,0,0,0,0x0000276D,ダミー,0x000DF952,dummy
1935,0,1,1,0,0,0,0,0,0,0,0,0,0x0000276D,ダミー,0x000DF952,dummy
1936,0,1,1,0,0,0,0,0,0,0,0,0,0x0000276D,ダミー,0x000DF952,dummy
1937,0,1,1,0,0,0,0,0,0,0,0,0,0x0000276D,ダミー,0x000DF952,dummy
1938,0,1,1,0,0,0,0,0,0,0,0,0,0x0000276D,ダミー,0x000DF952,dummy
1939,0,1,1,0,0,0,0,0,0,0,0,0,0x0000276D,ダミー,0x000DF952,dummy
1940,0,1,1,0,0,0,0,0,0,0,0,0,0x0000276D,ダミー,0x000DF952,dummy
1941,0,1,1,0,0,0,0,0,0,0,0,0,0x0000276D,ダミー,0x000DF952,dummy
1942,0,1,1,0,0,0,0,0,0,0,0,0,0x0000276D,ダミー,0x000DF952,dummy
1943,0,1,1,0,0,0,0,0,0,0,0,0,0x0000276D,ダミー,0x000DF952,dummy
1944,0,1,1,0,0,0,0,0,0,0,0,0,0x0000276D,ダミー,0x000DF952,dummy
1945,0,1,1,0,0,0,0,0,0,0,0,0,0x0000276D,ダミー,0x000DF952,dummy
1946,0,1,1,0,0,0,0,0,0,0,0,0,0x0000276D,ダミー,0x000DF952,dummy
1947,0,1,1,0,0,0,0,0,0,0,0,0,0x0000276D,ダミー,0x000DF952,dummy
1948,0,1,1,0,0,0,0,0,0,0,0,0,0x0000276D,ダミー,0x000DF952,dummy
1949,0,1,1,0,0,0,0,0,0,0,0,0,0x0000276D,ダミー,0x000DF952,dummy
1950,0,1,1,0,0,0,0,0,0,0,0,0,0x0000276D,ダミー,0x000DF952,dummy
1951,0,1,1,0,0,0,0,0,0,0,0,0,0x0000276D,ダミー,0x000DF952,dummy
1952,0,1,1,0,0,0,0,0,0,0,0,0,0x0000276D,ダミー,0x000DF952,dummy
1953,0,1,1,0,0,0,0,0,0,0,0,0,0x0000276D,ダミー,0x000DF952,dummy
1954,0,1,1,0,0,0,0,0,0,0,0,0,0x0000276D,ダミー,0x000DF952,dummy
1955,0,1,1,0,0,0,0,0,0,0,0,0,0x0000276D,ダミー,0x000DF952,dummy
1956,0,1,1,0,0,0,0,0,0,0,0,0,0x0000276D,ダミー,0x000DF952,dummy
1957,0,1,1,0,0,0,0,0,0,0,0,0,0x0000276D,ダミー,0x000DF952,dummy
1958,0,1,1,0,0,0,0,0,0,0,0,0,0x0000276D,ダミー,0x000DF952,dummy
1959,0,1,1,0,0,0,0,0,0,0,0,0,0x0000276D,ダミー,0x000DF952,dummy
1960,0,1,1,0,0,0,0,0,0,0,0,0,0x0000276D,ダミー,0x000DF952,dummy
1961,0,1,1,0,0,0,0,0,0,0,0,0,0x0000276D,ダミー,0x000DF952,dummy
1962,0,1,1,0,0,0,0,0,0,0,0,0,0x0000276D,ダミー,0x000DF952,dummy
1963,0,1,1,0,0,0,0,0,0,0,0,0,0x0000276D,ダミー,0x000DF952,dummy
1964,0,1,1,0,0,0,0,0,0,0,0,0,0x0000276D,ダミー,0x000DF952,dummy
1965,0,1,1,0,0,0,0,0,0,0,0,0,0x0000276D,ダミー,0x000DF952,dummy
1966,0,1,1,0,0,0,0,0,0,0,0,0,0x0000276D,ダミー,0x000DF952,dummy
1967,0,1,1,0,0,0,0,0,0,0,0,0,0x0000276D,ダミー,0x000DF952,dummy
1968,0,1,1,0,0,0,0,0,0,0,0,0,0x0000276D,ダミー,0x000DF952,dummy
1969,0,1,1,0,0,0,0,0,0,0,0,0,0x0000276D,ダミー,0x000DF952,dummy
1970,0,1,1,0,0,0,0,0,0,0,0,0,0x0000276D,ダミー,0x000DF952,dummy
1971,0,1,1,0,0,0,0,0,0,0,0,0,0x0000276D,ダミー,0x000DF952,dummy
1972,0,1,1,0,0,0,0,0,0,0,0,0,0x0000276D,ダミー,0x000DF952,dummy
1973,0,1,1,0,0,0,0,0,0,0,0,0,0x0000276D,ダミー,0x000DF952,dummy
1974,0,1,1,0,0,0,0,0,0,0,0,0,0x0000276D,ダミー,0x000DF952,dummy
1975,0,1,1,0,0,0,0,0,0,0,0,0,0x0000276D,ダミー,0x000DF952,dummy
1976,0,1,1,0,0,0,0,0,0,0,0,0,0x0000276D,ダミー,0x000DF952,dummy
1977,0,1,1,0,0,0,0,0,0,0,0,0,0x0000276D,ダミー,0x000DF952,dummy
1978,0,1,1,0,0,0,0,0,0,0,0,0,0x0000276D,ダミー,0x000DF952,dummy
1979,0,1,1,0,0,0,0,0,0,0,0,0,0x0000276D,ダミー,0x000DF952,dummy
1980,0,1,1,0,0,0,0,0,0,0,0,0,0x0000276D,ダミー,0x000DF952,dummy
1981,0,1,1,0,0,0,0,0,0,0,0,0,0x0000276D,ダミー,0x000DF952,dummy
1982,0,1,1,0,0,0,0,0,0,0,0,0,0x0000276D,ダミー,0x000DF952,dummy
1983,0,1,1,0,0,0,0,0,0,0,0,0,0x0000276D,ダミー,0x000DF952,dummy
1984,0,1,1,0,0,0,0,0,0,0,0,0,0x0000276D,ダミー,0x000DF952,dummy
1985,0,1,1,0,0,0,0,0,0,0,0,0,0x0000276D,ダミー,0x000DF952,dummy
1986,0,1,1,0,0,0,0,0,0,0,0,0,0x0000276D,ダミー,0x000DF952,dummy
1987,0,1,1,0,0,0,0,0,0,0,0,0,0x0000276D,ダミー,0x000DF952,dummy
1988,0,1,1,0,0,0,0,0,0,0,0,0,0x0000276D,ダミー,0x000DF952,dummy
1989,0,1,1,0,0,0,0,0,0,0,0,0,0x0000276D,ダミー,0x000DF952,dummy
1990,0,1,1,0,0,0,0,0,0,0,0,0,0x0000276D,ダミー,0x000DF952,dummy
1991,0,1,1,0,0,0,0,0,0,0,0,0,0x0000276D,ダミー,0x000DF952,dummy
1992,0,1,1,0,0,0,0,0,0,0,0,0,0x0000276D,ダミー,0x000DF952,dummy
1993,0,1,1,0,0,0,0,0,0,0,0,0,0x0000276D,ダミー,0x000DF952,dummy
1994,0,1,1,0,0,0,0,0,0,0,0,0,0x0000276D,ダミー,0x000DF952,dummy
1995,0,1,1,0,0,0,0,0,0,0,0,0,0x0000276D,ダミー,0x000DF952,dummy
1996,0,1,1,0,0,0,0,0,0,0,0,0,0x0000276D,ダミー,0x000DF952,dummy
1997,0,1,1,0,0,0,0,0,0,0,0,0,0x0000276D,ダミー,0x000DF952,dummy
1998,0,1,1,0,0,0,0,0,0,0,0,0,0x0000276D,ダミー,0x000DF952,dummy
1999,0,1,1,0,0,0,0,0,0,0,0,0,0x0000276D,ダミー,0x000DF952,dummy
2000,4,5,99,37,3,0,0,0,0,0,0,0,0x008C6E7F,BP4 Ticket 1,0x008F4344,"A ticket made of special,\nrare paper. Can be exchanged\nfor a special item."
2001,4,5,99,37,3,0,0,0,0,0,0,0,0x008C6E8C,BP4 Ticket 2,0x008F438F,"A ticket made of special,\nrare paper. Can be exchanged\nfor a special item."
2002,4,5,99,37,3,0,0,0,0,0,0,0,0x008C6E99,BP4 Ticket 3,0x008F43DA,"A ticket made of special,\nrare paper. Can be exchanged\nfor a special item."
2003,4,5,99,37,3,0,0,0,0,0,0,0,0x008C6EA6,BP4 Ticket 4,0x008F4425,"A ticket made of special,\nrare paper. Can be exchanged\nfor a special item."
2004,4,5,99,37,3,0,0,0,0,0,0,0,0x008C6EB3,BP4 Ticket 5,0x008F4470,"A ticket made of special,\nrare paper. Can be exchanged\nfor a special item."
2005,4,5,99,37,3,0,0,0,0,0,0,0,0x008C6EC0,BP4 Ticket 6,0x008F44BB,"A ticket made of special,\nrare paper. Can be exchanged\nfor a special item."
2006,4,5,99,37,3,0,0,0,0,0,0,0,0x008C6ECD,BP4 Ticket 7,0x008F4506,"A ticket made of special,\nrare paper. Can be exchanged\nfor a special item."
2007,4,5,99,37,3,0,0,0,0,0,0,0,0x008C6EDA,BP4 Ticket 8,0x008F4551,"A ticket made of special,\nrare paper. Can be exchanged\nfor a special item."
2008,4,5,99,37,1,0,0,0,0,0,0,0,0x008C6EE7,N Seal D,0x008F459C,"A seal found in a distant\nland. Inscribed with two\nletters: ""N"" and ""D""."
2009,4,5,99,37,3,0,0,0,0,0,0,0,0x008C6EF0,N Seal E,0x008F45E5,"A seal found in a distant\nland. Inscribed with two\nletters: ""N"" and ""E""."
2010,4,5,99,37,5,0,0,0,0,0,0,0,0x008C6EF9,N Seal F,0x008F462E,"A seal found in a distant\nland. Inscribed with two\nletters: ""N"" and ""F""."
2011,4,5,99,37,6,0,0,0,0,0,0,0,0x008C6F02,Aqua P Tkt,0x008F4677,Instructions on forging the\nProven Aqualance. Bring them\nto the Smithy!
2012,4,5,99,37,4,0,0,0,0,0,0,0,0x008C6F0D,Grom P Tkt,0x008F46BF,Instructions on forging the\nProven Boltlance. Bring them\nto the Smithy!
2013,4,5,99,37,3,0,0,0,0,0,0,0,0x008C6F18,Frost F Tkt,0x008F4707,Instructions on forging the\nFrost Falchion. Bring them\nto the Smithy!
2014,4,5,99,37,7,0,0,0,0,0,0,0,0x008C6F24,Kamu F Tkt,0x008F474D,Instructions on forging the\nCalm Falchion. Bring them\nto the Smithy!
2015,4,5,99,37,0,0,0,0,0,0,0,0,0x008C6F2F,Snow F Tkt,0x008F4792,Instructions on forging the\nSnow Falx. Bring them to the\nSmithy!
2016,4,5,99,37,10,0,0,0,0,0,0,0,0x008C6F3A,Grand F Tkt,0x008F47D3,Instructions on forging the\nGrand Falx. Bring them to\nthe Smithy!
2017,4,5,99,37,0,0,0,0,0,0,0,0,0x008C6F46,F.Cannon Tkt,0x008F4815,Instructions on forging the\nFrigid Cannon. Bring them to\nthe Smithy!
2018,4,5,99,37,6,0,0,0,0,0,0,0,0x008C6F53,D.Cannon Tkt,0x008F485A,Instructions on forging the\nDormire Cannon. Bring them\nto the Smithy!
2019,4,5,99,37,3,0,0,0,0,0,0,0,0x008C6F60,Aquila Ticket,0x008F48A0,Instructions on forging the\nAquila Bow. Bring them to\nthe Smithy!
2020,4,5,99,37,8,0,0,0,0,0,0,0,0x008C6F6E,Lyra Ticket,0x008F48E2,Instructions on forging the\nLyra Bow. Bring them to the\nSmithy!
2021,4,5,99,37,10,0,0,0,0,0,0,0,0x008C6F7A,Ferrum Tkt: Head,0x008F4922,Instructions on forging the\nFerrum armor. Bring them to\nthe Smithy!
2022,4,5,99,37,10,0,0,0,0,0,0,0,0x008C6F8B,Ferrum Tkt: Chest,0x008F4966,Instructions on forging the\nFerrum armor. Bring them to\nthe Smithy!
2023,4,5,99,37,10,0,0,0,0,0,0,0,0x008C6F9D,Ferrum Tkt: Arms,0x008F49AA,Instructions on forging the\nFerrum armor. Bring them to\nthe Smithy!
2024,4,5,99,37,10,0,0,0,0,0,0,0,0x008C6FAE,Ferrum Tkt: Waist,0x008F49EE,Instructions on forging the\nFerrum armor. Bring them to\nthe Smithy!
2025,4,5,99,37,10,0,0,0,0,0,0,0,0x008C6FC0,Ferrum Tkt: Legs,0x008F4A32,Instructions on forging the\nFerrum armor. Bring them to\nthe Smithy!
2026,4,5,99,37,5,0,0,0,0,0,0,0,0x008C6FD1,Craille Tkt: Head,0x008F4A76,Instructions on forging the\nCraille armor. Bring them to\nthe Smithy!
2027,4,5,99,37,5,0,0,0,0,0,0,0,0x008C6FE3,Craille Tkt: Chest,0x008F4ABB,Instructions on forging the\nCraille armor. Bring them to\nthe Smithy!
2028,4,5,99,37,5,0,0,0,0,0,0,0,0x008C6FF6,Craille Tkt: Arms,0x008F4B00,Instructions on forging the\nCraille armor. Bring them to\nthe Smithy!
2029,4,5,99,37,5,0,0,0,0,0,0,0,0x008C7008,Craille Tkt: Waist,0x008F4B45,Instructions on forging the\nCraille armor. Bring them to\nthe Smithy!
2030,4,5,99,37,5,0,0,0,0,0,0,0,0x008C701B,Craille Tkt: Legs,0x008F4B8A,Instructions on forging the\nCraille armor. Bring them to\nthe Smithy!
2031,4,5,99,34,4,0,0,0,0,0,0,0,0x008C702D,Guild Medallion,0x000F8E7F,ギルド公認の彫金士によって\n精密な細工が施されたギルド\nメダリオン。渾身の一品。
2032,4,5,99,31,10,0,0,0,0,0,0,0,0x008C703D,Black Beast Claw,0x000F8ECE,黒き獣から入手できる鋭い爪。\nその鋭さは見る者を脅えさせ、\n触れる者をシビレさせる。
2033,4,5,99,27,4,0,0,0,0,0,0,0,0x008C704E,Moonstone,0x008F4BCF,"Formed by moonlight over\ncountless nights, this stone\nweighs more than it seems."
2034,4,5,99,31,0,0,0,0,0,0,0,0,0x008C7058,Sharp Fangs,0x008F4C20,"A pair of two differently\nsized, sharp fangs. Bring\nthem to the Smithy...?"
2035,4,5,99,30,7,0,0,0,0,0,0,0,0x008C7064,Timeless Flute,0x000F8FA2,類まれな硬度を誇る角笛。角\n竜の堅硬な角が入手できた時\nに限り職人によって作られた。
2036,4,5,99,18,7,0,0,0,0,0,0,0,0x008C7073,Shakalaka Seeds,0x000F8FF5,奇面族により栽培されていた\nとされる不思議な種。工房で\n武具の素材として使用可能。
2037,4,5,99,27,3,0,0,0,0,0,0,0,0x008C7083,Core Fragment,0x000F9046,見知らぬ文明の力を感じる石。\nすごい技術が使われている\nらしい。工房に持っていこう。
2038,4,5,99,34,6,0,0,50,0,0,0,0,0x008C7091,Mercenary Medal,0x008F4C6B,A special item that can be\nexchanged for various items\nat the Mezeporta Combinery.
2039,4,5,99,34,7,0,0,50,0,0,0,0,0x008C70A1,Caravan Medal,0x008F4CBE,A special item that can be\nexchanged for various items\nat the Caravan Combinery.
2040,0,1,255,0,0,0,0,0,0,0,0,0,0x008C70AF,No Crystal,0x000DFFD5,ダミー。
2041,2,3,10,24,2,0,0,0,0,0,0,0,0x008C70BA,First-aid Med+,0x008F4D0F,A drink that recovers just\nas much Health as a Mega\nPotion. ~C05(Supply Item)
2042,2,3,3,18,4,0,0,0,0,0,0,0,0x008C70C9,EZ Brace Seed,0x008F4D5D,Temporarily prevents you\nfrom being flinched by\nallies. ~C05(Supply Item)
2043,2,3,99,49,4,0,0,0,0,0,0,0,0x008C70D7,EZ Boomerang+,0x000F91A9,既存のブーメランを改良して、\nより大きく、強力にしたもの。\n~C05（支給品専用）
2044,2,3,99,27,10,0,0,0,0,0,0,0,0x008C70E5,EZ Stone+,0x000F91F6,従来の石ころよりも大きめな\n石ころ。よって威力も大きめ。\n~C05（支給品専用）
2045,2,3,3,33,4,0,0,0,0,0,0,0,0x008C70EF,EZ Earplugs,0x000F9241,使い捨て高級耳栓と全く同じ\n効果を持つ耳栓。\n~C05（支給品専用）
2046,2,3,10,2,3,0,0,0,0,0,0,0,0x008C70FB,EZ Bounce Bomb,0x000F9280,打上げタル爆弾Ｇと\n全く同じ性質を持つ爆弾。\n~C05（支給品専用）
2047,2,3,5,24,1,0,0,0,0,0,0,0,0x008C710A,EZ Mega Demondrug,0x000F92BF,鬼人薬を上回る攻撃力を\n得ると伝えられる幻の薬。\n~C05（支給品専用）
2048,2,3,5,24,7,0,0,0,0,0,0,0,0x008C711C,EZ Mega Armorskin,0x000F9302,硬化薬を上回る防御力を\n得ると伝えられる幻の薬。\n~C05（支給品専用）
2049,2,3,5,24,8,0,0,0,0,0,0,0,0x008C712E,EZ Hot & Cold Drink,0x000F9345,一定時間、暑さと寒さを同時\nに緩和する飲料。\n~C05（支給品専用）
2050,2,3,10,2,4,0,0,0,0,0,0,0,0x008C7142,EZ Thunder Bomb,0x000F9384,大タルの中に、雷属性の攻撃\n成分を詰め込んだ爆弾。\n~C05（支給品専用）
2051,2,3,10,2,5,0,0,0,0,0,0,0,0x008C7152,EZ Poison Bomb,0x000F93C9,大タルの中に、毒属性の攻撃\n成分を詰め込んだ爆弾。\n~C05（支給品専用）
2052,2,3,10,2,6,0,0,0,0,0,0,0,0x008C7161,EZ Ice Bomb,0x000F940E,大タルの中に、氷属性の攻撃\n成分を詰め込んだ爆弾。\n~C05（支給品専用）
2053,2,3,10,2,6,0,0,0,0,0,0,0,0x008C716D,EZ Sleep Bomb,0x000F9453,大タルの中に睡眠属性の攻撃\n成分を詰め込んだ爆弾。\n~C05（支給品専用）
2054,2,3,10,2,4,0,0,0,0,0,0,0,0x008C717B,EZ Paralysis Bomb,0x000F9498,大タルの中に麻痺属性の攻撃\n成分を詰め込んだ爆弾。\n~C05（支給品専用）
2055,2,3,99,2,4,0,0,0,0,0,0,0,0x008C718D,EZ Horizontal Bomb,0x000F94DD,試験的に作られた小タル爆弾。\n地面を這うように発射される。\n~C05（支給品専用）
2056,2,3,10,2,4,0,0,0,0,0,0,0,0x008C71A0,EZ Paint Ball,0x000F952A,ペイントボールの要素を持つ、\n投げて使う小タル爆弾。\n~C05（支給品専用）
2057,2,3,10,2,4,0,0,0,0,0,0,0,0x008C71AE,EZ T.Sleep Bomb,0x000F9571,睡眠属性を持つ、投げて使う\nタイプの小タル爆弾。\n~C05（支給品専用）
2058,2,3,10,2,4,0,0,0,0,0,0,0,0x008C71BE,EZ T.Thunder Bomb,0x000F95B4,雷属性を持つ、投げて使う\nタイプの小タル爆弾。\n~C05（支給品専用）
2059,2,3,10,2,6,0,0,0,0,0,0,0,0x008C71D0,EZ T.Ice Bomb,0x000F95F5,氷属性を持つ、投げて使う\nタイプの小タル爆弾。\n~C05（支給品専用）
2060,2,3,5,24,4,0,0,0,0,0,0,0,0x008C71DE,EZ Dash Juice,0x000F9636,一定時間疲れることなく走り\n続けることができる薬。\n~C05（支給品専用）
2061,2,3,5,24,4,0,0,0,0,0,0,0,0x008C71EC,EZ Mega Dash Juice,0x000F967B,強走薬よりも、更に長い時間\n走り続けることができる薬。\n~C05（支給品専用）
2062,2,3,3,35,5,0,0,0,0,0,0,0,0x008C71FF,EZ Poison Powder,0x000F96C4,使用者と、周囲の者の毒状態\nを回復する成分を持つ粉。\n~C05（支給品専用）
2063,2,3,3,35,6,0,0,0,0,0,0,0,0x008C7210,EZ Sleep Powder,0x008F4DA7,A powder that awakens any\nnearby allies from Sleep.\n~C05(Supply Item)
2064,2,3,3,35,4,0,0,0,0,0,0,0,0x008C7220,EZ Para Powder,0x008F4DED,A powder that cures\nany nearby allies from\nParalysis. ~C05(Supply Item)
2065,2,3,3,35,1,0,0,0,0,0,0,0,0x008C722F,EZ Hot Powder,0x008F4E35,A powder that provides\nrelief from cold to you and\nnearby allies. ~C05(Supply Item)~C00
2066,2,3,3,35,6,0,0,0,0,0,0,0,0x008C723D,EZ Cool Powder,0x008F4E8D,A powder that provides\nrelief from heat to you and\nnearby allies. ~C05(Supply Item)~C00
2067,2,3,10,35,8,0,0,0,0,0,0,0,0x008C724C,EZ Natural Powder,0x008F4EE5,A powder that protects you\nand nearby allies from the\ncold or heat. ~C05(Supply Item)~C00
2068,2,3,3,7,10,0,0,0,0,0,0,0,0x008C725E,EZ Gunlance Coolant,0x008F4F3F,Allows for quick reuse of\nWyvern's Fire. ~C05(Gunlance\nOnly) (Supply Item)
2069,2,3,1,35,1,0,0,0,0,0,0,0,0x008C7272,EZ Ancient Potion,0x008F4F8A,Fully restores Health and\nmaximizes your Health and\nStamina gauge. ~C05(Supply Item)~C00
2070,4,5,99,33,3,0,0,0,0,0,0,0,0x008C7284,Anc. Frostbranch,0x000F98EC,氷に閉ざされた地方にある、\n古くより氷の中で育った\n樹木の希少な枝。
2071,4,5,99,33,10,0,0,0,0,0,0,0,0x008C7295,Rusted Chunk,0x000F992F,なんだかわからないが\n大きな錆びている塊。\n中心に何かありそう。
2072,4,5,99,24,1,0,0,0,0,0,0,0,0x008C72A2,Felyne Polish,0x000F996E,なにやら不思議な色をした\n錆び磨きのための液体。\n作り方は秘密らしい。
2073,4,5,99,36,1,0,0,0,0,0,0,0,0x008C72B0,Proof of Power,0x000F99B3,チカラを追い求めている\nハンター達が持っている証。\n誰が発行しているかは謎。
2074,4,5,99,34,7,0,0,0,0,0,0,0,0x008C72BF,Harvest Coin,0x000F99FE,採集を極めたハンターの証。\nその採集量はもはや収穫と\n呼ばれるほど。
2075,4,5,99,34,4,0,0,0,0,0,0,0,0x008C72CC,Gathering Coin 1,0x008F4FE3,"Proof of one's devotion to\ngathering. Engraved with:\n""A real hunter must gather!"""
2076,4,5,99,34,8,0,0,0,0,0,0,0,0x008C72DD,Gathering Coin 2,0x008F5035,"Proof of one's devotion to\ngathering. Engraved with:\n""A real hunter must gather!"""
2077,4,5,99,34,2,0,0,0,0,0,0,0,0x008C72EE,Gathering Coin 3,0x008F5087,"Proof of one's devotion to\ngathering. Engraved with:\n""A real hunter must gather!"""
2078,4,5,99,34,6,0,0,0,0,0,0,0,0x008C72FF,Gathering Coin 4,0x008F50D9,"Proof of one's devotion to\ngathering. Engraved with:\n""A real hunter must gather!"""
2079,4,5,99,34,5,0,0,0,0,0,0,0,0x008C7310,Gathering Coin 5,0x008F512B,"Proof of one's devotion to\ngathering. Engraved with:\n""A real hunter must gather!"""
2080,4,5,99,34,10,0,0,0,0,0,0,0,0x008C7321,Gathering Coin 6,0x008F517D,"Proof of one's devotion to\ngathering. Engraved with:\n""A real hunter must gather!"""
2081,4,5,99,34,2,0,0,0,0,0,0,0,0x008C7332,Gathering Coin H,0x008F51CF,"Proof of one's devotion to\ngathering. Engraved with:\n""A real hunter must gather!"""
2082,4,5,99,34,1,0,0,0,0,0,0,0,0x008C7343,Gathering Coin V,0x008F5221,"Proof of one's devotion to\ngathering. Engraved with:\n""A real hunter must gather!"""
2083,4,5,99,33,10,0,0,0,0,0,0,0,0x008C7354,Brutal Beast,0x008F5273,A small plush reminiscent\nof a brutal beast. Did its\neyes just...blink!?
2084,4,5,99,12,7,0,0,0,0,0,0,0,0x008C7361,Tropical Tree,0x008F52BC,"Wood with a tropical feel.\nWe may call it wood, but\nit's actually a tree."
2085,4,5,99,10,3,0,0,0,0,0,0,0,0x008C736F,A.Rathalos Soul,0x008F5306,A bone said to contain the\nRathalos's soul. Its flaming\npresence conjures a mirage.
2086,4,5,99,10,0,0,0,0,0,0,0,0,0x008C737F,S.Rathalos Soul,0x008F535A,A bone said to contain the\nRathalos's soul. Its flaming\npresence conjures a mirage.
2087,4,5,99,27,3,0,0,0,0,0,0,0,0x008C738F,BlueMemoryShard,0x008F53AE,Ore said to be formed from\ncrystallized feelings. Forms\nhalf of a larger object.
2088,4,5,99,27,8,0,0,0,0,0,0,0,0x008C739F,PinkMemoryShard,0x008F53FF,Ore said to be formed from\ncrystallized feelings. Forms\nhalf of a larger object.
2089,4,5,99,41,7,0,0,0,0,0,0,0,0x008C73AF,Sweet Melody,0x008F5450,A voice heard in Mezeporta\nSquare. Its melodious tune\nresonates with the heart.
2090,4,5,99,6,4,0,0,0,0,0,0,0,0x008C73BC,Jewel Box,0x008F54A0,"A box filled with jewels.\nTouched by emotion, they\nshine all the more brightly."
2091,4,5,99,34,3,0,0,0,0,0,0,0,0x008C73C6,Marine Coin,0x008F54F0,A coin that symbolizes the\nSea. Its decorations depict\nthe beauty of Mother Nature.
2092,4,5,99,34,6,0,0,0,0,0,0,0,0x008C73D2,Sky Coin,0x008F5544,A coin that symbolizes the\nSky. Its decorations depict\nthe beauty of Mother Nature.
2093,4,5,99,34,7,0,0,0,0,0,0,0,0x008C73DB,Earth Coin,0x008F5598,A coin that symbolizes the\nLand. Its decorations depict\nthe beauty of Mother Nature.
2094,4,5,99,37,10,0,0,0,0,0,0,0,0x008C73E6,N Seal G,0x008F55ED,"A seal found in a distant\nland. Inscribed with two\nletters: ""N"" and ""G""."
2095,4,5,99,37,0,0,0,0,0,0,0,0,0x008C73EF,N Seal H,0x008F5636,"A seal found in a distant\nland. Inscribed with two\nletters: ""N"" and ""H""."
2096,4,5,99,37,10,0,0,0,0,0,0,0,0x008C73F8,N Seal I,0x008F567F,"A seal found in a distant\nland. Inscribed with two\nletters: ""N"" and ""I""."
2097,4,5,99,37,0,0,0,0,0,0,0,0,0x008C7401,Lightsword Tkt,0x008F56C8,Instructions on forging the\nSolar Sword. Bring them to\nthe Smithy!
2098,4,5,99,37,4,0,0,0,0,0,0,0,0x008C7410,Dimsword Tkt,0x008F570B,Instructions on forging the\nLunar Sword. Bring them to\nthe Smithy!
2099,4,5,99,37,7,0,0,0,0,0,0,0,0x008C741D,Blitz Ticket,0x008F574E,Instructions on forging the\nBlitz Twins. Bring them to\nthe Smithy!
2100,4,5,99,37,2,0,0,0,0,0,0,0,0x008C742A,Pearl Ticket,0x008F5791,Instructions on forging the\nPearl Twins. Bring them to\nthe Smithy!
2101,4,5,99,37,3,0,0,0,0,0,0,0,0x008C7437,Paralyze Ticket,0x008F57D4,Instructions on forging the\nParalyzing Stamper. Bring\nthem to the Smithy!
2102,4,5,99,37,1,0,0,0,0,0,0,0,0x008C7447,Reve Ticket,0x008F581E,Instructions on forging the\nReve Stamper. Bring them to\nthe Smithy!
2103,4,5,99,37,10,0,0,0,0,0,0,0,0x008C7453,Asta Ticket,0x008F5862,Instructions on forging\nAstro the Third. Bring\nthem to the Smithy!
2104,4,5,99,37,0,0,0,0,0,0,0,0,0x008C745F,Magni Ticket,0x008F58A5,Instructions on forging\nMagni the Third. Bring\nthem to the Smithy!
2105,4,5,99,37,10,0,0,0,0,0,0,0,0x008C746C,Mark I Ticket,0x008F58E8,Instructions on forging\nthe Karmic Gourd Mk.1.\nBring them to the Smithy!
2106,4,5,99,37,10,0,0,0,0,0,0,0,0x008C747A,Mark I Ticket+,0x008F5931,Instructions on forging\nthe Karmic Gourd Mk.1+.\nBring them to the Smithy!
2107,4,5,99,37,10,0,0,0,0,0,0,0,0x008C7489,Mark I Ticket X,0x008F597B,Instructions on forging\nthe Imperfect Gourd Mk.1+.\nBring them to the Smithy!
2108,4,5,99,37,0,0,0,0,0,0,0,0,0x008C7499,Mark III Ticket,0x008F59C8,Instructions on forging\nthe Karmic Gourd Mk.3.\nBring them to the Smithy!
2109,4,5,99,37,0,0,0,0,0,0,0,0,0x008C74A9,Mark III Ticket+,0x008F5A11,Instructions on forging\nthe Karmic Gourd Mk.3+.\nBring them to the Smithy!
2110,4,5,99,37,0,0,0,0,0,0,0,0,0x008C74BA,Mark III Ticket X,0x008F5A5B,Instructions on forging\nthe Imperfect Gourd Mk.3+.\nBring them to the Smithy!
2111,4,5,99,37,3,0,0,0,0,0,0,0,0x008C74CC,TN Ticket 1,0x008F5AA8,A ticket made of strange\npaper. Can be exchanged\nfor a special item.
2112,4,5,99,37,3,0,0,0,0,0,0,0,0x008C74D8,TN Ticket 2,0x008F5AED,A ticket made of strange\npaper. Can be exchanged\nfor a special item.
2113,4,5,99,37,3,0,0,0,0,0,0,0,0x008C74E4,TN Ticket 3,0x008F5B32,A ticket made of strange\npaper. Can be exchanged\nfor a special item.
2114,4,5,99,37,3,0,0,0,0,0,0,0,0x008C74F0,TN Ticket 4,0x008F5B77,A ticket made of strange\npaper. Can be exchanged\nfor a special item.
2115,4,5,99,37,3,0,0,0,0,0,0,0,0x008C74FC,TN Ticket 5,0x008F5BBC,A ticket made of strange\npaper. Can be exchanged\nfor a special item.
2116,4,5,99,37,0,0,0,0,0,0,0,0,0x008C7508,Melody Ticket H,0x008F5C01,Instructions on forging the\nMelety armor. Bring them to\nthe Smithy!
2117,4,5,99,37,0,0,0,0,0,0,0,0,0x008C7518,Melody Ticket C,0x008F5C45,Instructions on forging the\nMelety armor. Bring them to\nthe Smithy!
2118,4,5,99,37,0,0,0,0,0,0,0,0,0x008C7528,Melody Ticket A,0x008F5C89,Instructions on forging the\nMelety armor. Bring them to\nthe Smithy!
2119,4,5,99,37,0,0,0,0,0,0,0,0,0x008C7538,Melody Ticket W,0x008F5CCD,Instructions on forging the\nMelety armor. Bring them to\nthe Smithy!
2120,4,5,99,37,0,0,0,0,0,0,0,0,0x008C7548,Melody Ticket L,0x008F5D11,Instructions on forging the\nMelety armor. Bring them to\nthe Smithy!
2121,4,5,99,37,10,0,0,0,0,0,0,0,0x008C7558,Golto Ticket H,0x008F5D55,Instructions on forging the\nGolto armor. Bring them to\nthe Smithy!
2122,4,5,99,37,10,0,0,0,0,0,0,0,0x008C7567,Golto Ticket C,0x008F5D98,Instructions on forging the\nGolto armor. Bring them to\nthe Smithy!
2123,4,5,99,37,10,0,0,0,0,0,0,0,0x008C7576,Golto Ticket A,0x008F5DDB,Instructions on forging the\nGolto armor. Bring them to\nthe Smithy!
2124,4,5,99,37,10,0,0,0,0,0,0,0,0x008C7585,Golto Ticket W,0x008F5E1E,Instructions on forging the\nGolto armor. Bring them to\nthe Smithy!
2125,4,5,99,37,10,0,0,0,0,0,0,0,0x008C7594,Golto Ticket L,0x008F5E61,Instructions on forging the\nGolto armor. Bring them to\nthe Smithy!
2126,4,5,99,37,3,0,0,0,0,0,0,0,0x008C75A3,BP5 Ticket 1,0x008F5EA4,"A ticket made of special,\nrare paper. Can be exchanged\nfor a special item."
2127,4,5,99,37,3,0,0,0,0,0,0,0,0x008C75B0,BP5 Ticket 2,0x008F5EEF,"A ticket made of special,\nrare paper. Can be exchanged\nfor a special item."
2128,4,5,99,37,3,0,0,0,0,0,0,0,0x008C75BD,BP5 Ticket 3,0x008F5F3A,"A ticket made of special,\nrare paper. Can be exchanged\nfor a special item."
2129,4,5,99,37,3,0,0,0,0,0,0,0,0x008C75CA,BP5 Ticket 4,0x008F5F85,"A ticket made of special,\nrare paper. Can be exchanged\nfor a special item."
2130,4,5,99,37,3,0,0,0,0,0,0,0,0x008C75D7,BP5 Ticket 5,0x008F5FD0,"A ticket made of special,\nrare paper. Can be exchanged\nfor a special item."
2131,4,5,99,37,3,0,0,0,0,0,0,0,0x008C75E4,BP5 Ticket 6,0x008F601B,"A ticket made of special,\nrare paper. Can be exchanged\nfor a special item."
2132,4,5,99,37,3,0,0,0,0,0,0,0,0x008C75F1,BP5 Ticket 7,0x008F6066,"A ticket made of special,\nrare paper. Can be exchanged\nfor a special item."
2133,4,5,99,37,3,0,0,0,0,0,0,0,0x008C75FE,BP5 Ticket 8,0x008F60B1,"A ticket made of special,\nrare paper. Can be exchanged\nfor a special item."
2134,4,5,99,37,7,0,0,0,0,0,0,0,0x008C760B,TP2 Ticket 1,0x008F60FC,A ticket made of strange\npaper. Can be exchanged\nfor a special item.
2135,4,5,99,37,7,0,0,0,0,0,0,0,0x008C7618,TP2 Ticket 2,0x008F6141,A ticket made of strange\npaper. Can be exchanged\nfor a special item.
2136,4,5,99,37,7,0,0,0,0,0,0,0,0x008C7625,TP2 Ticket 3,0x008F6186,A ticket made of strange\npaper. Can be exchanged\nfor a special item.
2137,4,5,99,37,7,0,0,0,0,0,0,0,0x008C7632,TP2 Ticket 4,0x008F61CB,A ticket made of strange\npaper. Can be exchanged\nfor a special item.
2138,4,5,99,37,7,0,0,0,0,0,0,0,0x008C763F,TP2 Ticket 5,0x008F6210,A ticket made of strange\npaper. Can be exchanged\nfor a special item.
2139,4,5,99,34,10,0,0,0,0,0,0,0,0x008C764C,Steel Pawcoin,0x008F6255,Lynian currency stamped with\na pawprint. Its engraving is\nunfamiliar.
2140,4,5,99,34,10,0,0,0,0,0,0,0,0x008C765A,Iron Pawcoin,0x008F629B,Lynian currency stamped with\na pawprint. Its engraving is\nunfamiliar.
2141,4,5,99,34,1,0,0,0,0,0,0,0,0x008C7667,Leaden Pawcoin,0x008F62E1,Lynian currency stamped with\na pawprint. Its engraving is\nunfamiliar.
2142,4,5,99,37,4,0,0,0,0,0,0,0,0x008C7676,Guild Seal,0x008F6327,A seal designed by the\nGuild's official artist.\nA powerful design.
2143,4,5,99,14,0,0,0,0,0,0,0,0,0x008C7681,Tough Snakeskin,0x008F636A,Thick snakeskin that's not\nnormally used for crafting.\nHas a slight sheen.
2144,4,5,99,37,8,0,0,0,0,0,0,0,0x008C7691,Gratitude Coupon,0x008F63B5,A monthly ticket awarded as\na token of appreciation to\ndevoted hunters.
2145,4,5,99,34,0,0,0,0,0,0,0,0,0x008C76A2,N.Year Gift (Tiger),0x008F63FD,"A bag received on New Year's\nEve. Filled with something,\nbut definitely not zenny."
2146,4,5,99,9,1,0,23000,2300,0,0,0,0,0x008C76B6,Raviente Blood,0x008F6450,"Blood with a thick, syrupy\ntexture. Highly coveted as\na research material."
2147,4,5,99,1,1,0,25000,2500,0,0,0,0,0x008C76C5,Raviente Ruby,0x008F649B,A Raviente ruby. Its sheer\nsize is a sight to behold.
2148,4,5,99,14,1,0,12000,1200,0,0,0,0,0x008C76D3,Raviente Hide,0x008F64D1,"The hide of a Raviente.\nDespite its thinness, it\nis surprisingly tough."
2149,4,5,99,23,1,0,8000,800,0,0,0,0,0x008C76E1,Raviente Scale,0x008F6519,A Raviente scale that grows\nstronger with use. Beloved\nby hunters.
2150,4,5,99,9,1,0,19000,1900,0,0,0,0,0x008C76F0,Raviente Wing,0x008F655C,"Though shaped like a fin,\nits sheer size makes it a\nwing."
2151,4,5,99,9,1,0,42000,4200,0,0,0,0,0x008C76FE,Raviente Marrow,0x008F6596,A hard-to-extract marrow\nhidden beneath a layer of\nextremely thick bones.
2152,4,5,99,31,1,0,21000,2100,0,0,0,0,0x008C770E,Raviente Horn,0x008F65E0,The horn of a Raviente.\nIts immense gravitas defies\ndescription.
2153,4,5,99,31,1,0,38000,3800,0,0,0,0,0x008C771C,Raviente Fang,0x008F6621,A Raviente fang. Equal in\nsize to a horn and tougher\nthan most known ores.
2154,4,5,99,9,1,0,16000,1600,0,0,0,0,0x008C772A,Raviente Tail,0x008F666C,"A Raviente tail. As heavy\nas lead, but exceptionally\nflexible.\n"
2155,4,5,99,9,1,0,56000,5600,0,0,0,0,0x008C7738,Raviente Spike,0x008F66AC,The spike of a Raviente.\nA giant rugged mass that is\nundeserving of its name.
2156,4,5,99,1,2,0,10000,1000,0,0,0,0,0x008C7747,Power Gem,0x008F66FA,A large crystal imbued with\nintense heat. The potential\nit offers is limitless.
2157,4,5,99,1,7,0,20000,2000,0,0,0,0,0x008C7751,Power Gem+,0x008F674A,A flawless crystal imbued\nwith a power even greater\nthan that of a Power Gem.
2158,4,5,99,1,5,0,30000,3000,0,0,0,0,0x008C775C,Rare Power Gem,0x008F6798,"A wondrous crystal known as\nthe ""King of Power Gems"".\nPriceless."
2159,3,4,99,15,2,0,500,500,0,0,0,0,0x008C776B,Dandelion Leaf,0x008F67D9,"A bone-hard, yet easy to\nprocess leaf. Prized for\nits rarity."
2160,3,4,99,15,2,0,100,100,0,0,0,0,0x008C777A,Subherb,0x008F6817,A versatile plant commonly\nused a substitute for rare\nmaterials during processing.
2161,3,4,99,12,0,0,100,100,0,0,0,0,0x008C7782,Wht Speckshroom,0x008F686A,A mushroom named after the\nsmall white spots found on\nits surface.
2162,3,4,99,18,7,0,50,50,0,0,0,0,0x008C7792,Rattleberry,0x008F68AD,"A berry that, once dried,\nmakes a lovely, crisp sound\nwhen shaken."
2163,3,4,99,15,2,0,50,50,0,0,0,0,0x008C779E,Rustleweed,0x008F68F0,A plant named for the\nrustling sound it makes\nwhen swaying in the wind.
2164,3,4,99,12,10,0,50,50,0,0,0,0,0x008C77A9,Blk Speckshroom,0x008F6938,A mushroom named after the\nsmall black spots found on\nits surface.
2165,3,4,99,27,2,0,500,500,0,0,0,0,0x008C77B9,Gemerald,0x008F697B,"A crystal clear, green\nmineral. Extremely rare,\nand therefore valuable."
2166,3,4,99,27,7,0,100,100,0,0,0,0,0x008C77C2,Striped Quartz,0x008F69C3,A mineral characterized by\nits striped pattern. No one\ncould hope to replicate it.
2167,3,4,99,27,10,0,100,100,0,0,0,0,0x008C77D1,Beast Fossil,0x008F6A16,A fossilized horn fragment\nfrom an ancient monster.\nExtremely tough.
2168,3,4,99,27,8,0,50,50,0,0,0,0,0x008C77DE,Pink Crystal,0x008F6A5B,"A heatproof, shock-resistant\ncrystal. Pure specimens sell\nfor a hefty sum."
2169,3,4,99,27,10,0,50,50,0,0,0,0,0x008C77EB,Shroomstone,0x008F6AA6,A mineral shaped entirely\nby nature -- and somehow\nunmistakably mushroom-like.
2170,3,4,99,27,10,0,50,50,0,0,0,0,0x008C77F7,Boardstone,0x008F6AF5,"A thin, flat mineral. Its\nsides are sturdy, but the\ntop and bottom are not."
2171,3,4,99,20,4,0,500,500,0,0,0,0,0x008C7802,Wealthbug,0x008F6B41,An insect sometimes treated\nas a money charm due to its\ngolden shell.
2172,3,4,99,20,7,0,100,100,0,0,0,0,0x008C780C,Branchbug,0x008F6B87,A slow-moving insect that\nlooks just like a tree\nbranch.
2173,3,4,99,20,3,0,100,100,0,0,0,0,0x008C7816,Velocibutterfly,0x008F6BC0,A butterfly named for the\nVelociprey-like pattern on\nits wings.
2174,3,4,99,20,1,0,50,50,0,0,0,0,0x008C7826,Red Buttonbug,0x008F6C00,An insect named for its\nround shape and glossy\nred wings.
2175,3,4,99,20,2,0,50,50,0,0,0,0,0x008C7834,Green Butterfly,0x008F6C3A,A butterfly named after the\ngreen eye-like pattern found\non its wings.
2176,3,4,99,20,7,0,50,50,0,0,0,0,0x008C7844,Leafworm,0x008F6C81,An insect whose color and\nback closely resemble a\nleaf.
2177,3,4,99,15,2,0,500,500,0,0,0,0,0x008C784D,Shaka Loincloth,0x008F6CB9,"A leaf worn by Shakalaka\naround the waist. Wait,\ndoes this mean..."
2178,3,4,99,27,10,0,100,100,0,0,0,0,0x008C785D,Smooth Stone,0x008F6CFC,"A stone processed to have a\nspherical surface. Coarse,\nbut well-rounded."
2179,3,4,99,33,7,0,100,100,0,0,0,0,0x008C786A,Bent Lumber,0x008F6D45,An artificially curved piece\nof wood. Used when a sturdy\nmaterial is required.
2180,3,4,99,33,10,0,50,50,0,0,0,0,0x008C7876,Soiled Rag,0x008F6D94,A well-used scrap of cloth\nthat scarcely retains its\noriginal shape -- or color.
2181,3,4,99,33,10,0,50,50,0,0,0,0,0x008C7881,Broken Knife,0x008F6DE5,A sliver of metal at the end\nof the handle is all that\ndistinguishes it as a knife.
2182,3,4,99,33,7,0,50,50,0,0,0,0,0x008C788E,Thin Board,0x008F6E39,Made by thinly slicing a\ntree vertically. Sturdy if\nlayered with one another.
2183,3,4,99,15,8,0,500,500,0,0,0,0,0x008C7899,Delicate Flower,0x008F6E87,A precious flower that only\nblooms one a year -- if it\nblooms at all.
2184,3,4,99,18,7,0,100,100,0,0,0,0,0x008C78A9,Thirstberry,0x008F6ECD,A berry that grows without\nmuch water. Eating it makes\nyou really thirsty.
2185,3,4,99,15,2,0,100,100,0,0,0,0,0x008C78B5,Nectarless Herb,0x008F6F18,"A plant that lures insects\nwith a sweet, nectar-like\naroma, and eats them."
2186,3,4,99,15,2,0,50,50,0,0,0,0,0x008C78C5,Humble Herb,0x008F6F63,"Not very tasty or suitable\nfor crafting, but still\nworth gathering if you can."
2187,3,4,99,15,4,0,50,50,0,0,0,0,0x008C78D1,Demon Cactus,0x008F6FB2,A cactus with distinctively\nvivid flowers that stay in\nbloom for over a month.
2188,3,4,99,15,3,0,50,50,0,0,0,0,0x008C78DE,Goldberry Flower,0x008F7001,"Unlike the juicy fruit it\nproduces, this plant's\nflowers are bright blue."
2189,3,4,99,27,6,0,500,500,0,0,0,0,0x008C78EF,Adamond,0x008F704B,"A crystal clear, tough\nmineral. Extremely rare,\nand therefore valuable."
2190,3,4,99,27,10,0,100,100,0,0,0,0,0x008C78F7,Litemacha Ore,0x008F7093,Makes for a versatile\nmaterial when refined.\nMade mainly of crystals.
2191,3,4,99,27,10,0,100,100,0,0,0,0,0x008C7905,Litecarba Ore,0x008F70D9,Makes for a versatile\nmaterial when refined.\nMade mainly of metal.
2192,3,4,99,27,10,0,50,50,0,0,0,0,0x008C7913,Roundstone,0x008F711C,"The forces of nature have\nsmoothed its edges, making\nit appear rounded."
2193,3,4,99,27,10,0,50,50,0,0,0,0,0x008C791E,Rhinestone,0x008F7164,"The forces of nature have\nsmoothed its edges, making\nit look diamond-shaped."
2194,3,4,99,27,10,0,50,50,0,0,0,0,0x008C7929,Pentastone,0x008F71B1,"The forces of nature have\nsmoothed its edges, making\nit look star-shaped."
2195,3,4,99,20,7,0,500,500,0,0,0,0,0x008C7934,Stag Beetle,0x008F71FB,An insect with impressive\npincers and horns. Be sure\nto approach it from behind.
2196,3,4,99,20,10,0,100,100,0,0,0,0,0x008C7940,Nailhopper,0x008F724C,"Long, thin, and covered in\na hard shell, this bug could\neasily be used as a nail."
2197,3,4,99,20,4,0,100,100,0,0,0,0,0x008C794B,Luminescent Worm,0x008F729E,A worm that stores light\nduring the day and glows\nfaintly all over at night.
2198,3,4,99,20,10,0,50,50,0,0,0,0,0x008C795C,Insect Exuvia,0x008F72EB,"Part of a huge bug's shell.\nLooks and feels more like\nthick tree bark, though."
2199,3,4,99,20,3,0,50,50,0,0,0,0,0x008C796A,Rainbug,0x008F733A,An insect often seen on\nrainy days. Named for this\nvery reason.
2200,3,4,99,20,10,0,50,50,0,0,0,0,0x008C7972,Branhopper,0x008F737A,An unassuming grasshopper\ndistinguished by its rice\nbran-like scent.
2201,3,4,99,35,7,0,500,500,0,0,0,0,0x008C797D,Felvine Necklace,0x008F73BF,A necklace that's far too\nsmall for any human. Seems\npopular among Melynxes...
2202,3,4,99,33,10,0,100,100,0,0,0,0,0x008C798E,Broken Pickaxe,0x008F740E,A pickaxe rendered unusable\ndue to lack of a handle.\nIts head has not rusted.
2203,3,4,99,27,10,0,100,100,0,0,0,0,0x008C799D,Polished Stone,0x008F745C,A flat polished stone that's\nas reflective as a mirror.
2204,3,4,99,33,10,0,50,50,0,0,0,0,0x008C79AC,Old Ladle,0x008F7494,"Though ornate, this ladle\nappears really old, and\ntherefore unusable."
2205,3,4,99,33,7,0,50,50,0,0,0,0,0x008C79B6,Slender Stick,0x008F74DA,"As thick as your forearm and\ntwice as long, this stick\nwas crafted in a workshop."
2206,3,4,99,33,10,0,50,50,0,0,0,0,0x008C79C4,Thick Braid,0x008F752C,A braid woven from chunky\nropes. More for practical\nuse than decoration.
2207,4,5,99,37,5,0,100000,10000,6,0,0,0,0x008C79D0,Tsukami Cert.,0x008F7575,A certificate given only to\nthose who've triumphed over\nthe mightiest of dragons.
2208,4,5,99,31,5,0,20000,2000,1,0,0,0,0x008C79DE,E.Dragon Fang,0x008F75C7,"The fang of a powerful elder\ndragon. Extremely sharp, it\nhas an ominous gleam."
2209,4,5,99,1,5,0,20000,2000,1,0,0,0,0x008C79EC,E.Dragon Gem,0x008F7616,"A gem formed inside powerful\nelder dragons. Glows with a\nfaint, beautiful luster."
2210,4,5,99,37,4,0,20000,2000,1,0,0,0,0x008C79F9,Yearly Sub Ticket,0x000FB39D,長きに渡り狩猟生活を続ける\nハンターに贈られる感謝の証。\n特別な品と引換可能。
2211,4,5,30,50,3,6,200,20,0,0,0,0,0x0000276D,ダミー,0x000DF952,dummy
2212,4,5,30,50,2,7,200,20,5,0,0,0,0x008C7A0B,Imp Coating,0x008F7668,Applies impact damage to the\narrows of Evolving Weapons.\nCapacity: 30
2213,4,5,99,43,4,0,0,0,7,190,2,0,0x008C7A17,Handicraft PA1,0x008F76AE,A Haven Poogie Decoration.\nIncompatible with certain\noutfits.
2214,4,5,99,43,4,0,0,0,7,191,2,0,0x008C7A26,Recoil PA1,0x008F76EC,A Haven Poogie Decoration.\nIncompatible with certain\noutfits.
2215,4,5,99,43,4,0,0,0,7,192,2,0,0x008C7A31,Status PA1,0x008F772A,A Haven Poogie Decoration.\nIncompatible with certain\noutfits.
2216,4,5,99,43,4,0,0,0,7,193,2,0,0x008C7A3C,Precision PA1,0x008F7768,A Haven Poogie Decoration.\nIncompatible with certain\noutfits.
2217,4,5,99,43,4,0,0,0,7,194,2,0,0x008C7A4A,Fasting PA1,0x008F77A6,A Haven Poogie Decoration.\nIncompatible with certain\noutfits.
2218,4,5,99,43,4,0,0,0,7,195,2,0,0x008C7A56,PoisonSC+ PA1,0x008F77E4,A Haven Poogie Decoration.\nIncompatible with certain\noutfits.
2219,4,5,99,43,4,0,0,0,7,196,2,0,0x008C7A64,Para SC+ PA1,0x008F7822,A Haven Poogie Decoration.\nIncompatible with certain\noutfits.
2220,4,5,99,43,4,0,0,0,7,197,2,0,0x008C7A71,Sleep SC+ PA1,0x008F7860,A Haven Poogie Decoration.\nIncompatible with certain\noutfits.
2221,4,5,99,43,4,0,0,0,7,198,2,0,0x008C7A7F,Pierce S+  PA1,0x008F789E,A Haven Poogie Decoration.\nIncompatible with certain\noutfits.
2222,4,5,99,43,4,0,0,0,7,199,2,0,0x008C7A8E,Transporter PA1,0x008F78DC,A Haven Poogie Decoration.\nIncompatible with certain\noutfits.
2223,4,5,99,43,4,0,0,0,7,200,2,0,0x008C7A9E,SpdGather PA1,0x008F791A,A Haven Poogie Decoration.\nIncompatible with certain\noutfits.
2224,4,5,99,43,4,0,0,0,7,201,2,0,0x008C7AAC,Psychic PA1,0x008F7958,A Haven Poogie Decoration.\nIncompatible with certain\noutfits.
2225,4,5,99,43,4,0,0,0,7,202,2,0,0x008C7AB8,Artillery PA1,0x008F7996,A Haven Poogie Decoration.\nIncompatible with certain\noutfits.
2226,4,5,99,43,4,0,0,0,7,203,2,0,0x008C7AC6,Maestro PA1,0x008F79D4,A Haven Poogie Decoration.\nIncompatible with certain\noutfits.
2227,4,5,99,43,4,0,0,0,7,204,2,0,0x008C7AD2,Acrobat PA1,0x008F7A12,A Haven Poogie Decoration.\nIncompatible with certain\noutfits.
2228,4,5,99,43,4,0,0,0,7,205,2,0,0x008C7ADE,Bond PA1,0x008F7A50,A Haven Poogie Decoration.\nIncompatible with certain\noutfits.
2229,4,5,99,43,4,0,0,0,7,206,2,0,0x008C7AE7,Sharpness PB1,0x008F7A8E,A Haven Poogie Decoration.\nIncompatible with certain\noutfits.
2230,4,5,99,43,4,0,0,0,7,207,2,0,0x008C7AF5,Sharpness PB2,0x008F7ACC,A Haven Poogie Decoration.\nIncompatible with certain\noutfits.
2231,4,5,99,43,4,0,0,0,7,208,2,0,0x008C7B03,Guard PB1,0x008F7B0A,A Haven Poogie Decoration.\nIncompatible with certain\noutfits.
2232,4,5,99,43,4,0,0,0,7,209,2,0,0x008C7B0D,Guard PB2,0x008F7B48,A Haven Poogie Decoration.\nIncompatible with certain\noutfits.
2233,4,5,99,43,4,0,0,0,7,210,2,0,0x008C7B17,ReloadSpd PB1,0x008F7B86,A Haven Poogie Decoration.\nIncompatible with certain\noutfits.
2234,4,5,99,43,4,0,0,0,7,211,2,0,0x008C7B25,ReloadSpd PB2,0x008F7BC4,A Haven Poogie Decoration.\nIncompatible with certain\noutfits.
2235,4,5,99,43,4,0,0,0,7,212,2,0,0x008C7B33,Normal Up PB1,0x008F7C02,A Haven Poogie Decoration.\nIncompatible with certain\noutfits.
2236,4,5,99,43,4,0,0,0,7,213,2,0,0x008C7B41,Normal Up PB2,0x008F7C40,A Haven Poogie Decoration.\nIncompatible with certain\noutfits.
2237,4,5,99,43,4,0,0,0,7,214,2,0,0x008C7B4F,Protection PB1,0x008F7C7E,A Haven Poogie Decoration.\nIncompatible with certain\noutfits.
2238,4,5,99,43,4,0,0,0,7,215,2,0,0x008C7B5E,Protection PB2,0x008F7CBC,A Haven Poogie Decoration.\nIncompatible with certain\noutfits.
2239,4,5,99,43,4,0,0,0,7,216,2,0,0x008C7B6D,Wind Res PB1,0x008F7CFA,A Haven Poogie Decoration.\nIncompatible with certain\noutfits.
2240,4,5,99,43,4,0,0,0,7,217,2,0,0x008C7B7A,Wind Res PB2,0x008F7D38,A Haven Poogie Decoration.\nIncompatible with certain\noutfits.
2241,4,5,99,43,4,0,0,0,7,218,2,0,0x008C7B87,Evasion PB1,0x008F7D76,A Haven Poogie Decoration.\nIncompatible with certain\noutfits.
2242,4,5,99,43,4,0,0,0,7,219,2,0,0x008C7B93,Evasion PB2,0x008F7DB4,A Haven Poogie Decoration.\nIncompatible with certain\noutfits.
2243,4,5,99,43,4,0,0,0,7,220,2,0,0x008C7B9F,Potential PB1,0x008F7DF2,A Haven Poogie Decoration.\nIncompatible with certain\noutfits.
2244,4,5,99,43,4,0,0,0,7,221,2,0,0x008C7BAD,Potential PB2,0x008F7E30,A Haven Poogie Decoration.\nIncompatible with certain\noutfits.
2245,4,5,99,43,4,0,0,0,7,222,2,0,0x008C7BBB,Para Res PB1,0x008F7E6E,A Haven Poogie Decoration.\nIncompatible with certain\noutfits.
2246,4,5,99,43,4,0,0,0,7,223,2,0,0x008C7BC8,Para Res PB2,0x008F7EAC,A Haven Poogie Decoration.\nIncompatible with certain\noutfits.
2247,4,5,99,43,4,0,0,0,7,224,2,0,0x008C7BD5,Stun Res PB1,0x008F7EEA,A Haven Poogie Decoration.\nIncompatible with certain\noutfits.
2248,4,5,99,43,4,0,0,0,7,225,2,0,0x008C7BE2,Stun Res PB2,0x008F7F28,A Haven Poogie Decoration.\nIncompatible with certain\noutfits.
2249,4,5,99,43,4,0,0,0,7,226,2,0,0x008C7BEF,Poison Res PB1,0x008F7F66,A Haven Poogie Decoration.\nIncompatible with certain\noutfits.
2250,4,5,99,43,4,0,0,0,7,227,2,0,0x008C7BFE,Poison Res PB2,0x008F7FA4,A Haven Poogie Decoration.\nIncompatible with certain\noutfits.
2251,4,5,99,43,4,0,0,0,7,228,2,0,0x008C7C0D,Hunger PB1,0x008F7FE2,A Haven Poogie Decoration.\nIncompatible with certain\noutfits.
2252,4,5,99,43,4,0,0,0,7,229,2,0,0x008C7C18,Hunger PB2,0x008F8020,A Haven Poogie Decoration.\nIncompatible with certain\noutfits.
2253,4,5,99,43,4,0,0,0,7,230,2,0,0x008C7C23,WideRange PB1,0x008F805E,A Haven Poogie Decoration.\nIncompatible with certain\noutfits.
2254,4,5,99,43,4,0,0,0,7,231,2,0,0x008C7C31,WideRange PB2,0x008F809C,A Haven Poogie Decoration.\nIncompatible with certain\noutfits.
2255,4,5,99,43,4,0,0,0,7,232,2,0,0x008C7C3F,All Res Up PB1,0x008F80DA,A Haven Poogie Decoration.\nIncompatible with certain\noutfits.
2256,4,5,99,43,4,0,0,0,7,233,2,0,0x008C7C4E,All Res Up PB2,0x008F8118,A Haven Poogie Decoration.\nIncompatible with certain\noutfits.
2257,4,5,99,43,4,0,0,0,7,234,2,0,0x008C7C5D,Dragon Res PB1,0x008F8156,A Haven Poogie Decoration.\nIncompatible with certain\noutfits.
2258,4,5,99,43,4,0,0,0,7,235,2,0,0x008C7C6C,Dragon Res PB2,0x008F8194,A Haven Poogie Decoration.\nIncompatible with certain\noutfits.
2259,4,5,99,43,4,0,0,0,7,236,2,0,0x008C7C7B,Gathering PB1,0x008F81D2,A Haven Poogie Decoration.\nIncompatible with certain\noutfits.
2260,4,5,99,43,4,0,0,0,7,237,2,0,0x008C7C89,Gathering PB2,0x008F8210,A Haven Poogie Decoration.\nIncompatible with certain\noutfits.
2261,4,5,99,43,4,0,0,0,7,238,2,0,0x008C7C97,Sharpener PC1,0x008F824E,A Haven Poogie Decoration.\nIncompatible with certain\noutfits.
2262,4,5,99,43,4,0,0,0,7,239,2,0,0x008C7CA5,Sharpener PC2,0x008F828C,A Haven Poogie Decoration.\nIncompatible with certain\noutfits.
2263,4,5,99,43,4,0,0,0,7,240,2,0,0x008C7CB3,Sharpener PC3,0x008F82CA,A Haven Poogie Decoration.\nIncompatible with certain\noutfits.
2264,4,5,99,43,4,0,0,0,7,241,2,0,0x008C7CC1,Sharpener PC4,0x008F8308,A Haven Poogie Decoration.\nIncompatible with certain\noutfits.
2265,4,5,99,43,4,0,0,0,7,242,2,0,0x008C7CCF,Rapid Fire PC1,0x008F8346,A Haven Poogie Decoration.\nIncompatible with certain\noutfits.
2266,4,5,99,43,4,0,0,0,7,243,2,0,0x008C7CDE,Rapid Fire PC2,0x008F8384,A Haven Poogie Decoration.\nIncompatible with certain\noutfits.
2267,4,5,99,43,4,0,0,0,7,244,2,0,0x008C7CED,Rapid Fire PC3,0x008F83C2,A Haven Poogie Decoration.\nIncompatible with certain\noutfits.
2268,4,5,99,43,4,0,0,0,7,245,2,0,0x008C7CFC,Rapid Fire PC4,0x008F8400,A Haven Poogie Decoration.\nIncompatible with certain\noutfits.
2269,4,5,99,43,4,0,0,0,7,246,2,0,0x008C7D0B,Pierce S.Up PC1,0x008F843E,A Haven Poogie Decoration.\nIncompatible with certain\noutfits.
2270,4,5,99,43,4,0,0,0,7,247,2,0,0x008C7D1B,Pierce S.Up PC2,0x008F847C,A Haven Poogie Decoration.\nIncompatible with certain\noutfits.
2271,4,5,99,43,4,0,0,0,7,248,2,0,0x008C7D2B,Pierce S.Up PC3,0x008F84BA,A Haven Poogie Decoration.\nIncompatible with certain\noutfits.
2272,4,5,99,43,4,0,0,0,7,249,2,0,0x008C7D3B,Pierce S.Up PC4,0x008F84F8,A Haven Poogie Decoration.\nIncompatible with certain\noutfits.
2273,4,5,99,43,4,0,0,0,7,250,2,0,0x008C7D4B,Pellet S+ PC1,0x008F8536,A Haven Poogie Decoration.\nIncompatible with certain\noutfits.
2274,4,5,99,43,4,0,0,0,7,251,2,0,0x008C7D59,Pellet S+ PC2,0x008F8574,A Haven Poogie Decoration.\nIncompatible with certain\noutfits.
2275,4,5,99,43,4,0,0,0,7,252,2,0,0x008C7D67,Pellet S+ PC3,0x008F85B2,A Haven Poogie Decoration.\nIncompatible with certain\noutfits.
2276,4,5,99,43,4,0,0,0,7,253,2,0,0x008C7D75,Pellet S+ PC4,0x008F85F0,A Haven Poogie Decoration.\nIncompatible with certain\noutfits.
2277,4,5,99,43,4,0,0,0,7,254,2,0,0x008C7D83,Stamina PC1,0x008F862E,A Haven Poogie Decoration.\nIncompatible with certain\noutfits.
2278,4,5,99,43,4,0,0,0,7,255,2,0,0x008C7D8F,Stamina PC2,0x008F866C,A Haven Poogie Decoration.\nIncompatible with certain\noutfits.
2279,4,5,99,43,4,0,0,0,7,256,2,0,0x008C7D9B,Stamina PC3,0x008F86AA,A Haven Poogie Decoration.\nIncompatible with certain\noutfits.
2280,4,5,99,43,4,0,0,0,7,257,2,0,0x008C7DA7,Stamina PC4,0x008F86E8,A Haven Poogie Decoration.\nIncompatible with certain\noutfits.
2281,4,5,99,43,4,0,0,0,7,258,2,0,0x008C7DB3,Loading PC1,0x008F8726,A Haven Poogie Decoration.\nIncompatible with certain\noutfits.
2282,4,5,99,43,4,0,0,0,7,259,2,0,0x008C7DBF,Loading PC2,0x008F8764,A Haven Poogie Decoration.\nIncompatible with certain\noutfits.
2283,4,5,99,43,4,0,0,0,7,260,2,0,0x008C7DCB,Loading PC3,0x008F87A2,A Haven Poogie Decoration.\nIncompatible with certain\noutfits.
2284,4,5,99,43,4,0,0,0,7,261,2,0,0x008C7DD7,Loading PC4,0x008F87E0,A Haven Poogie Decoration.\nIncompatible with certain\noutfits.
2285,4,5,99,43,4,0,0,0,7,262,2,0,0x008C7DE3,Sharpness PC1,0x008F881E,A Haven Poogie Decoration.\nIncompatible with certain\noutfits.
2286,4,5,99,43,4,0,0,0,7,263,2,0,0x008C7DF1,Sharpness PC2,0x008F885C,A Haven Poogie Decoration.\nIncompatible with certain\noutfits.
2287,4,5,99,43,4,0,0,0,7,264,2,0,0x008C7DFF,Sharpness PC3,0x008F889A,A Haven Poogie Decoration.\nIncompatible with certain\noutfits.
2288,4,5,99,43,4,0,0,0,7,265,2,0,0x008C7E0D,Sharpness PC4,0x008F88D8,A Haven Poogie Decoration.\nIncompatible with certain\noutfits.
2289,4,5,99,43,4,0,0,0,7,266,2,0,0x008C7E1B,Guard PC1,0x008F8916,A Haven Poogie Decoration.\nIncompatible with certain\noutfits.
2290,4,5,99,43,4,0,0,0,7,267,2,0,0x008C7E25,Guard PC2,0x008F8954,A Haven Poogie Decoration.\nIncompatible with certain\noutfits.
2291,4,5,99,43,4,0,0,0,7,268,2,0,0x008C7E2F,Guard PC3,0x008F8992,A Haven Poogie Decoration.\nIncompatible with certain\noutfits.
2292,4,5,99,43,4,0,0,0,7,269,2,0,0x008C7E39,Guard PC4,0x008F89D0,A Haven Poogie Decoration.\nIncompatible with certain\noutfits.
2293,4,5,99,43,4,0,0,0,7,270,2,0,0x008C7E43,Evasion PC1,0x008F8A0E,A Haven Poogie Decoration.\nIncompatible with certain\noutfits.
2294,4,5,99,43,4,0,0,0,7,271,2,0,0x008C7E4F,Evasion PC2,0x008F8A4C,A Haven Poogie Decoration.\nIncompatible with certain\noutfits.
2295,4,5,99,43,4,0,0,0,7,272,2,0,0x008C7E5B,Evasion PC3,0x008F8A8A,A Haven Poogie Decoration.\nIncompatible with certain\noutfits.
2296,4,5,99,43,4,0,0,0,7,273,2,0,0x008C7E67,Evasion PC4,0x008F8AC8,A Haven Poogie Decoration.\nIncompatible with certain\noutfits.
2297,4,5,99,43,4,0,0,0,7,274,2,0,0x008C7E73,Potential PC1,0x008F8B06,A Haven Poogie Decoration.\nIncompatible with certain\noutfits.
2298,4,5,99,43,4,0,0,0,7,275,2,0,0x008C7E81,Potential PC2,0x008F8B44,A Haven Poogie Decoration.\nIncompatible with certain\noutfits.
2299,4,5,99,43,4,0,0,0,7,276,2,0,0x008C7E8F,Potential PC3,0x008F8B82,A Haven Poogie Decoration.\nIncompatible with certain\noutfits.
2300,4,5,99,43,4,0,0,0,7,277,2,0,0x008C7E9D,Potential PC4,0x008F8BC0,A Haven Poogie Decoration.\nIncompatible with certain\noutfits.
2301,4,5,99,43,4,0,0,0,7,278,2,0,0x008C7EAB,Whim PC1,0x008F8BFE,A Haven Poogie Decoration.\nIncompatible with certain\noutfits.
2302,4,5,99,43,4,0,0,0,7,279,2,0,0x008C7EB4,Whim PC2,0x008F8C3C,A Haven Poogie Decoration.\nIncompatible with certain\noutfits.
2303,4,5,99,43,4,0,0,0,7,280,2,0,0x008C7EBD,Whim PC3,0x008F8C7A,A Haven Poogie Decoration.\nIncompatible with certain\noutfits.
2304,4,5,99,43,4,0,0,0,7,281,2,0,0x008C7EC6,Whim PC4,0x008F8CB8,A Haven Poogie Decoration.\nIncompatible with certain\noutfits.
2305,4,5,99,43,4,0,0,0,7,282,2,0,0x008C7ECF,Recovery PC1,0x008F8CF6,A Haven Poogie Decoration.\nIncompatible with certain\noutfits.
2306,4,5,99,43,4,0,0,0,7,283,2,0,0x008C7EDC,Recovery PC2,0x008F8D34,A Haven Poogie Decoration.\nIncompatible with certain\noutfits.
2307,4,5,99,43,4,0,0,0,7,284,2,0,0x008C7EE9,Recovery PC3,0x008F8D72,A Haven Poogie Decoration.\nIncompatible with certain\noutfits.
2308,4,5,99,43,4,0,0,0,7,285,2,0,0x008C7EF6,Recovery PC4,0x008F8DB0,A Haven Poogie Decoration.\nIncompatible with certain\noutfits.
2309,4,5,99,43,4,0,0,0,7,286,2,0,0x008C7F03,Combo Rate PC1,0x008F8DEE,A Haven Poogie Decoration.\nIncompatible with certain\noutfits.
2310,4,5,99,43,4,0,0,0,7,287,2,0,0x008C7F12,Combo Rate PC2,0x008F8E2C,A Haven Poogie Decoration.\nIncompatible with certain\noutfits.
2311,4,5,99,43,4,0,0,0,7,288,2,0,0x008C7F21,Combo Rate PC3,0x008F8E6A,A Haven Poogie Decoration.\nIncompatible with certain\noutfits.
2312,4,5,99,43,4,0,0,0,7,289,2,0,0x008C7F30,Combo Rate PC4,0x008F8EA8,A Haven Poogie Decoration.\nIncompatible with certain\noutfits.
2313,4,5,99,43,4,0,0,0,7,290,2,0,0x008C7F3F,Ammo Mixer PC1,0x008F8EE6,A Haven Poogie Decoration.\nIncompatible with certain\noutfits.
2314,4,5,99,43,4,0,0,0,7,291,2,0,0x008C7F4E,Ammo Mixer PC2,0x008F8F24,A Haven Poogie Decoration.\nIncompatible with certain\noutfits.
2315,4,5,99,43,4,0,0,0,7,292,2,0,0x008C7F5D,Ammo Mixer PC3,0x008F8F62,A Haven Poogie Decoration.\nIncompatible with certain\noutfits.
2316,4,5,99,43,4,0,0,0,7,293,2,0,0x008C7F6C,Ammo Mixer PC4,0x008F8FA0,A Haven Poogie Decoration.\nIncompatible with certain\noutfits.
2317,4,5,99,43,4,0,0,0,7,294,2,0,0x008C7F7B,LastingPwr PC1,0x008F8FDE,A Haven Poogie Decoration.\nIncompatible with certain\noutfits.
2318,4,5,99,43,4,0,0,0,7,295,2,0,0x008C7F8A,LastingPwr PC2,0x008F901C,A Haven Poogie Decoration.\nIncompatible with certain\noutfits.
2319,4,5,99,43,4,0,0,0,7,296,2,0,0x008C7F99,LastingPwr PC3,0x008F905A,A Haven Poogie Decoration.\nIncompatible with certain\noutfits.
2320,4,5,99,43,4,0,0,0,7,297,2,0,0x008C7FA8,LastingPwr PC4,0x008F9098,A Haven Poogie Decoration.\nIncompatible with certain\noutfits.
2321,4,5,99,43,4,0,0,0,7,298,2,0,0x008C7FB7,Fire Atk PC1,0x008F90D6,A Haven Poogie Decoration.\nIncompatible with certain\noutfits.
2322,4,5,99,43,4,0,0,0,7,299,2,0,0x008C7FC4,Fire Atk PC2,0x008F9114,A Haven Poogie Decoration.\nIncompatible with certain\noutfits.
2323,4,5,99,43,4,0,0,0,7,300,2,0,0x008C7FD1,Fire Atk PC3,0x008F9152,A Haven Poogie Decoration.\nIncompatible with certain\noutfits.
2324,4,5,99,43,4,0,0,0,7,301,2,0,0x008C7FDE,Fire Atk PC4,0x008F9190,A Haven Poogie Decoration.\nIncompatible with certain\noutfits.
2325,4,5,99,43,4,0,0,0,7,302,2,0,0x008C7FEB,Water Atk PC1,0x008F91CE,A Haven Poogie Decoration.\nIncompatible with certain\noutfits.
2326,4,5,99,43,4,0,0,0,7,303,2,0,0x008C7FF9,Water Atk PC2,0x008F920C,A Haven Poogie Decoration.\nIncompatible with certain\noutfits.
2327,4,5,99,43,4,0,0,0,7,304,2,0,0x008C8007,Water Atk PC3,0x008F924A,A Haven Poogie Decoration.\nIncompatible with certain\noutfits.
2328,4,5,99,43,4,0,0,0,7,305,2,0,0x008C8015,Water Atk PC4,0x008F9288,A Haven Poogie Decoration.\nIncompatible with certain\noutfits.
2329,4,5,99,43,4,0,0,0,7,306,2,0,0x008C8023,Thunder Atk PC1,0x008F92C6,A Haven Poogie Decoration.\nIncompatible with certain\noutfits.
2330,4,5,99,43,4,0,0,0,7,307,2,0,0x008C8033,Thunder Atk PC2,0x008F9304,A Haven Poogie Decoration.\nIncompatible with certain\noutfits.
2331,4,5,99,43,4,0,0,0,7,308,2,0,0x008C8043,Thunder Atk PC3,0x008F9342,A Haven Poogie Decoration.\nIncompatible with certain\noutfits.
2332,4,5,99,43,4,0,0,0,7,309,2,0,0x008C8053,Thunder Atk PC4,0x008F9380,A Haven Poogie Decoration.\nIncompatible with certain\noutfits.
2333,4,5,99,43,4,0,0,0,7,310,2,0,0x008C8063,Ice Atk PC1,0x008F93BE,A Haven Poogie Decoration.\nIncompatible with certain\noutfits.
2334,4,5,99,43,4,0,0,0,7,311,2,0,0x008C806F,Ice Atk PC2,0x008F93FC,A Haven Poogie Decoration.\nIncompatible with certain\noutfits.
2335,4,5,99,43,4,0,0,0,7,312,2,0,0x008C807B,Ice Atk PC3,0x008F943A,A Haven Poogie Decoration.\nIncompatible with certain\noutfits.
2336,4,5,99,43,4,0,0,0,7,313,2,0,0x008C8087,Ice Atk PC4,0x008F9478,A Haven Poogie Decoration.\nIncompatible with certain\noutfits.
2337,4,5,99,43,4,0,0,0,7,314,2,0,0x008C8093,DragonAtk PC1,0x008F94B6,A Haven Poogie Decoration.\nIncompatible with certain\noutfits.
2338,4,5,99,43,4,0,0,0,7,315,2,0,0x008C80A1,DragonAtk PC2,0x008F94F4,A Haven Poogie Decoration.\nIncompatible with certain\noutfits.
2339,4,5,99,43,4,0,0,0,7,316,2,0,0x008C80AF,DragonAtk PC3,0x008F9532,A Haven Poogie Decoration.\nIncompatible with certain\noutfits.
2340,4,5,99,43,4,0,0,0,7,317,2,0,0x008C80BD,DragonAtk PC4,0x008F9570,A Haven Poogie Decoration.\nIncompatible with certain\noutfits.
2341,3,4,99,43,8,0,100000,5000,7,318,1,0,0x008C80CB,Para Res SA1,0x008F95AE,A Haven Poogie Decoration.\nCompatible with all outfits.
2342,3,4,99,43,8,0,100000,5000,7,319,1,0,0x008C80D8,Stun Res SA1,0x008F95E6,A Haven Poogie Decoration.\nCompatible with all outfits.
2343,3,4,99,43,8,0,100000,5000,7,320,1,0,0x008C80E5,Poison Res SA1,0x008F961E,A Haven Poogie Decoration.\nCompatible with all outfits.
2344,3,4,99,43,8,0,100000,5000,7,321,1,0,0x008C80F4,Hunger SA1,0x008F9656,A Haven Poogie Decoration.\nCompatible with all outfits.
2345,3,4,99,43,8,0,100000,5000,7,322,1,0,0x008C80FF,All Res Up SA1,0x008F968E,A Haven Poogie Decoration.\nCompatible with all outfits.
2346,3,4,99,43,8,0,100000,5000,7,323,1,0,0x008C810E,Dragon Res SA1,0x008F96C6,A Haven Poogie Decoration.\nCompatible with all outfits.
2347,3,4,99,43,8,0,100000,5000,7,324,1,0,0x008C811D,Bomb SC+ SA1,0x008F96FE,A Haven Poogie Decoration.\nCompatible with all outfits.
2348,3,4,99,43,8,0,100000,5000,7,325,1,0,0x008C812A,Fire SC+ SA1,0x008F9736,A Haven Poogie Decoration.\nCompatible with all outfits.
2349,3,4,99,43,8,0,100000,5000,7,326,1,0,0x008C8137,Water SC+ SA1,0x008F976E,A Haven Poogie Decoration.\nCompatible with all outfits.
2350,3,4,99,43,8,0,100000,5000,7,327,1,0,0x008C8145,Thndr SC+ SA1,0x008F97A6,A Haven Poogie Decoration.\nCompatible with all outfits.
2351,3,4,99,43,8,0,100000,5000,7,328,1,0,0x008C8153,Ice SC+ SA1,0x008F97DE,A Haven Poogie Decoration.\nCompatible with all outfits.
2352,3,4,99,43,8,0,100000,5000,7,329,1,0,0x008C815F,Drgn SC+ SA1,0x008F9816,A Haven Poogie Decoration.\nCompatible with all outfits.
2353,3,4,99,43,8,0,100000,5000,7,330,1,0,0x008C816C,Sleep Res SA1,0x008F984E,A Haven Poogie Decoration.\nCompatible with all outfits.
2354,3,4,99,43,8,0,100000,5000,7,331,1,0,0x008C817A,Snow Res SA1,0x008F9886,A Haven Poogie Decoration.\nCompatible with all outfits.
2355,3,4,99,43,8,0,100000,5000,7,332,1,0,0x008C8187,Rec Speed SA1,0x008F98BE,A Haven Poogie Decoration.\nCompatible with all outfits.
2356,3,4,99,43,8,0,100000,5000,7,333,1,0,0x008C8195,Pellet S. SA1,0x008F98F6,A Haven Poogie Decoration.\nCompatible with all outfits.
2357,3,4,99,43,8,0,100000,5000,7,334,1,0,0x008C81A3,BombBoost SA1,0x008F992E,A Haven Poogie Decoration.\nCompatible with all outfits.
2358,3,4,99,43,8,0,100000,5000,7,335,1,0,0x008C81B1,Gluttony SA1,0x008F9966,A Haven Poogie Decoration.\nCompatible with all outfits.
2359,3,4,99,43,8,0,100000,5000,7,336,1,0,0x008C81BE,Anti-Theft SA1,0x008F999E,A Haven Poogie Decoration.\nCompatible with all outfits.
2360,3,4,99,43,8,0,100000,5000,7,337,1,0,0x008C81CD,Fire Res SA1,0x008F99D6,A Haven Poogie Decoration.\nCompatible with all outfits.
2361,3,4,99,43,8,0,100000,5000,7,338,1,0,0x008C81DA,Water Res SA1,0x008F9A0E,A Haven Poogie Decoration.\nCompatible with all outfits.
2362,3,4,99,43,8,0,100000,5000,7,339,1,0,0x008C81E8,Ice Res SA1,0x008F9A46,A Haven Poogie Decoration.\nCompatible with all outfits.
2363,3,4,99,43,8,0,100000,5000,7,340,1,0,0x008C81F4,ThunderRes SA1,0x008F9A7E,A Haven Poogie Decoration.\nCompatible with all outfits.
2364,3,4,99,43,8,0,100000,5000,7,341,1,0,0x008C8203,Escapist SA1,0x008F9AB6,A Haven Poogie Decoration.\nCompatible with all outfits.
2365,3,4,99,43,8,0,10000,500,7,342,1,0,0x008C8210,Pierce S+ SB1,0x008F9AEE,A Haven Poogie Decoration.\nCompatible with all outfits.
2366,3,4,99,43,8,0,10000,500,7,343,1,0,0x008C821E,Pierce S+ SB2,0x008F9B26,A Haven Poogie Decoration.\nCompatible with all outfits.
2367,3,4,99,43,8,0,10000,500,7,344,1,0,0x008C822C,Transporter SB1,0x008F9B5E,A Haven Poogie Decoration.\nCompatible with all outfits.
2368,3,4,99,43,8,0,10000,500,7,345,1,0,0x008C823C,Transporter SB2,0x008F9B96,A Haven Poogie Decoration.\nCompatible with all outfits.
2369,3,4,99,43,8,0,10000,500,7,346,1,0,0x008C824C,SpdGather SB1,0x008F9BCE,A Haven Poogie Decoration.\nCompatible with all outfits.
2370,3,4,99,43,8,0,10000,500,7,347,1,0,0x008C825A,SpdGather SB2,0x008F9C06,A Haven Poogie Decoration.\nCompatible with all outfits.
2371,3,4,99,43,8,0,10000,500,7,348,1,0,0x008C8268,Whim SB1,0x008F9C3E,A Haven Poogie Decoration.\nCompatible with all outfits.
2372,3,4,99,43,8,0,10000,500,7,349,1,0,0x008C8271,Whim SB2,0x008F9C76,A Haven Poogie Decoration.\nCompatible with all outfits.
2373,3,4,99,43,8,0,10000,500,7,350,1,0,0x008C827A,Psychic SB1,0x008F9CAE,A Haven Poogie Decoration.\nCompatible with all outfits.
2374,3,4,99,43,8,0,10000,500,7,351,1,0,0x008C8286,Psychic SB2,0x008F9CE6,A Haven Poogie Decoration.\nCompatible with all outfits.
2375,3,4,99,43,8,0,10000,500,7,352,1,0,0x008C8292,Recovery SB1,0x008F9D1E,A Haven Poogie Decoration.\nCompatible with all outfits.
2376,3,4,99,43,8,0,10000,500,7,353,1,0,0x008C829F,Recovery SB2,0x008F9D56,A Haven Poogie Decoration.\nCompatible with all outfits.
2377,3,4,99,43,8,0,10000,500,7,354,1,0,0x008C82AC,Combo Rate SB1,0x008F9D8E,A Haven Poogie Decoration.\nCompatible with all outfits.
2378,3,4,99,43,8,0,10000,500,7,355,1,0,0x008C82BB,Combo Rate SB2,0x008F9DC6,A Haven Poogie Decoration.\nCompatible with all outfits.
2379,3,4,99,43,8,0,10000,500,7,356,1,0,0x008C82CA,Ammo Mixer SB1,0x008F9DFE,A Haven Poogie Decoration.\nCompatible with all outfits.
2380,3,4,99,43,8,0,10000,500,7,357,1,0,0x008C82D9,Ammo Mixer SB2,0x008F9E36,A Haven Poogie Decoration.\nCompatible with all outfits.
2381,3,4,99,43,8,0,10000,500,7,358,1,0,0x008C82E8,Eating SB1,0x008F9E6E,A Haven Poogie Decoration.\nCompatible with all outfits.
2382,3,4,99,43,8,0,10000,500,7,359,1,0,0x008C82F3,Eating SB2,0x008F9EA6,A Haven Poogie Decoration.\nCompatible with all outfits.
2383,3,4,99,43,8,0,10000,500,7,360,1,0,0x008C82FE,TerrainRes SB1,0x008F9EDE,A Haven Poogie Decoration.\nCompatible with all outfits.
2384,3,4,99,43,8,0,10000,500,7,361,1,0,0x008C830D,TerrainRes SB2,0x008F9F16,A Haven Poogie Decoration.\nCompatible with all outfits.
2385,3,4,99,43,8,0,10000,500,7,362,1,0,0x008C831C,Tremor Res SB1,0x008F9F4E,A Haven Poogie Decoration.\nCompatible with all outfits.
2386,3,4,99,43,8,0,10000,500,7,363,1,0,0x008C832B,Tremor Res SB2,0x008F9F86,A Haven Poogie Decoration.\nCompatible with all outfits.
2387,3,4,99,43,8,0,10000,500,7,364,1,0,0x008C833A,Artillery SB1,0x008F9FBE,A Haven Poogie Decoration.\nCompatible with all outfits.
2388,3,4,99,43,8,0,10000,500,7,365,1,0,0x008C8348,Artillery SB2,0x008F9FF6,A Haven Poogie Decoration.\nCompatible with all outfits.
2389,3,4,99,43,8,0,10000,500,7,366,1,0,0x008C8356,Sleep Res SB1,0x008FA02E,A Haven Poogie Decoration.\nCompatible with all outfits.
2390,3,4,99,43,8,0,10000,500,7,367,1,0,0x008C8364,Sleep Res SB2,0x008FA066,A Haven Poogie Decoration.\nCompatible with all outfits.
2391,3,4,99,43,8,0,10000,500,7,368,1,0,0x008C8372,Antiseptic SB1,0x008FA09E,A Haven Poogie Decoration.\nCompatible with all outfits.
2392,3,4,99,43,8,0,10000,500,7,369,1,0,0x008C8381,Antiseptic SB2,0x008FA0D6,A Haven Poogie Decoration.\nCompatible with all outfits.
2393,3,4,99,43,8,0,10000,500,7,370,1,0,0x008C8390,Snow Res SB1,0x008FA10E,A Haven Poogie Decoration.\nCompatible with all outfits.
2394,3,4,99,43,8,0,10000,500,7,371,1,0,0x008C839D,Snow Res SB2,0x008FA146,A Haven Poogie Decoration.\nCompatible with all outfits.
2395,3,4,99,43,8,0,10000,500,7,372,1,0,0x008C83AA,Stealth SB1,0x008FA17E,A Haven Poogie Decoration.\nCompatible with all outfits.
2396,3,4,99,43,8,0,10000,500,7,373,1,0,0x008C83B6,Stealth SB2,0x008FA1B6,A Haven Poogie Decoration.\nCompatible with all outfits.
2397,3,4,99,43,8,0,10000,500,7,374,1,0,0x008C83C2,Health SB1,0x008FA1EE,A Haven Poogie Decoration.\nCompatible with all outfits.
2398,3,4,99,43,8,0,10000,500,7,375,1,0,0x008C83CD,Health SB2,0x008FA226,A Haven Poogie Decoration.\nCompatible with all outfits.
2399,3,4,99,43,8,0,10000,500,7,376,1,0,0x008C83D8,Rec Speed SB1,0x008FA25E,A Haven Poogie Decoration.\nCompatible with all outfits.
2400,3,4,99,43,8,0,10000,500,7,377,1,0,0x008C83E6,Rec Speed SB2,0x008FA296,A Haven Poogie Decoration.\nCompatible with all outfits.
2401,3,4,99,43,8,0,10000,500,7,378,1,0,0x008C83F4,Auto-Guard SB1,0x008FA2CE,A Haven Poogie Decoration.\nCompatible with all outfits.
2402,3,4,99,43,8,0,10000,500,7,379,1,0,0x008C8403,Auto-Guard SB2,0x008FA306,A Haven Poogie Decoration.\nCompatible with all outfits.
2403,3,4,99,43,8,0,10000,500,7,380,1,0,0x008C8412,Knives SB1,0x008FA33E,A Haven Poogie Decoration.\nCompatible with all outfits.
2404,3,4,99,43,8,0,10000,500,7,381,1,0,0x008C841D,Knives SB2,0x008FA376,A Haven Poogie Decoration.\nCompatible with all outfits.
2405,3,4,99,43,8,0,10000,500,7,382,1,0,0x008C8428,Normal S+ SB1,0x008FA3AE,A Haven Poogie Decoration.\nCompatible with all outfits.
2406,3,4,99,43,8,0,10000,500,7,383,1,0,0x008C8436,Normal S+ SB2,0x008FA3E6,A Haven Poogie Decoration.\nCompatible with all outfits.
2407,3,4,99,43,8,0,10000,500,7,384,1,0,0x008C8444,Defense SB1,0x008FA41E,A Haven Poogie Decoration.\nCompatible with all outfits.
2408,3,4,99,43,8,0,10000,500,7,385,1,0,0x008C8450,Defense SB2,0x008FA456,A Haven Poogie Decoration.\nCompatible with all outfits.
2409,3,4,99,43,8,0,10000,500,7,386,1,0,0x008C845C,Heat Res SB1,0x008FA48E,A Haven Poogie Decoration.\nCompatible with all outfits.
2410,3,4,99,43,8,0,10000,500,7,387,1,0,0x008C8469,Heat Res SB2,0x008FA4C6,A Haven Poogie Decoration.\nCompatible with all outfits.
2411,3,4,99,43,8,0,10000,500,7,388,1,0,0x008C8476,Cold Res SB1,0x008FA4FE,A Haven Poogie Decoration.\nCompatible with all outfits.
2412,3,4,99,43,8,0,10000,500,7,389,1,0,0x008C8483,Cold Res SB2,0x008FA536,A Haven Poogie Decoration.\nCompatible with all outfits.
2413,3,4,99,43,8,0,1000,50,7,390,1,0,0x008C8490,Para Res SC1,0x008FA56E,A Haven Poogie Decoration.\nCompatible with all outfits.
2414,3,4,99,43,8,0,1000,50,7,391,1,0,0x008C849D,Para Res SC2,0x008FA5A6,A Haven Poogie Decoration.\nCompatible with all outfits.
2415,3,4,99,43,8,0,1000,50,7,392,1,0,0x008C84AA,Para Res SC3,0x008FA5DE,A Haven Poogie Decoration.\nCompatible with all outfits.
2416,3,4,99,43,8,0,1000,50,7,393,1,0,0x008C84B7,Para Res SC4,0x008FA616,A Haven Poogie Decoration.\nCompatible with all outfits.
2417,3,4,99,43,8,0,1000,50,7,394,1,0,0x008C84C4,Para Res SC5,0x008FA64E,A Haven Poogie Decoration.\nCompatible with all outfits.
2418,3,4,99,43,8,0,1000,50,7,395,1,0,0x008C84D1,Para Res SC6,0x008FA686,A Haven Poogie Decoration.\nCompatible with all outfits.
2419,3,4,99,43,8,0,1000,50,7,396,1,0,0x008C84DE,Stun Res SC1,0x008FA6BE,A Haven Poogie Decoration.\nCompatible with all outfits.
2420,3,4,99,43,8,0,1000,50,7,397,1,0,0x008C84EB,Stun Res SC2,0x008FA6F6,A Haven Poogie Decoration.\nCompatible with all outfits.
2421,3,4,99,43,8,0,1000,50,7,398,1,0,0x008C84F8,Stun Res SC3,0x008FA72E,A Haven Poogie Decoration.\nCompatible with all outfits.
2422,3,4,99,43,8,0,1000,50,7,399,1,0,0x008C8505,Stun Res SC4,0x008FA766,A Haven Poogie Decoration.\nCompatible with all outfits.
2423,3,4,99,43,8,0,1000,50,7,400,1,0,0x008C8512,Stun Res SC5,0x008FA79E,A Haven Poogie Decoration.\nCompatible with all outfits.
2424,3,4,99,43,8,0,1000,50,7,401,1,0,0x008C851F,Stun Res SC6,0x008FA7D6,A Haven Poogie Decoration.\nCompatible with all outfits.
2425,3,4,99,43,8,0,1000,50,7,402,1,0,0x008C852C,Poison Res SC1,0x008FA80E,A Haven Poogie Decoration.\nCompatible with all outfits.
2426,3,4,99,43,8,0,1000,50,7,403,1,0,0x008C853B,Poison Res SC2,0x008FA846,A Haven Poogie Decoration.\nCompatible with all outfits.
2427,3,4,99,43,8,0,1000,50,7,404,1,0,0x008C854A,Poison Res SC3,0x008FA87E,A Haven Poogie Decoration.\nCompatible with all outfits.
2428,3,4,99,43,8,0,1000,50,7,405,1,0,0x008C8559,Poison Res SC4,0x008FA8B6,A Haven Poogie Decoration.\nCompatible with all outfits.
2429,3,4,99,43,8,0,1000,50,7,406,1,0,0x008C8568,Poison Res SC5,0x008FA8EE,A Haven Poogie Decoration.\nCompatible with all outfits.
2430,3,4,99,43,8,0,1000,50,7,407,1,0,0x008C8577,Poison Res SC6,0x008FA926,A Haven Poogie Decoration.\nCompatible with all outfits.
2431,3,4,99,43,8,0,1000,50,7,408,1,0,0x008C8586,Pierce S+ SC1,0x008FA95E,A Haven Poogie Decoration.\nCompatible with all outfits.
2432,3,4,99,43,8,0,1000,50,7,409,1,0,0x008C8594,Pierce S+ SC2,0x008FA996,A Haven Poogie Decoration.\nCompatible with all outfits.
2433,3,4,99,43,8,0,1000,50,7,410,1,0,0x008C85A2,Pierce S+ SC3,0x008FA9CE,A Haven Poogie Decoration.\nCompatible with all outfits.
2434,3,4,99,43,8,0,1000,50,7,411,1,0,0x008C85B0,Pierce S+ SC4,0x008FAA06,A Haven Poogie Decoration.\nCompatible with all outfits.
2435,3,4,99,43,8,0,1000,50,7,412,1,0,0x008C85BE,Pierce S+ SC5,0x008FAA3E,A Haven Poogie Decoration.\nCompatible with all outfits.
2436,3,4,99,43,8,0,1000,50,7,413,1,0,0x008C85CC,Pierce S+ SC6,0x008FAA76,A Haven Poogie Decoration.\nCompatible with all outfits.
2437,3,4,99,43,8,0,1000,50,7,414,1,0,0x008C85DA,Hunger SC1,0x008FAAAE,A Haven Poogie Decoration.\nCompatible with all outfits.
2438,3,4,99,43,8,0,1000,50,7,415,1,0,0x008C85E5,Hunger SC2,0x008FAAE6,A Haven Poogie Decoration.\nCompatible with all outfits.
2439,3,4,99,43,8,0,1000,50,7,416,1,0,0x008C85F0,Hunger SC3,0x008FAB1E,A Haven Poogie Decoration.\nCompatible with all outfits.
2440,3,4,99,43,8,0,1000,50,7,417,1,0,0x008C85FB,Hunger SC4,0x008FAB56,A Haven Poogie Decoration.\nCompatible with all outfits.
2441,3,4,99,43,8,0,1000,50,7,418,1,0,0x008C8606,Hunger SC5,0x008FAB8E,A Haven Poogie Decoration.\nCompatible with all outfits.
2442,3,4,99,43,8,0,1000,50,7,419,1,0,0x008C8611,Hunger SC6,0x008FABC6,A Haven Poogie Decoration.\nCompatible with all outfits.
2443,3,4,99,43,8,0,1000,50,7,420,1,0,0x008C861C,WideRange SC1,0x008FABFE,A Haven Poogie Decoration.\nCompatible with all outfits.
2444,3,4,99,43,8,0,1000,50,7,421,1,0,0x008C862A,WideRange SC2,0x008FAC36,A Haven Poogie Decoration.\nCompatible with all outfits.
2445,3,4,99,43,8,0,1000,50,7,422,1,0,0x008C8638,WideRange SC3,0x008FAC6E,A Haven Poogie Decoration.\nCompatible with all outfits.
2446,3,4,99,43,8,0,1000,50,7,423,1,0,0x008C8646,WideRange SC4,0x008FACA6,A Haven Poogie Decoration.\nCompatible with all outfits.
2447,3,4,99,43,8,0,1000,50,7,424,1,0,0x008C8654,WideRange SC5,0x008FACDE,A Haven Poogie Decoration.\nCompatible with all outfits.
2448,3,4,99,43,8,0,1000,50,7,425,1,0,0x008C8662,WideRange SC6,0x008FAD16,A Haven Poogie Decoration.\nCompatible with all outfits.
2449,3,4,99,43,8,0,1000,50,7,426,1,0,0x008C8670,All Res Up SC1,0x008FAD4E,A Haven Poogie Decoration.\nCompatible with all outfits.
2450,3,4,99,43,8,0,1000,50,7,427,1,0,0x008C867F,All Res Up SC2,0x008FAD86,A Haven Poogie Decoration.\nCompatible with all outfits.
2451,3,4,99,43,8,0,1000,50,7,428,1,0,0x008C868E,All Res Up SC3,0x008FADBE,A Haven Poogie Decoration.\nCompatible with all outfits.
2452,3,4,99,43,8,0,1000,50,7,429,1,0,0x008C869D,All Res Up SC4,0x008FADF6,A Haven Poogie Decoration.\nCompatible with all outfits.
2453,3,4,99,43,8,0,1000,50,7,430,1,0,0x008C86AC,All Res Up SC5,0x008FAE2E,A Haven Poogie Decoration.\nCompatible with all outfits.
2454,3,4,99,43,8,0,1000,50,7,431,1,0,0x008C86BB,All Res Up SC6,0x008FAE66,A Haven Poogie Decoration.\nCompatible with all outfits.
2455,3,4,99,43,8,0,1000,50,7,432,1,0,0x008C86CA,Gathering SC1,0x008FAE9E,A Haven Poogie Decoration.\nCompatible with all outfits.
2456,3,4,99,43,8,0,1000,50,7,433,1,0,0x008C86D8,Gathering SC2,0x008FAED6,A Haven Poogie Decoration.\nCompatible with all outfits.
2457,3,4,99,43,8,0,1000,50,7,434,1,0,0x008C86E6,Gathering SC3,0x008FAF0E,A Haven Poogie Decoration.\nCompatible with all outfits.
2458,3,4,99,43,8,0,1000,50,7,435,1,0,0x008C86F4,Gathering SC4,0x008FAF46,A Haven Poogie Decoration.\nCompatible with all outfits.
2459,3,4,99,43,8,0,1000,50,7,436,1,0,0x008C8702,Gathering SC5,0x008FAF7E,A Haven Poogie Decoration.\nCompatible with all outfits.
2460,3,4,99,43,8,0,1000,50,7,437,1,0,0x008C8710,Gathering SC6,0x008FAFB6,A Haven Poogie Decoration.\nCompatible with all outfits.
2461,3,4,99,43,8,0,1000,50,7,438,1,0,0x008C871E,Psychic SC1,0x008FAFEE,A Haven Poogie Decoration.\nCompatible with all outfits.
2462,3,4,99,43,8,0,1000,50,7,439,1,0,0x008C872A,Psychic SC2,0x008FB026,A Haven Poogie Decoration.\nCompatible with all outfits.
2463,3,4,99,43,8,0,1000,50,7,440,1,0,0x008C8736,Psychic SC3,0x008FB05E,A Haven Poogie Decoration.\nCompatible with all outfits.
2464,3,4,99,43,8,0,1000,50,7,441,1,0,0x008C8742,Psychic SC4,0x008FB096,A Haven Poogie Decoration.\nCompatible with all outfits.
2465,3,4,99,43,8,0,1000,50,7,442,1,0,0x008C874E,Psychic SC5,0x008FB0CE,A Haven Poogie Decoration.\nCompatible with all outfits.
2466,3,4,99,43,8,0,1000,50,7,443,1,0,0x008C875A,Psychic SC6,0x008FB106,A Haven Poogie Decoration.\nCompatible with all outfits.
2467,3,4,99,43,8,0,1000,50,7,444,1,0,0x008C8766,Eating SC1,0x008FB13E,A Haven Poogie Decoration.\nCompatible with all outfits.
2468,3,4,99,43,8,0,1000,50,7,445,1,0,0x008C8771,Eating SC2,0x008FB176,A Haven Poogie Decoration.\nCompatible with all outfits.
2469,3,4,99,43,8,0,1000,50,7,446,1,0,0x008C877C,Eating SC3,0x008FB1AE,A Haven Poogie Decoration.\nCompatible with all outfits.
2470,3,4,99,43,8,0,1000,50,7,447,1,0,0x008C8787,Eating SC4,0x008FB1E6,A Haven Poogie Decoration.\nCompatible with all outfits.
2471,3,4,99,43,8,0,1000,50,7,448,1,0,0x008C8792,Eating SC5,0x008FB21E,A Haven Poogie Decoration.\nCompatible with all outfits.
2472,3,4,99,43,8,0,1000,50,7,449,1,0,0x008C879D,Eating SC6,0x008FB256,A Haven Poogie Decoration.\nCompatible with all outfits.
2473,3,4,99,43,8,0,1000,50,7,450,1,0,0x008C87A8,Voice SC1,0x008FB28E,A Haven Poogie Decoration.\nCompatible with all outfits.
2474,3,4,99,43,8,0,1000,50,7,451,1,0,0x008C87B2,Voice SC2,0x008FB2C6,A Haven Poogie Decoration.\nCompatible with all outfits.
2475,3,4,99,43,8,0,1000,50,7,452,1,0,0x008C87BC,Voice SC3,0x008FB2FE,A Haven Poogie Decoration.\nCompatible with all outfits.
2476,3,4,99,43,8,0,1000,50,7,453,1,0,0x008C87C6,Voice SC4,0x008FB336,A Haven Poogie Decoration.\nCompatible with all outfits.
2477,3,4,99,43,8,0,1000,50,7,454,1,0,0x008C87D0,Voice SC5,0x008FB36E,A Haven Poogie Decoration.\nCompatible with all outfits.
2478,3,4,99,43,8,0,1000,50,7,455,1,0,0x008C87DA,Voice SC6,0x008FB3A6,A Haven Poogie Decoration.\nCompatible with all outfits.
2479,3,4,99,43,8,0,1000,50,7,456,1,0,0x008C87E4,BBQ SC1,0x008FB3DE,A Haven Poogie Decoration.\nCompatible with all outfits.
2480,3,4,99,43,8,0,1000,50,7,457,1,0,0x008C87EC,BBQ SC2,0x008FB416,A Haven Poogie Decoration.\nCompatible with all outfits.
2481,3,4,99,43,8,0,1000,50,7,458,1,0,0x008C87F4,BBQ SC3,0x008FB44E,A Haven Poogie Decoration.\nCompatible with all outfits.
2482,3,4,99,43,8,0,1000,50,7,459,1,0,0x008C87FC,BBQ SC4,0x008FB486,A Haven Poogie Decoration.\nCompatible with all outfits.
2483,3,4,99,43,8,0,1000,50,7,460,1,0,0x008C8804,BBQ SC5,0x008FB4BE,A Haven Poogie Decoration.\nCompatible with all outfits.
2484,3,4,99,43,8,0,1000,50,7,461,1,0,0x008C880C,BBQ SC6,0x008FB4F6,A Haven Poogie Decoration.\nCompatible with all outfits.
2485,3,4,99,43,8,0,1000,50,7,462,1,0,0x008C8814,Crag S+ SC1,0x008FB52E,A Haven Poogie Decoration.\nCompatible with all outfits.
2486,3,4,99,43,8,0,1000,50,7,463,1,0,0x008C8820,Crag S+ SC2,0x008FB566,A Haven Poogie Decoration.\nCompatible with all outfits.
2487,3,4,99,43,8,0,1000,50,7,464,1,0,0x008C882C,Crag S+ SC3,0x008FB59E,A Haven Poogie Decoration.\nCompatible with all outfits.
2488,3,4,99,43,8,0,1000,50,7,465,1,0,0x008C8838,Crag S+ SC4,0x008FB5D6,A Haven Poogie Decoration.\nCompatible with all outfits.
2489,3,4,99,43,8,0,1000,50,7,466,1,0,0x008C8844,Crag S+ SC5,0x008FB60E,A Haven Poogie Decoration.\nCompatible with all outfits.
2490,3,4,99,43,8,0,1000,50,7,467,1,0,0x008C8850,Crag S+ SC6,0x008FB646,A Haven Poogie Decoration.\nCompatible with all outfits.
2491,3,4,99,43,8,0,1000,50,7,468,1,0,0x008C885C,Clust S+ SC1,0x008FB67E,A Haven Poogie Decoration.\nCompatible with all outfits.
2492,3,4,99,43,8,0,1000,50,7,469,1,0,0x008C8869,Clust S+ SC2,0x008FB6B6,A Haven Poogie Decoration.\nCompatible with all outfits.
2493,3,4,99,43,8,0,1000,50,7,470,1,0,0x008C8876,Clust S+ SC3,0x008FB6EE,A Haven Poogie Decoration.\nCompatible with all outfits.
2494,3,4,99,43,8,0,1000,50,7,471,1,0,0x008C8883,Clust S+ SC4,0x008FB726,A Haven Poogie Decoration.\nCompatible with all outfits.
2495,3,4,99,43,8,0,1000,50,7,472,1,0,0x008C8890,Clust S+ SC5,0x008FB75E,A Haven Poogie Decoration.\nCompatible with all outfits.
2496,3,4,99,43,8,0,1000,50,7,473,1,0,0x008C889D,Clust S+ SC6,0x008FB796,A Haven Poogie Decoration.\nCompatible with all outfits.
2497,3,4,99,43,8,0,1000,50,7,474,1,0,0x008C88AA,Map SC1,0x008FB7CE,A Haven Poogie Decoration.\nCompatible with all outfits.
2498,3,4,99,43,8,0,1000,50,7,475,1,0,0x008C88B2,Map SC2,0x008FB806,A Haven Poogie Decoration.\nCompatible with all outfits.
2499,3,4,99,43,8,0,1000,50,7,476,1,0,0x008C88BA,Map SC3,0x008FB83E,A Haven Poogie Decoration.\nCompatible with all outfits.
2500,3,4,99,43,8,0,1000,50,7,477,1,0,0x008C88C2,Map SC4,0x008FB876,A Haven Poogie Decoration.\nCompatible with all outfits.
2501,3,4,99,43,8,0,1000,50,7,478,1,0,0x008C88CA,Map SC5,0x008FB8AE,A Haven Poogie Decoration.\nCompatible with all outfits.
2502,3,4,99,43,8,0,1000,50,7,479,1,0,0x008C88D2,Map SC6,0x008FB8E6,A Haven Poogie Decoration.\nCompatible with all outfits.
2503,3,4,99,43,8,0,1000,50,7,480,1,0,0x008C88DA,Fishing SC1,0x008FB91E,A Haven Poogie Decoration.\nCompatible with all outfits.
2504,3,4,99,43,8,0,1000,50,7,481,1,0,0x008C88E6,Fishing SC2,0x008FB956,A Haven Poogie Decoration.\nCompatible with all outfits.
2505,3,4,99,43,8,0,1000,50,7,482,1,0,0x008C88F2,Fishing SC3,0x008FB98E,A Haven Poogie Decoration.\nCompatible with all outfits.
2506,3,4,99,43,8,0,1000,50,7,483,1,0,0x008C88FE,Fishing SC4,0x008FB9C6,A Haven Poogie Decoration.\nCompatible with all outfits.
2507,3,4,99,43,8,0,1000,50,7,484,1,0,0x008C890A,Fishing SC5,0x008FB9FE,A Haven Poogie Decoration.\nCompatible with all outfits.
2508,3,4,99,43,8,0,1000,50,7,485,1,0,0x008C8916,Fishing SC6,0x008FBA36,A Haven Poogie Decoration.\nCompatible with all outfits.
2509,3,4,99,43,8,0,1000,50,7,486,1,0,0x008C8922,Fire Res SC1,0x008FBA6E,A Haven Poogie Decoration.\nCompatible with all outfits.
2510,3,4,99,43,8,0,1000,50,7,487,1,0,0x008C892F,Fire Res SC2,0x008FBAA6,A Haven Poogie Decoration.\nCompatible with all outfits.
2511,3,4,99,43,8,0,1000,50,7,488,1,0,0x008C893C,Fire Res SC3,0x008FBADE,A Haven Poogie Decoration.\nCompatible with all outfits.
2512,3,4,99,43,8,0,1000,50,7,489,1,0,0x008C8949,Fire Res SC4,0x008FBB16,A Haven Poogie Decoration.\nCompatible with all outfits.
2513,3,4,99,43,8,0,1000,50,7,490,1,0,0x008C8956,Fire Res SC5,0x008FBB4E,A Haven Poogie Decoration.\nCompatible with all outfits.
2514,3,4,99,43,8,0,1000,50,7,491,1,0,0x008C8963,Fire Res SC6,0x008FBB86,A Haven Poogie Decoration.\nCompatible with all outfits.
2515,3,4,99,43,8,0,1000,50,7,492,1,0,0x008C8970,Water Res SC1,0x008FBBBE,A Haven Poogie Decoration.\nCompatible with all outfits.
2516,3,4,99,43,8,0,1000,50,7,493,1,0,0x008C897E,Water Res SC2,0x008FBBF6,A Haven Poogie Decoration.\nCompatible with all outfits.
2517,3,4,99,43,8,0,1000,50,7,494,1,0,0x008C898C,Water Res SC3,0x008FBC2E,A Haven Poogie Decoration.\nCompatible with all outfits.
2518,3,4,99,43,8,0,1000,50,7,495,1,0,0x008C899A,Water Res SC4,0x008FBC66,A Haven Poogie Decoration.\nCompatible with all outfits.
2519,3,4,99,43,8,0,1000,50,7,496,1,0,0x008C89A8,Water Res SC5,0x008FBC9E,A Haven Poogie Decoration.\nCompatible with all outfits.
2520,3,4,99,43,8,0,1000,50,7,497,1,0,0x008C89B6,Water Res SC6,0x008FBCD6,A Haven Poogie Decoration.\nCompatible with all outfits.
2521,3,4,99,43,8,0,1000,50,7,498,1,0,0x008C89C4,Ice Res SC1,0x008FBD0E,A Haven Poogie Decoration.\nCompatible with all outfits.
2522,3,4,99,43,8,0,1000,50,7,499,1,0,0x008C89D0,Ice Res SC2,0x008FBD46,A Haven Poogie Decoration.\nCompatible with all outfits.
2523,3,4,99,43,8,0,1000,50,7,500,1,0,0x008C89DC,Ice Res SC3,0x008FBD7E,A Haven Poogie Decoration.\nCompatible with all outfits.
2524,3,4,99,43,8,0,1000,50,7,501,1,0,0x008C89E8,Ice Res SC4,0x008FBDB6,A Haven Poogie Decoration.\nCompatible with all outfits.
2525,3,4,99,43,8,0,1000,50,7,502,1,0,0x008C89F4,Ice Res SC5,0x008FBDEE,A Haven Poogie Decoration.\nCompatible with all outfits.
2526,3,4,99,43,8,0,1000,50,7,503,1,0,0x008C8A00,Ice Res SC6,0x008FBE26,A Haven Poogie Decoration.\nCompatible with all outfits.
2527,3,4,99,43,8,0,1000,50,7,504,1,0,0x008C8A0C,ThunderRes SC1,0x008FBE5E,A Haven Poogie Decoration.\nCompatible with all outfits.
2528,3,4,99,43,8,0,1000,50,7,505,1,0,0x008C8A1B,ThunderResSC2,0x008FBE96,A Haven Poogie Decoration.\nCompatible with all outfits.
2529,3,4,99,43,8,0,1000,50,7,506,1,0,0x008C8A29,ThunderRes SC3,0x008FBECE,A Haven Poogie Decoration.\nCompatible with all outfits.
2530,3,4,99,43,8,0,1000,50,7,507,1,0,0x008C8A38,ThunderRes SC4,0x008FBF06,A Haven Poogie Decoration.\nCompatible with all outfits.
2531,3,4,99,43,8,0,1000,50,7,508,1,0,0x008C8A47,ThunderRes SC5,0x008FBF3E,A Haven Poogie Decoration.\nCompatible with all outfits.
2532,3,4,99,43,8,0,1000,50,7,509,1,0,0x008C8A56,ThunderRes SC6,0x008FBF76,A Haven Poogie Decoration.\nCompatible with all outfits.
2533,4,5,99,37,4,0,0,0,0,0,0,0,0x008C8A65,Cuff Ticket PA,0x008FBFAE,Used to craft various Poogie\nDecorations. Bring it to the\nSmithy!
2534,4,5,99,37,4,0,0,0,0,0,0,0,0x008C8A74,Cuff Ticket PB,0x008FBFF0,Used to craft various Poogie\nDecorations. Bring it to the\nSmithy!
2535,3,4,99,37,4,0,0,0,0,0,0,0,0x008C8A83,Cuff Ticket PC,0x008FC032,Used to craft various Poogie\nDecorations. Bring it to the\nSmithy!
2536,4,5,99,35,5,0,0,0,0,0,0,0,0x008C8A92,Fest Base,0x008FC074,Used to craft various Poogie\nDecorations. Bring it to the\nSmithy!
2537,4,5,99,35,10,0,0,0,0,0,0,0,0x008C8A9C,Black Base,0x008FC0B6,Used to craft various Poogie\nDecorations. Bring it to the\nSmithy!
2538,4,5,99,35,0,0,0,0,0,0,0,0,0x008C8AA7,White Base,0x008FC0F8,Used to craft various Poogie\nDecorations. Bring it to the\nSmithy!
2539,4,5,99,35,3,0,0,0,0,0,0,0,0x008C8AB2,Blue Base,0x008FC13A,Used to craft various Poogie\nDecorations. Bring it to the\nSmithy!
2540,4,5,99,35,5,0,0,0,0,0,0,0,0x008C8ABC,Purple Base,0x008FC17C,Used to craft various Poogie\nDecorations. Bring it to the\nSmithy!
2541,4,5,99,35,8,0,0,0,0,0,0,0,0x008C8AC8,Pink Base,0x008FC1BE,Used to craft various Poogie\nDecorations. Bring it to the\nSmithy!
2542,4,5,99,35,1,0,0,0,0,0,0,0,0x008C8AD2,Red Base,0x008FC200,Used to craft various Poogie\nDecorations. Bring it to the\nSmithy!
2543,4,5,99,35,2,0,0,0,0,0,0,0,0x008C8ADB,Green Base,0x008FC242,Used to craft various Poogie\nDecorations. Bring it to the\nSmithy!
2544,4,5,99,35,4,0,0,0,0,0,0,0,0x008C8AE6,Yellow Base,0x008FC284,Used to craft various Poogie\nDecorations. Bring it to the\nSmithy!
2545,4,5,99,35,7,0,0,0,0,0,0,0,0x008C8AF2,Orange Base,0x008FC2C6,Used to craft various Poogie\nDecorations. Bring it to the\nSmithy!
2546,4,5,99,35,6,0,0,0,0,0,0,0,0x008C8AFE,L.Blue Base,0x008FC308,Used to craft various Poogie\nDecorations. Bring it to the\nSmithy!
2547,4,5,99,35,10,0,0,0,0,0,0,0,0x008C8B0A,Gray Base,0x008FC34A,Used to craft various Poogie\nDecorations. Bring it to the\nSmithy!
2548,4,5,99,35,0,0,0,0,0,0,0,0,0x008C8B14,L.Gray Base,0x008FC38C,Used to craft various Poogie\nDecorations. Bring it to the\nSmithy!
2549,4,5,1,37,1,0,0,0,0,0,0,0,0x008C8B20,Red Hunter Seal,0x008FC3CE,A seal rarely given out by\nthe Guild. Used for various\npurposes.
2550,4,5,1,37,3,0,0,0,0,0,0,0,0x008C8B30,Blue Hunter Seal,0x008FC40F,A seal rarely given out by\nthe Guild. Used for various\npurposes.
2551,4,5,1,37,0,0,0,0,0,0,0,0,0x008C8B41,Wht Hunter Seal,0x008FC450,A seal rarely given out by\nthe Guild. Used for various\npurposes.
2552,4,5,1,37,8,0,0,0,0,0,0,0,0x008C8B51,Pink Hunter Seal,0x008FC491,A seal rarely given out by\nthe Guild. Used for various\npurposes.
2553,4,5,1,37,5,0,0,0,0,0,0,0,0x008C8B62,Prpl Hunter Seal,0x008FC4D2,A seal rarely given out by\nthe Guild. Used for various\npurposes.
2554,4,5,1,37,4,0,0,0,0,0,0,0,0x008C8B73,Ylw Hunter Seal,0x008FC513,A seal rarely given out by\nthe Guild. Used for various\npurposes.
2555,2,3,3,80,2,0,0,0,0,0,0,0,0x008C8B83,EZ Green Elixir,0x008FC554,"An elixir that kills your\nwill to live, no matter how\nstrong it is. ~C05(Supply Item)"
2556,2,3,3,80,4,0,0,0,0,0,0,0,0x008C8B93,EZ Yellow Elixir,0x008FC5AA,Drinking it drastically\ndecreases your Stamina.\n~C05(Supply Item)
2557,4,5,10,24,1,0,1000,100,0,0,0,0,0x008C8BA4,Warming Oil,0x008FC5EC,Increases the size of the\nheat gauge for Heavy Bowguns\nequipped with the Heat Beam.
2558,4,5,10,24,0,0,1000,100,0,0,0,0,0x008C8BB0,Cooling Oil,0x008FC640,Decreases the size of the\nheat gauge for Heavy Bowguns\nequipped with the Heat Beam.
2559,4,5,99,37,4,0,0,0,0,0,0,0,0x008C8BBC,Grom Baron Tkt,0x008FC694,Instructions on forging the\nThundering Baron. Bring them\nto the Smithy!
2560,4,5,99,37,7,0,0,0,0,0,0,0,0x008C8BCB,Paryze Baron Tkt,0x008FC6DC,Instructions on forging the\nParalyzing Baron. Bring them\nto the Smithy!
2561,4,5,99,37,4,0,0,0,0,0,0,0,0x008C8BDC,Blitz Equa Tkt,0x008FC724,Instructions on forging the\nBlitz Equine. Bring them to\nthe Smithy!
2562,4,5,99,37,6,0,0,0,0,0,0,0,0x008C8BEB,Hail Equa Tkt,0x008FC768,Instructions on forging the\nHail Equine. Bring them to\nthe Smithy!
2563,4,5,99,37,0,0,0,0,0,0,0,0,0x008C8BF9,Frost Plaid Tkt,0x008FC7AB,Instructions on forging the\nFrost Foal. Bring them to\nthe Smithy!
2564,4,5,99,37,7,0,0,0,0,0,0,0,0x008C8C09,Sleep Plaid Tkt,0x008FC7ED,Instructions on forging the\nSleep Foal. Bring them to\nthe Smithy!
2565,4,5,99,37,1,0,0,0,0,0,0,0,0x008C8C19,SparkCraneTkt,0x008FC82F,Instructions on forging the\nSpark Crane. Bring them to\nthe Smithy!
2566,4,5,99,37,10,0,0,0,0,0,0,0,0x008C8C27,Arma Crane Tkt,0x008FC872,Instructions on forging the\nFeather Crane. Bring them to\nthe Smithy!
2567,4,5,99,37,3,0,0,0,0,0,0,0,0x008C8C36,TankBishopTkt,0x008FC8B7,Instructions on forging the\nTank Bishop. Bring them to\nthe Smithy!
2568,4,5,99,37,3,0,0,0,0,0,0,0,0x008C8C44,BastionBishopTkt,0x008FC8FA,Instructions on forging the\nBastion Bishop. Bring them\nto the Smithy!
2569,4,5,99,37,3,0,0,0,0,0,0,0,0x008C8C55,Fort Bishop Tkt,0x008FC940,Instructions on forging the\nFort Bishop. Bring them to\nthe Smithy!
2570,4,5,99,37,8,0,0,0,0,0,0,0,0x008C8C65,TankWitchTkt,0x008FC983,Instructions on forging the\nTank Witch. Bring them to\nthe Smithy!
2571,4,5,99,37,8,0,0,0,0,0,0,0,0x008C8C72,BastionWitchTkt,0x008FC9C5,Instructions on forging the\nBastion Witch. Bring them to\nthe Smithy!
2572,4,5,99,37,8,0,0,0,0,0,0,0,0x008C8C82,FortWitchTkt,0x008FCA0A,Instructions on forging the\nFort Witch. Bring them to\nthe Smithy!
2573,4,5,99,37,0,0,0,0,0,0,0,0,0x008C8C8F,Aristo Ticket H,0x008FCA4C,Instructions on forging the\nAristo armor. Bring them to\nthe Smithy!
2574,4,5,99,37,0,0,0,0,0,0,0,0,0x008C8C9F,Aristo Ticket C,0x008FCA90,Instructions on forging the\nAristo armor. Bring them to\nthe Smithy!
2575,4,5,99,37,0,0,0,0,0,0,0,0,0x008C8CAF,Aristo Ticket A,0x008FCAD4,Instructions on forging the\nAristo armor. Bring them to\nthe Smithy!
2576,4,5,99,37,0,0,0,0,0,0,0,0,0x008C8CBF,Aristo Ticket W,0x008FCB18,Instructions on forging the\nAristo armor. Bring them to\nthe Smithy!
2577,4,5,99,37,0,0,0,0,0,0,0,0,0x008C8CCF,Aristo Ticket L,0x008FCB5C,Instructions on forging the\nAristo armor. Bring them to\nthe Smithy!
2578,4,5,99,37,7,0,0,0,0,0,0,0,0x008C8CDF,Texto Ticket H,0x008FCBA0,Instructions on forging the\nTexto armor. Bring them to\nthe Smithy!
2579,4,5,99,37,7,0,0,0,0,0,0,0,0x008C8CEE,Texto Ticket C,0x008FCBE3,Instructions on forging the\nTexto armor. Bring them to\nthe Smithy!
2580,4,5,99,37,7,0,0,0,0,0,0,0,0x008C8CFD,Texto Ticket A,0x008FCC26,Instructions on forging the\nTexto armor. Bring them to\nthe Smithy!
2581,4,5,99,37,7,0,0,0,0,0,0,0,0x008C8D0C,Texto Ticket W,0x008FCC69,Instructions on forging the\nTexto armor. Bring them to\nthe Smithy!
2582,4,5,99,37,7,0,0,0,0,0,0,0,0x008C8D1B,Texto Ticket L,0x008FCCAC,Instructions on forging the\nTexto armor. Bring them to\nthe Smithy!
2583,4,5,99,37,8,0,0,0,0,0,0,0,0x008C8D2A,Arge Ticket H,0x008FCCEF,Instructions on forging the\nArge armor. Bring them to\nthe Smithy!
2584,4,5,99,37,8,0,0,0,0,0,0,0,0x008C8D38,Arge Ticket C,0x008FCD31,Instructions on forging the\nArge armor. Bring them to\nthe Smithy!
2585,4,5,99,37,8,0,0,0,0,0,0,0,0x008C8D46,Arge Ticket A,0x008FCD73,Instructions on forging the\nArge armor. Bring them to\nthe Smithy!
2586,4,5,99,37,8,0,0,0,0,0,0,0,0x008C8D54,Arge Ticket W,0x008FCDB5,Instructions on forging the\nArge armor. Bring them to\nthe Smithy!
2587,4,5,99,37,8,0,0,0,0,0,0,0,0x008C8D62,Arge Ticket L,0x008FCDF7,Instructions on forging the\nArge armor. Bring them to\nthe Smithy!
2588,4,5,99,37,3,0,0,0,0,0,0,0,0x008C8D70,BP6 Ticket 1,0x008FCE39,"A ticket made of special,\nrare paper. Can be exchanged\nfor a special item."
2589,4,5,99,37,3,0,0,0,0,0,0,0,0x008C8D7D,BP6 Ticket 2,0x008FCE84,"A ticket made of special,\nrare paper. Can be exchanged\nfor a special item."
2590,4,5,99,37,3,0,0,0,0,0,0,0,0x008C8D8A,BP6 Ticket 3,0x008FCECF,"A ticket made of special,\nrare paper. Can be exchanged\nfor a special item."
2591,4,5,99,37,3,0,0,0,0,0,0,0,0x008C8D97,BP6 Ticket 4,0x008FCF1A,"A ticket made of special,\nrare paper. Can be exchanged\nfor a special item."
2592,4,5,99,37,3,0,0,0,0,0,0,0,0x008C8DA4,BP6 Ticket 5,0x008FCF65,"A ticket made of special,\nrare paper. Can be exchanged\nfor a special item."
2593,4,5,99,37,3,0,0,0,0,0,0,0,0x008C8DB1,BP6 Ticket 6,0x008FCFB0,"A ticket made of special,\nrare paper. Can be exchanged\nfor a special item."
2594,4,5,99,37,3,0,0,0,0,0,0,0,0x008C8DBE,BP6 Ticket 7,0x008FCFFB,"A ticket made of special,\nrare paper. Can be exchanged\nfor a special item."
2595,4,5,99,37,3,0,0,0,0,0,0,0,0x008C8DCB,BP6 Ticket 8,0x008FD046,"A ticket made of special,\nrare paper. Can be exchanged\nfor a special item."
2596,4,5,99,37,10,0,0,0,0,0,0,0,0x008C8DD8,E-Frontier Tkt,0x000FBA94,狩猟生活を満喫するハンター\nの証。工房で特別な品と引き\n換え可能。
2597,4,5,99,27,10,0,0,0,0,0,0,0,0x008C8DE7,Meteorite Chunk,0x008FD091,A Black Meteorite purged of\nall impurities. Hard to see\nin the dark.
2598,4,5,99,37,1,0,0,0,0,0,0,0,0x008C8DF7,Sincere Bond,0x008FD0D6,Proof of the unity between\nhunters bound together by\na strong bond.
2599,4,5,99,37,3,0,0,0,0,0,0,0,0x008C8E04,Honest Bond,0x008FD11A,Proof of the unity between\nhunters bound together by\na strong bond.
2600,3,4,99,36,1,0,0,1000,0,0,0,0,0x008C8E10,Red Codex,0x008FD15E,"A mystical red codex, the\ncontents of which can only\nbe understood by the chosen."
2601,3,4,99,36,3,0,0,1000,0,0,0,0,0x008C8E1A,Blue Codex,0x008FD1B0,"A mystical blue codex, the\ncontents of which can only\nbe understood by the chosen."
2602,3,4,99,36,4,0,0,1000,0,0,0,0,0x008C8E25,Yellow Codex,0x008FD203,"A mystical yellow codex, the\ncontents of which can only\nbe understood by the chosen."
2603,4,5,99,27,5,0,0,0,0,0,0,0,0x008C8E32,Toxic Voltstone,0x008FD258,"A stone imbued with deadly\npoison. It can also conduct\nelectricity, so be careful."
2604,4,5,99,29,2,0,0,0,0,0,0,0,0x008C8E42,Torn Map Top,0x008FD2AB,A map made by pasting scraps\ntogether. Its bottom half is\nstill missing.
2605,4,5,99,29,2,0,0,0,0,0,0,0,0x008C8E4F,Torn Map Bottom,0x008FD2F4,A map made by pasting scraps\ntogether. Its top half is\nstill missing.
2606,4,5,99,37,6,0,0,0,0,0,0,0,0x008C8E5F,Reel Design,0x008FD33A,A blueprint for a special\nHammer. Collect enough and\nbring them to the Smithy!
2607,4,5,99,27,1,0,0,0,0,0,0,0,0x008C8E6B,Ignistone,0x008FD389,A rare mineral used to craft\na special Lance. Bring it to\nthe Smithy!
2608,4,5,99,1,1,0,0,0,0,0,0,0,0x008C8E75,Sliced Jade,0x008FD3CF,An item used to craft a\nspecial Long Sword. Bring\nit to the Smithy!
2609,4,5,99,37,3,0,0,0,0,0,0,0,0x000CEB52,ダミー1010071,0x0000276D,ダミー
2610,4,5,99,37,10,0,0,0,0,0,0,0,0x000CEB60,ダミー1010072,0x0000276D,ダミー
2611,4,5,99,5,7,0,0,0,0,0,0,0,0x008C8E81,Weird Fish,0x000FBDCF,ごく稀に釣れる猛々しい魚。\n世の中には愛好家がおり、\n持っていくと喜ばれるとか。
2612,4,5,99,15,2,0,0,0,0,0,0,0,0x008C8E8C,Thread Herb,0x000FBE1E,ある一定時期に群生する珍し\nい植物。その強靭な繊維から\nは、丈夫な布を生産できる。
2613,4,5,99,29,0,0,0,0,0,0,0,0,0x008C8E98,Map Fragment 1,0x008FD413,A torn map fragment.\nTry collecting them...
2614,4,5,99,29,0,0,0,0,0,0,0,0,0x008C8EA7,Map Fragment 2,0x008FD43F,A torn map fragment.\nTry collecting them...
2615,4,5,99,29,0,0,0,0,0,0,0,0,0x008C8EB6,Map Fragment 3,0x008FD46B,A torn map fragment.\nTry collecting them...
2616,4,5,99,29,0,0,0,0,0,0,0,0,0x008C8EC5,Map Fragment 4,0x008FD497,A torn map fragment.\nTry collecting them...
2617,4,5,99,29,0,0,0,0,0,0,0,0,0x008C8ED4,Map Fragment 5,0x008FD4C3,A torn map fragment.\nTry collecting them...
2618,4,5,99,24,7,0,0,0,0,0,0,0,0x008C8EE3,Amber Fluid,0x008FD4EF,A highly adaptable liquid\nwith a cult following. Rare\nand valuable.
2619,4,5,99,24,1,0,0,0,0,0,0,0,0x008C8EEF,Crimson Fluid,0x008FD533,A highly adaptable liquid\nwith a cult following. Rare\nand valuable.
2620,4,5,99,24,8,0,0,0,0,0,0,0,0x008C8EFD,Rose Fluid,0x008FD577,A highly adaptable liquid\nwith a cult following. Rare\nand valuable.
2621,4,5,99,24,2,0,0,0,0,0,0,0,0x008C8F08,Jade Fluid,0x008FD5BB,A highly adaptable liquid\nwith a cult following. Rare\nand valuable.
2622,4,5,99,24,3,0,0,0,0,0,0,0,0x008C8F13,Blue Fluid,0x008FD5FF,A highly adaptable liquid\nwith a cult following. Rare\nand valuable.
2623,4,5,99,24,10,0,0,0,0,0,0,0,0x008C8F1E,Black Fluid,0x008FD643,A highly adaptable liquid\nwith a cult following. Rare\nand valuable.
2624,4,5,99,24,0,0,0,0,0,0,0,0,0x008C8F2A,Silver Fluid,0x008FD687,A highly adaptable liquid\nwith a cult following.\nExtremely rare and valuable.
2625,4,5,99,24,4,0,0,0,0,0,0,0,0x008C8F37,Gold Fluid,0x008FD6D5,A highly adaptable liquid\nwith a cult following.\nExtremely rare and valuable.
2626,4,5,99,35,7,0,0,0,0,0,0,0,0x008C8F42,Amber Volva,0x008FD723,A highly adaptable mushroom\nvolva with a cult following.\nRare and valuable.
2627,4,5,99,35,1,0,0,0,0,0,0,0,0x008C8F4E,Crimson Volva,0x008FD76F,A highly adaptable mushroom\nvolva with a cult following.\nRare and valuable.
2628,4,5,99,35,8,0,0,0,0,0,0,0,0x008C8F5C,Rose Volva,0x008FD7BB,A highly adaptable mushroom\nvolva with a cult following.\nRare and valuable.
2629,4,5,99,35,3,0,0,0,0,0,0,0,0x008C8F67,Lapis Volva,0x008FD807,A highly adaptable mushroom\nvolva with a cult following.\nRare and valuable.
2630,4,5,99,35,10,0,0,0,0,0,0,0,0x008C8F73,Black Volva,0x008FD853,A highly adaptable mushroom\nvolva with a cult following.\nRare and valuable.
2631,4,5,99,35,5,0,0,0,0,0,0,0,0x008C8F7F,Purple Volva,0x008FD89F,A highly adaptable mushroom\nvolva with a cult following.\nRare and valuable.
2632,4,5,99,35,0,0,0,0,0,0,0,0,0x008C8F8C,Silver Volva,0x008FD8EB,A highly adaptable mushroom\nvolva with a cult following.\nExtremely rare and valuable.
2633,4,5,99,35,4,0,0,0,0,0,0,0,0x008C8F99,Golden Volva,0x008FD941,A highly adaptable mushroom\nvolva with a cult following.\nExtremely rare and valuable.
2634,4,5,99,48,7,0,0,0,0,0,0,0,0x008C8FA6,Amber Pot,0x008FD997,A highly adaptable pot with\na cult following. Rare and\nvaluable.
2635,4,5,99,48,1,0,0,0,0,0,0,0,0x008C8FB0,Crimson Pot,0x008FD9D8,A highly adaptable pot with\na cult following. Rare and\nvaluable.
2636,4,5,99,48,2,0,0,0,0,0,0,0,0x008C8FBC,Rose Pot,0x008FDA19,A highly adaptable pot with\na cult following. Rare and\nvaluable.
2637,4,5,99,48,3,0,0,0,0,0,0,0,0x008C8FC5,Lapis Pot,0x008FDA5A,A highly adaptable pot with\na cult following. Rare and\nvaluable.
2638,4,5,99,48,10,0,0,0,0,0,0,0,0x008C8FCF,Black Pot,0x008FDA9B,A highly adaptable pot with\na cult following. Rare and\nvaluable.
2639,4,5,99,48,5,0,0,0,0,0,0,0,0x008C8FD9,Purple Pot,0x008FDADC,A highly adaptable pot with\na cult following. Rare and\nvaluable.
2640,4,5,99,48,0,0,0,0,0,0,0,0,0x008C8FE4,Silver Pot,0x008FDB1D,A highly adaptable pot with\na cult following. Extremely\nrare and valuable.
2641,4,5,99,48,4,0,0,0,0,0,0,0,0x008C8FEF,Gold Pot,0x008FDB68,A highly adaptable pot with\na cult following. Extremely\nrare and valuable.
2642,4,5,99,14,10,0,0,0,0,0,0,0,0x008C8FF8,Decayed Hide,0x000FC06D,ボロボロに朽ちた何かの\n動物？の皮。\n肌触りは悪くない。
2643,4,5,99,10,10,0,0,0,0,0,0,0,0x008C9005,Gravios Tailbone,0x008FDBB3,The tailbone of a Gravios.\nYou may be able to use it\nto craft rugged equipment.
2644,4,5,99,36,0,0,0,0,0,0,0,0,0x008C9016,Armorer's Secret,0x000FC0DB,防具の限界を超える強化方法\nについて記された本の切れ端。\n並の腕では実現不可能。
2645,3,4,99,23,3,0,0,1000,0,0,0,0,0x008C9027,Duragaua Scale,0x008FDC03,A Duragaua scale. Prized as\na material for its toughness\nand heat retention.
2646,3,4,99,9,3,0,0,1500,0,0,0,0,0x008C9036,Duragaua Shell,0x008FDC50,A shell made up of clustered\nscales. Its color depends on\nthe outside temperature.
2647,3,4,99,31,3,0,0,2300,0,0,0,0,0x008C9045,Duragaua Claw,0x008FDCA3,A sharp claw that produces\na distinctively loud noise\nwhen struck against metal.
2648,3,4,99,31,3,0,0,2650,0,0,0,0,0x008C9053,Duragaua Horn,0x008FDCF4,An extremely tough Duragaua\nhorn. Pleasantly cool to the\ntouch.
2649,3,4,99,9,3,0,0,4000,0,0,0,0,0x008C9061,Duragaua Tail,0x008FDD34,A spiked Duragaua tail. Its\ntoughness makes wounding it\nnearly impossible.
2650,3,4,99,9,3,0,0,3600,0,0,0,0,0x008C906F,Duragaua Spike,0x008FDD7F,A Duragaua dorsal spike. Its\nsharpness makes it extremely\ndangerous to handle.
2651,3,4,99,23,3,0,0,2000,0,0,0,0,0x008C907E,Duragaua Scale+,0x008FDDCE,"Top-quality Duragaua scale.\nEmits a gorgeous, jewel-like\nblue color when illuminated."
2652,3,4,99,9,3,0,0,2800,0,0,0,0,0x008C908E,Duragaua Carpace,0x008FDE24,A reinforced Duragaua shell.\nImpossible to be scratched.
2653,3,4,99,31,3,0,0,3500,0,0,0,0,0x008C909F,Duragaua Claw+,0x008FDE5D,A top-quality Duragaua claw.\nNumerous hunters obsess over\nits beautiful hues.
2654,3,4,99,31,3,0,0,3800,0,0,0,0,0x008C90AE,Duragaua Horn+,0x008FDEAB,A fine Duragaua horn. Its\nsubtle shape and hue make\neach one a unique item.
2655,3,4,99,9,3,0,0,6000,0,0,0,0,0x008C90BD,Duragaua Tail+,0x008FDEF7,A fine Duragaua tail with\nimposing spikes. Sometimes\nsold as a luxury item.
2656,3,4,99,9,3,0,0,4500,0,0,0,0,0x008C90CC,Duragaua Spike+,0x008FDF43,A Duragaua spike that has\nfully retained its razor\nsharp edge. A rare find.
2657,4,5,99,37,5,0,0,10000,0,0,0,0,0x008C90DC,Duragaua Cert.,0x008FDF8F,A certificate given only to\nthose who've triumphed over\nthe most arduous of hunts.
2658,4,5,1,37,2,0,0,0,0,0,0,0,0x008C90EB,Rookie Ticket,0x008FDFE2,A rookie hunter certificate.\nBring your mentor and use it\nto initiate special Quests.
2659,4,5,99,37,0,0,0,0,0,0,0,0,0x008C90F9,Sword Soul 1,0x008FE038,A testament to the efforts\nof those pursuing mastery\nof the Sword & Shield.
2660,4,5,99,37,2,0,0,0,0,0,0,0,0x008C9106,Sword Soul 2,0x008FE084,A testament to the efforts\nof those pursuing mastery\nof the Sword & Shield.
2661,4,5,99,37,6,0,0,0,0,0,0,0,0x008C9113,Sword Soul 3,0x008FE0D0,A testament to the efforts\nof those pursuing mastery\nof the Sword & Shield.
2662,4,5,99,37,3,0,0,0,0,0,0,0,0x008C9120,Sword Soul 4,0x008FE11C,A testament to the efforts\nof those pursuing mastery\nof the Sword & Shield.
2663,4,5,99,37,0,0,0,0,0,0,0,0,0x008C912D,D.Blades Soul 1,0x008FE168,A testament to the efforts\nof those pursuing mastery\nof the Dual Blades.
2664,4,5,99,37,2,0,0,0,0,0,0,0,0x008C913D,D.Blades Soul 2,0x008FE1B1,A testament to the efforts\nof those pursuing mastery\nof the Dual Blades.
2665,4,5,99,37,6,0,0,0,0,0,0,0,0x008C914D,D.Blades Soul 3,0x008FE1FA,A testament to the efforts\nof those pursuing mastery\nof the Dual Blades.
2666,4,5,99,37,3,0,0,0,0,0,0,0,0x008C915D,D.Blades Soul 4,0x008FE243,A testament to the efforts\nof those pursuing mastery\nof the Dual Blades.
2667,4,5,99,37,0,0,0,0,0,0,0,0,0x008C916D,G.Sword Soul 1,0x008FE28C,A testament to the efforts\nof those pursuing mastery\nof the Great Sword.
2668,4,5,99,37,2,0,0,0,0,0,0,0,0x008C917C,G.Sword Soul 2,0x008FE2D5,A testament to the efforts\nof those pursuing mastery\nof the Great Sword.
2669,4,5,99,37,6,0,0,0,0,0,0,0,0x008C918B,G.Sword Soul 3,0x008FE31E,A testament to the efforts\nof those pursuing mastery\nof the Great Sword.
2670,4,5,99,37,3,0,0,0,0,0,0,0,0x008C919A,G.Sword Soul 4,0x008FE367,A testament to the efforts\nof those pursuing mastery\nof the Great Sword.
2671,4,5,99,37,0,0,0,0,0,0,0,0,0x008C91A9,L.Sword Soul 1,0x008FE3B0,A testament to the efforts\nof those pursuing mastery\nof the Long Sword.
2672,4,5,99,37,2,0,0,0,0,0,0,0,0x008C91B8,L.Sword Soul 2,0x008FE3F8,A testament to the efforts\nof those pursuing mastery\nof the Long Sword.
2673,4,5,99,37,6,0,0,0,0,0,0,0,0x008C91C7,L.Sword Soul 3,0x008FE440,A testament to the efforts\nof those pursuing mastery\nof the Long Sword.
2674,4,5,99,37,3,0,0,0,0,0,0,0,0x008C91D6,L.Sword Soul 4,0x008FE488,A testament to the efforts\nof those pursuing mastery\nof the Long Sword.
2675,4,5,99,37,0,0,0,0,0,0,0,0,0x008C91E5,Hammer Soul 1,0x008FE4D0,A testament to the efforts\nof those pursuing mastery\nof the Hammer.
2676,4,5,99,37,2,0,0,0,0,0,0,0,0x008C91F3,Hammer Soul 2,0x008FE514,A testament to the efforts\nof those pursuing mastery\nof the Hammer.
2677,4,5,99,37,6,0,0,0,0,0,0,0,0x008C9201,Hammer Soul 3,0x008FE558,A testament to the efforts\nof those pursuing mastery\nof the Hammer.
2678,4,5,99,37,3,0,0,0,0,0,0,0,0x008C920F,Hammer Soul 4,0x008FE59C,A testament to the efforts\nof those pursuing mastery\nof the Hammer.
2679,4,5,99,37,0,0,0,0,0,0,0,0,0x008C921D,Horn Soul 1,0x008FE5E0,A testament to the efforts\nof those pursuing mastery\nof the Hunting Horn.
2680,4,5,99,37,2,0,0,0,0,0,0,0,0x008C9229,Horn Soul 2,0x008FE62A,A testament to the efforts\nof those pursuing mastery\nof the Hunting Horn.
2681,4,5,99,37,6,0,0,0,0,0,0,0,0x008C9235,Horn Soul 3,0x008FE674,A testament to the efforts\nof those pursuing mastery\nof the Hunting Horn.
2682,4,5,99,37,3,0,0,0,0,0,0,0,0x008C9241,Horn Soul 4,0x008FE6BE,A testament to the efforts\nof those pursuing mastery\nof the Hunting Horn.
2683,4,5,99,37,0,0,0,0,0,0,0,0,0x008C924D,Lance Soul 1,0x008FE708,A testament to the efforts\nof those pursuing mastery\nof the Lance.
2684,4,5,99,37,2,0,0,0,0,0,0,0,0x008C925A,Lance Soul 2,0x008FE74B,A testament to the efforts\nof those pursuing mastery\nof the Lance.
2685,4,5,99,37,6,0,0,0,0,0,0,0,0x008C9267,Lance Soul 3,0x008FE78E,A testament to the efforts\nof those pursuing mastery\nof the Lance.
2686,4,5,99,37,3,0,0,0,0,0,0,0,0x008C9274,Lance Soul 4,0x008FE7D1,A testament to the efforts\nof those pursuing mastery\nof the Lance.
2687,4,5,99,37,0,0,0,0,0,0,0,0,0x008C9281,Gunlance Soul 1,0x008FE814,A testament to the efforts\nof those pursuing mastery\nof the Gunlance.
2688,4,5,99,37,2,0,0,0,0,0,0,0,0x008C9291,Gunlance Soul 2,0x008FE85A,A testament to the efforts\nof those pursuing mastery\nof the Gunlance.
2689,4,5,99,37,6,0,0,0,0,0,0,0,0x008C92A1,Gunlance Soul 3,0x008FE8A0,A testament to the efforts\nof those pursuing mastery\nof the Gunlance.
2690,4,5,99,37,3,0,0,0,0,0,0,0,0x008C92B1,Gunlance Soul 4,0x008FE8E6,A testament to the efforts\nof those pursuing mastery\nof the Gunlance.
2691,4,5,99,37,0,0,0,0,0,0,0,0,0x008C92C1,H.Bowgun Soul 1,0x008FE92C,A testament to the efforts\nof those pursuing mastery\nof the Heavy Bowgun.
2692,4,5,99,37,2,0,0,0,0,0,0,0,0x008C92D1,H.Bowgun Soul 2,0x008FE976,A testament to the efforts\nof those pursuing mastery\nof the Heavy Bowgun.
2693,4,5,99,37,6,0,0,0,0,0,0,0,0x008C92E1,H.Bowgun Soul 3,0x008FE9C0,A testament to the efforts\nof those pursuing mastery\nof the Heavy Bowgun.
2694,4,5,99,37,3,0,0,0,0,0,0,0,0x008C92F1,H.Bowgun Soul 4,0x008FEA0A,A testament to the efforts\nof those pursuing mastery\nof the Heavy Bowgun.
2695,4,5,99,37,0,0,0,0,0,0,0,0,0x008C9301,L.Bowgun Soul 1,0x008FEA54,A testament to the efforts\nof those pursuing mastery\nof the Light Bowgun.
2696,4,5,99,37,2,0,0,0,0,0,0,0,0x008C9311,L.Bowgun Soul 2,0x008FEA9E,A testament to the efforts\nof those pursuing mastery\nof the Light Bowgun.
2697,4,5,99,37,6,0,0,0,0,0,0,0,0x008C9321,L.Bowgun Soul 3,0x008FEAE8,A testament to the efforts\nof those pursuing mastery\nof the Light Bowgun.
2698,4,5,99,37,3,0,0,0,0,0,0,0,0x008C9331,L.Bowgun Soul 4,0x008FEB32,A testament to the efforts\nof those pursuing mastery\nof the Light Bowgun.
2699,4,5,99,37,0,0,0,0,0,0,0,0,0x008C9341,Bow Soul 1,0x008FEB7C,A testament to the efforts\nof those pursuing mastery\nof the Bow.
2700,4,5,99,37,2,0,0,0,0,0,0,0,0x008C934C,Bow Soul 2,0x008FEBBD,A testament to the efforts\nof those pursuing mastery\nof the Bow.
2701,4,5,99,37,6,0,0,0,0,0,0,0,0x008C9357,Bow Soul 3,0x008FEBFE,A testament to the efforts\nof those pursuing mastery\nof the Bow.
2702,4,5,99,37,3,0,0,0,0,0,0,0,0x008C9362,Bow Soul 4,0x008FEC3F,A testament to the efforts\nof those pursuing mastery\nof the Bow.
2703,4,5,99,10,8,0,0,15000,0,0,0,0,0x008C936D,Strong Beak,0x008FEC80,An enormous Kut-Ku beak.\nEven carrying it alone is\na real challenge!
2704,4,5,99,10,8,0,0,25000,0,0,0,0,0x008C9379,Ferocious Beak,0x008FECC5,A legendary Yian Kut-Ku\nbeak. One can almost hear\nits fierce cry resound.
2705,4,5,99,10,8,0,0,35000,0,0,0,0,0x008C9388,Divine Beak,0x008FED0F,"A top-quality beak from a\nrare Yian Kut-Ku. Also known\nas the ""Beak of Fortune"". "
2706,4,5,99,31,8,0,0,20000,0,0,0,0,0x008C9394,Congalala Talon,0x008FED61,A razor sharp Congalala\nclaw. Said to break rocks\nwith a single blow.
2707,4,5,99,31,8,0,0,30000,0,0,0,0,0x008C93A4,Congalala Gouger,0x008FEDA7,"A curved, razor sharp claw.\nNamed for the way it rips\nand gouges its prey."
2708,4,5,99,31,8,0,0,40000,0,0,0,0,0x008C93B5,Congalala Ripper,0x008FEDF2,A Congalala claw honed over\ntime. Rarely found in good\ncondition.
2709,4,5,99,9,4,0,0,30000,0,0,0,0,0x008C93C6,Lavasio Whirlfin,0x008FEE34,"A Lavasioth fin with sharp,\nyet smooth edges. Prized by\nweaponsmiths."
2710,4,5,99,9,4,0,0,40000,0,0,0,0,0x008C93D7,Lavasio Bladefin,0x008FEE7A,A Lavasioth fin with a\nsmooth luster. Boasts\ntop-quality sharpness.
2711,4,5,99,9,4,0,0,50000,0,0,0,0,0x008C93E8,Lavasio Razorfin,0x008FEEBE,A top-grade Lavasioth fin.\nBarehanded contact carries\ngrave risks.
2712,4,5,99,14,0,0,0,20000,0,0,0,0,0x008C93F9,Cushy Hide,0x008FEF01,A highly elastic Khezu hide.\nMany hunters are captivated\nby its strange texture.
2713,4,5,99,14,0,0,0,30000,0,0,0,0,0x008C9404,Pure White Hide,0x008FEF52,"A pure white Khezu hide.\nStrangely, its hue only\ngrows purer with use."
2714,4,5,99,9,0,0,0,40000,0,0,0,0,0x008C9414,Pale Belly,0x008FEF99,"Fatty meat from a Khezu's\nbelly. Tempting to eat, but\nbetter left alone."
2715,4,5,99,23,1,0,0,30000,0,0,0,0,0x008C941F,Rathalos Direscl,0x008FEFE2,A sturdier Rathalos scale.\nHighly sought after as a\ncrafting material.
2716,4,5,99,23,1,0,0,40000,0,0,0,0,0x008C9430,Rathalos Hellscl,0x008FF029,Top-quality Rathalos scale.\nA faint warmth can be felt\nupon touch...
2717,4,5,99,23,1,0,0,50000,0,0,0,0,0x008C9441,Rathalos Kingscl,0x008FF06E,A scale whose magnificence\nrenders everyone speechless.\nBefitting of its name.
2718,4,5,99,9,2,0,0,30000,0,0,0,0,0x008C9452,Rathian Steelshl,0x008FF0BD,A patch of sturdy Rathian\nscales. As tough as solid\nsteel.
2719,4,5,99,9,2,0,0,40000,0,0,0,0,0x008C9463,Rathian Gleamshl,0x008FF0F8,The stout outer shell of a\nRathian. Even tougher than\nthe Steelshell.
2720,4,5,99,9,2,0,0,50000,0,0,0,0,0x008C9474,Rathian Graceshl,0x008FF13E,"A sublime, rare outer shell.\nStrong, with a remarkably\nbeautiful luster."
2721,4,5,99,31,4,0,0,30000,0,0,0,0,0x008C9485,Crooked Horn,0x008FF187,A severely twisted Diablos\nhorn. Equipment forged from\nit lasts a lifetime.
2722,4,5,99,31,4,0,0,40000,0,0,0,0,0x008C9492,Brutal Horn,0x008FF1D3,"A warped Diablos horn.\nDifficult to process, but\nexceptionally durable."
2723,4,5,99,31,4,0,0,50000,0,0,0,0,0x008C949E,Sublime Horn,0x008FF21B,A beautifully twisted horn.\nMany hunters display it as\nroom decor.
2724,4,5,99,31,0,0,0,30000,0,0,0,0,0x008C94AB,Blango Crusher,0x008FF25E,A quality Blangonga fang.\nStout and used to forge\neven stronger equipment.
2725,4,5,99,31,0,0,0,40000,0,0,0,0,0x008C94BA,Blango Piercer,0x008FF2A9,A sublime Blangonga fang.\nFangs of this quality are\nrarely ever found.
2726,4,5,99,31,0,0,0,50000,0,0,0,0,0x008C94C9,Blangonga Mauler,0x008FF2F0,A sharp fang etched with\ncountless scars. Befitting\nof the fearsome Blangonga.
2727,4,5,99,37,1,0,0,0,0,0,0,0,0x008C94DA,Hardcore Ticket,0x008FF33F,A ticket used to initiate\nHardcore Mode on Quests.\nKeep your wits about you!
2728,4,5,99,43,4,0,0,0,7,510,2,0,0x008C94EA,Sharpener PA1,0x008FF38C,A Haven Poogie Decoration.\nIncompatible with certain\noutfits.
2729,4,5,99,43,4,0,0,0,7,511,2,0,0x008C94F8,ReloadSpd PA1,0x008FF3CA,A Haven Poogie Decoration.\nIncompatible with certain\noutfits.
2730,4,5,99,43,4,0,0,0,7,512,2,0,0x008C9506,Wind Res PA1,0x008FF408,A Haven Poogie Decoration.\nIncompatible with certain\noutfits.
2731,4,5,99,43,4,0,0,0,7,513,2,0,0x008C9513,Stamina PA1,0x008FF446,A Haven Poogie Decoration.\nIncompatible with certain\noutfits.
2732,4,5,99,43,4,0,0,0,7,514,2,0,0x008C951F,Sharpness PA1,0x008FF484,A Haven Poogie Decoration.\nIncompatible with certain\noutfits.
2733,4,5,99,43,4,0,0,0,7,515,2,0,0x008C952D,Gathering PA1,0x008FF4C2,A Haven Poogie Decoration.\nIncompatible with certain\noutfits.
2734,4,5,99,43,4,0,0,0,7,516,2,0,0x008C953B,Recovery PA1,0x008FF500,A Haven Poogie Decoration.\nIncompatible with certain\noutfits.
2735,4,5,99,43,4,0,0,0,7,517,2,0,0x008C9548,Combo Rate PA1,0x008FF53E,A Haven Poogie Decoration.\nIncompatible with certain\noutfits.
2736,4,5,99,43,4,0,0,0,7,518,2,0,0x008C9557,Eating PA1,0x008FF57C,A Haven Poogie Decoration.\nIncompatible with certain\noutfits.
2737,4,5,99,43,4,0,0,0,7,519,2,0,0x008C9562,LastingPwr PA1,0x008FF5BA,A Haven Poogie Decoration.\nIncompatible with certain\noutfits.
2738,4,5,99,43,4,0,0,0,7,520,2,0,0x008C9571,Loading PB1,0x008FF5F8,A Haven Poogie Decoration.\nIncompatible with certain\noutfits.
2739,4,5,99,43,4,0,0,0,7,521,2,0,0x008C957D,Loading PB2,0x008FF636,A Haven Poogie Decoration.\nIncompatible with certain\noutfits.
2740,4,5,99,43,4,0,0,0,7,522,2,0,0x008C9589,Sharpener PB1,0x008FF674,A Haven Poogie Decoration.\nIncompatible with certain\noutfits.
2741,4,5,99,43,4,0,0,0,7,523,2,0,0x008C9597,Sharpener PB2,0x008FF6B2,A Haven Poogie Decoration.\nIncompatible with certain\noutfits.
2742,4,5,99,43,4,0,0,0,7,524,2,0,0x008C95A5,Recoil PB1,0x008FF6F0,A Haven Poogie Decoration.\nIncompatible with certain\noutfits.
2743,4,5,99,43,4,0,0,0,7,525,2,0,0x008C95B0,Recoil PB2,0x008FF72E,A Haven Poogie Decoration.\nIncompatible with certain\noutfits.
2744,4,5,99,43,4,0,0,0,7,526,2,0,0x008C95BB,Rapid Fire PB1,0x008FF76C,A Haven Poogie Decoration.\nIncompatible with certain\noutfits.
2745,4,5,99,43,4,0,0,0,7,527,2,0,0x008C95CA,Rapid Fire PB2,0x008FF7AA,A Haven Poogie Decoration.\nIncompatible with certain\noutfits.
2746,4,5,99,43,4,0,0,0,7,528,2,0,0x008C95D9,Stamina PB1,0x008FF7E8,A Haven Poogie Decoration.\nIncompatible with certain\noutfits.
2747,4,5,99,43,4,0,0,0,7,529,2,0,0x008C95E5,Precision PB1,0x008FF826,A Haven Poogie Decoration.\nIncompatible with certain\noutfits.
2748,4,5,99,43,4,0,0,0,7,530,2,0,0x008C95F3,Fasting PB1,0x008FF864,A Haven Poogie Decoration.\nIncompatible with certain\noutfits.
2749,4,5,99,43,4,0,0,0,7,531,2,0,0x008C95FF,Maestro PB1,0x008FF8A2,A Haven Poogie Decoration.\nIncompatible with certain\noutfits.
2750,4,5,99,43,4,0,0,0,7,532,2,0,0x008C960B,Maestro PB2,0x008FF8E0,A Haven Poogie Decoration.\nIncompatible with certain\noutfits.
2751,4,5,99,43,4,0,0,0,7,533,2,0,0x008C9617,Fire SC+ PB1,0x008FF91E,A Haven Poogie Decoration.\nIncompatible with certain\noutfits.
2752,4,5,99,43,4,0,0,0,7,534,2,0,0x008C9624,Fire SC+ PB2,0x008FF95C,A Haven Poogie Decoration.\nIncompatible with certain\noutfits.
2753,4,5,99,43,4,0,0,0,7,535,2,0,0x008C9631,Thndr SC+ PB1,0x008FF99A,A Haven Poogie Decoration.\nIncompatible with certain\noutfits.
2754,4,5,99,43,4,0,0,0,7,536,2,0,0x008C963F,Thndr SC+ PB2,0x008FF9D8,A Haven Poogie Decoration.\nIncompatible with certain\noutfits.
2755,4,5,99,43,4,0,0,0,7,537,2,0,0x008C964D,Water SC+ PB1,0x008FFA16,A Haven Poogie Decoration.\nIncompatible with certain\noutfits.
2756,4,5,99,43,4,0,0,0,7,538,2,0,0x008C965B,Water SC+ PB2,0x008FFA54,A Haven Poogie Decoration.\nIncompatible with certain\noutfits.
2757,4,5,99,43,4,0,0,0,7,539,2,0,0x008C9669,All Res Up PB3,0x008FFA92,A Haven Poogie Decoration.\nIncompatible with certain\noutfits.
2758,4,5,99,43,4,0,0,0,7,540,2,0,0x008C9678,Combo Rate PB1,0x008FFAD0,A Haven Poogie Decoration.\nIncompatible with certain\noutfits.
2759,4,5,99,43,4,0,0,0,7,541,2,0,0x008C9687,Artillery PB1,0x008FFB0E,A Haven Poogie Decoration.\nIncompatible with certain\noutfits.
2760,3,4,99,43,4,0,0,0,7,542,2,0,0x008C9695,Recoil PC1,0x008FFB4C,A Haven Poogie Decoration.\nIncompatible with certain\noutfits.
2761,3,4,99,43,4,0,0,0,7,543,2,0,0x008C96A0,Recoil PC2,0x008FFB8A,A Haven Poogie Decoration.\nIncompatible with certain\noutfits.
2762,3,4,99,43,4,0,0,0,7,544,2,0,0x008C96AB,Recoil PC3,0x008FFBC8,A Haven Poogie Decoration.\nIncompatible with certain\noutfits.
2763,3,4,99,43,4,0,0,0,7,545,2,0,0x008C96B6,Recoil PC4,0x008FFC06,A Haven Poogie Decoration.\nIncompatible with certain\noutfits.
2764,3,4,99,43,4,0,0,0,7,546,2,0,0x008C96C1,Normal Up PC1,0x008FFC44,A Haven Poogie Decoration.\nIncompatible with certain\noutfits.
2765,3,4,99,43,4,0,0,0,7,547,2,0,0x008C96CF,Normal Up PC2,0x008FFC82,A Haven Poogie Decoration.\nIncompatible with certain\noutfits.
2766,3,4,99,43,4,0,0,0,7,548,2,0,0x008C96DD,Normal Up PC3,0x008FFCC0,A Haven Poogie Decoration.\nIncompatible with certain\noutfits.
2767,3,4,99,43,4,0,0,0,7,549,2,0,0x008C96EB,Normal Up PC4,0x008FFCFE,A Haven Poogie Decoration.\nIncompatible with certain\noutfits.
2768,3,4,99,43,4,0,0,0,7,550,2,0,0x008C96F9,Status PC1,0x008FFD3C,A Haven Poogie Decoration.\nIncompatible with certain\noutfits.
2769,3,4,99,43,4,0,0,0,7,551,2,0,0x008C9704,Status PC2,0x008FFD7A,A Haven Poogie Decoration.\nIncompatible with certain\noutfits.
2770,3,4,99,43,4,0,0,0,7,552,2,0,0x008C970F,Status PC3,0x008FFDB8,A Haven Poogie Decoration.\nIncompatible with certain\noutfits.
2771,3,4,99,43,4,0,0,0,7,553,2,0,0x008C971A,Status PC4,0x008FFDF6,A Haven Poogie Decoration.\nIncompatible with certain\noutfits.
2772,3,4,99,43,4,0,0,0,7,554,2,0,0x008C9725,Protection PC1,0x008FFE34,A Haven Poogie Decoration.\nIncompatible with certain\noutfits.
2773,3,4,99,43,4,0,0,0,7,555,2,0,0x008C9734,Protection PC2,0x008FFE72,A Haven Poogie Decoration.\nIncompatible with certain\noutfits.
2774,3,4,99,43,4,0,0,0,7,556,2,0,0x008C9743,Protection PC3,0x008FFEB0,A Haven Poogie Decoration.\nIncompatible with certain\noutfits.
2775,3,4,99,43,4,0,0,0,7,557,2,0,0x008C9752,Protection PC4,0x008FFEEE,A Haven Poogie Decoration.\nIncompatible with certain\noutfits.
2776,3,4,99,43,4,0,0,0,7,558,2,0,0x008C9761,Wind Res PC1,0x008FFF2C,A Haven Poogie Decoration.\nIncompatible with certain\noutfits.
2777,3,4,99,43,4,0,0,0,7,559,2,0,0x008C976E,Wind Res PC2,0x008FFF6A,A Haven Poogie Decoration.\nIncompatible with certain\noutfits.
2778,3,4,99,43,4,0,0,0,7,560,2,0,0x008C977B,Wind Res PC3,0x008FFFA8,A Haven Poogie Decoration.\nIncompatible with certain\noutfits.
2779,3,4,99,43,4,0,0,0,7,561,2,0,0x008C9788,Wind Res PC4,0x008FFFE6,A Haven Poogie Decoration.\nIncompatible with certain\noutfits.
2780,3,4,99,43,4,0,0,0,7,562,2,0,0x008C9795,Precision PC1,0x00900024,A Haven Poogie Decoration.\nIncompatible with certain\noutfits.
2781,3,4,99,43,4,0,0,0,7,563,2,0,0x008C97A3,Precision PC2,0x00900062,A Haven Poogie Decoration.\nIncompatible with certain\noutfits.
2782,3,4,99,43,4,0,0,0,7,564,2,0,0x008C97B1,Precision PC3,0x009000A0,A Haven Poogie Decoration.\nIncompatible with certain\noutfits.
2783,3,4,99,43,4,0,0,0,7,565,2,0,0x008C97BF,Precision PC4,0x009000DE,A Haven Poogie Decoration.\nIncompatible with certain\noutfits.
2784,3,4,99,43,4,0,0,0,7,566,2,0,0x008C97CD,Precision PC5,0x0090011C,A Haven Poogie Decoration.\nIncompatible with certain\noutfits.
2785,3,4,99,43,4,0,0,0,7,567,2,0,0x008C97DB,Artillery PC1,0x0090015A,A Haven Poogie Decoration.\nIncompatible with certain\noutfits.
2786,3,4,99,43,4,0,0,0,7,568,2,0,0x008C97E9,Artillery PC2,0x00900198,A Haven Poogie Decoration.\nIncompatible with certain\noutfits.
2787,3,4,99,43,4,0,0,0,7,569,2,0,0x008C97F7,Artillery PC3,0x009001D6,A Haven Poogie Decoration.\nIncompatible with certain\noutfits.
2788,3,4,99,43,4,0,0,0,7,570,2,0,0x008C9805,Artillery PC4,0x00900214,A Haven Poogie Decoration.\nIncompatible with certain\noutfits.
2789,3,4,99,43,4,0,0,0,7,571,2,0,0x008C9813,SpdGather PC1,0x00900252,A Haven Poogie Decoration.\nIncompatible with certain\noutfits.
2790,3,4,99,43,4,0,0,0,7,572,2,0,0x008C9821,SpdGather PC2,0x00900290,A Haven Poogie Decoration.\nIncompatible with certain\noutfits.
2791,3,4,99,43,4,0,0,0,7,573,2,0,0x008C982F,SpdGather PC3,0x009002CE,A Haven Poogie Decoration.\nIncompatible with certain\noutfits.
2792,3,4,99,43,4,0,0,0,7,574,2,0,0x008C983D,SpdGather PC4,0x0090030C,A Haven Poogie Decoration.\nIncompatible with certain\noutfits.
2793,3,4,99,43,4,0,0,0,7,575,2,0,0x008C984B,Dragon Res PC1,0x0090034A,A Haven Poogie Decoration.\nIncompatible with certain\noutfits.
2794,3,4,99,43,4,0,0,0,7,576,2,0,0x008C985A,Dragon Res PC2,0x00900388,A Haven Poogie Decoration.\nIncompatible with certain\noutfits.
2795,3,4,99,43,4,0,0,0,7,577,2,0,0x008C9869,Dragon Res PC3,0x009003C6,A Haven Poogie Decoration.\nIncompatible with certain\noutfits.
2796,3,4,99,43,4,0,0,0,7,578,2,0,0x008C9878,Dragon Res PC4,0x00900404,A Haven Poogie Decoration.\nIncompatible with certain\noutfits.
2797,3,4,99,43,4,0,0,0,7,579,2,0,0x008C9887,Transporter PC1,0x00900442,A Haven Poogie Decoration.\nIncompatible with certain\noutfits.
2798,3,4,99,43,4,0,0,0,7,580,2,0,0x008C9897,Transporter PC2,0x00900480,A Haven Poogie Decoration.\nIncompatible with certain\noutfits.
2799,3,4,99,43,4,0,0,0,7,581,2,0,0x008C98A7,Transporter PC3,0x009004BE,A Haven Poogie Decoration.\nIncompatible with certain\noutfits.
2800,3,4,99,43,4,0,0,0,7,582,2,0,0x008C98B7,Transporter PC4,0x009004FC,A Haven Poogie Decoration.\nIncompatible with certain\noutfits.
2801,3,4,99,43,4,0,0,0,7,583,2,0,0x008C98C7,Acrobat PC1,0x0090053A,A Haven Poogie Decoration.\nIncompatible with certain\noutfits.
2802,3,4,99,43,4,0,0,0,7,584,2,0,0x008C98D3,Acrobat PC2,0x00900578,A Haven Poogie Decoration.\nIncompatible with certain\noutfits.
2803,3,4,99,43,4,0,0,0,7,585,2,0,0x008C98DF,Acrobat PC3,0x009005B6,A Haven Poogie Decoration.\nIncompatible with certain\noutfits.
2804,3,4,99,43,4,0,0,0,7,586,2,0,0x008C98EB,Acrobat PC4,0x009005F4,A Haven Poogie Decoration.\nIncompatible with certain\noutfits.
2805,3,4,99,43,4,0,0,0,7,587,2,0,0x008C98F7,Drgn SC+ PC1,0x00900632,A Haven Poogie Decoration.\nIncompatible with certain\noutfits.
2806,3,4,99,43,4,0,0,0,7,588,2,0,0x008C9904,Drgn SC+ PC2,0x00900670,A Haven Poogie Decoration.\nIncompatible with certain\noutfits.
2807,3,4,99,43,4,0,0,0,7,589,2,0,0x008C9911,Drgn SC+ PC3,0x009006AE,A Haven Poogie Decoration.\nIncompatible with certain\noutfits.
2808,3,4,99,43,4,0,0,0,7,590,2,0,0x008C991E,Drgn SC+ PC4,0x009006EC,A Haven Poogie Decoration.\nIncompatible with certain\noutfits.
2809,3,4,99,43,4,0,0,0,7,591,2,0,0x008C992B,Drgn SC+ PC5,0x0090072A,A Haven Poogie Decoration.\nIncompatible with certain\noutfits.
2810,4,5,99,43,8,0,100000,5000,7,592,1,0,0x008C9938,Ammo Mixer SA1,0x00900768,A Haven Poogie Decoration.\nCompatible with all outfits.
2811,4,5,99,43,8,0,100000,5000,7,593,1,0,0x008C9947,Fire Atk SA1,0x009007A0,A Haven Poogie Decoration.\nCompatible with all outfits.
2812,4,5,99,43,8,0,100000,5000,7,594,1,0,0x008C9954,Water Atk SA1,0x009007D8,A Haven Poogie Decoration.\nCompatible with all outfits.
2813,4,5,99,43,8,0,100000,5000,7,595,1,0,0x008C9962,Thunder Atk SA1,0x00900810,A Haven Poogie Decoration.\nCompatible with all outfits.
2814,4,5,99,43,8,0,100000,5000,7,596,1,0,0x008C9972,Ice Atk SA1,0x00900848,A Haven Poogie Decoration.\nCompatible with all outfits.
2815,4,5,99,43,8,0,100000,5000,7,597,1,0,0x008C997E,DragonAtk SA1,0x00900880,A Haven Poogie Decoration.\nCompatible with all outfits.
2816,4,5,99,43,8,0,100000,5000,7,598,1,0,0x008C998C,Defense SA1,0x009008B8,A Haven Poogie Decoration.\nCompatible with all outfits.
2817,4,5,99,43,8,0,100000,5000,7,599,1,0,0x008C9998,Heat Res SA1,0x009008F0,A Haven Poogie Decoration.\nCompatible with all outfits.
2818,4,5,99,43,8,0,100000,5000,7,600,1,0,0x008C99A5,Cold Res SA1,0x00900928,A Haven Poogie Decoration.\nCompatible with all outfits.
2819,4,5,99,43,8,0,100000,5000,7,601,1,0,0x008C99B2,Kickboxer SA1,0x00900960,A Haven Poogie Decoration.\nCompatible with all outfits.
2820,4,5,99,43,8,0,100000,5000,7,602,1,0,0x008C99C0,Strongarm SA1,0x00900998,A Haven Poogie Decoration.\nCompatible with all outfits.
2821,4,5,99,43,8,0,100000,5000,7,603,1,0,0x008C99CE,Revelation SA1,0x009009D0,A Haven Poogie Decoration.\nCompatible with all outfits.
2822,4,5,99,43,8,0,10000,500,7,604,1,0,0x008C99DD,Fire Atk SB1,0x00900A08,A Haven Poogie Decoration.\nCompatible with all outfits.
2823,4,5,99,43,8,0,10000,500,7,605,1,0,0x008C99EA,Fire Atk SB2,0x00900A40,A Haven Poogie Decoration.\nCompatible with all outfits.
2824,4,5,99,43,8,0,10000,500,7,606,1,0,0x008C99F7,Water Atk SB1,0x00900A78,A Haven Poogie Decoration.\nCompatible with all outfits.
2825,4,5,99,43,8,0,10000,500,7,607,1,0,0x008C9A05,Water Atk SB2,0x00900AB0,A Haven Poogie Decoration.\nCompatible with all outfits.
2826,4,5,99,43,8,0,10000,500,7,608,1,0,0x008C9A13,Thunder Atk SB1,0x00900AE8,A Haven Poogie Decoration.\nCompatible with all outfits.
2827,4,5,99,43,8,0,10000,500,7,609,1,0,0x008C9A23,Thunder Atk SB2,0x00900B20,A Haven Poogie Decoration.\nCompatible with all outfits.
2828,4,5,99,43,8,0,10000,500,7,610,1,0,0x008C9A33,Ice Atk SB1,0x00900B58,A Haven Poogie Decoration.\nCompatible with all outfits.
2829,4,5,99,43,8,0,10000,500,7,611,1,0,0x008C9A3F,Ice Atk SB2,0x00900B90,A Haven Poogie Decoration.\nCompatible with all outfits.
2830,4,5,99,43,8,0,10000,500,7,612,1,0,0x008C9A4B,DragonAtk SB1,0x00900BC8,A Haven Poogie Decoration.\nCompatible with all outfits.
2831,4,5,99,43,8,0,10000,500,7,613,1,0,0x008C9A59,DragonAtk SB2,0x00900C00,A Haven Poogie Decoration.\nCompatible with all outfits.
2832,4,5,99,43,8,0,10000,500,7,614,1,0,0x008C9A67,Bond SB1,0x00900C38,A Haven Poogie Decoration.\nCompatible with all outfits.
2833,4,5,99,43,8,0,10000,500,7,615,1,0,0x008C9A70,Bond SB2,0x00900C70,A Haven Poogie Decoration.\nCompatible with all outfits.
2834,4,5,99,43,8,0,10000,500,7,616,1,0,0x008C9A79,Revelation SB1,0x00900CA8,A Haven Poogie Decoration.\nCompatible with all outfits.
2835,4,5,99,43,8,0,10000,500,7,617,1,0,0x008C9A88,Revelation SB2,0x00900CE0,A Haven Poogie Decoration.\nCompatible with all outfits.
2836,4,5,99,43,8,0,10000,500,7,618,1,0,0x008C9A97,Kickboxer SB1,0x00900D18,A Haven Poogie Decoration.\nCompatible with all outfits.
2837,4,5,99,43,8,0,10000,500,7,619,1,0,0x008C9AA5,Kickboxer SB2,0x00900D50,A Haven Poogie Decoration.\nCompatible with all outfits.
2838,4,5,99,43,8,0,10000,500,7,620,1,0,0x008C9AB3,Escapist SB1,0x00900D88,A Haven Poogie Decoration.\nCompatible with all outfits.
2839,4,5,99,43,8,0,10000,500,7,621,1,0,0x008C9AC0,Escapist SB2,0x00900DC0,A Haven Poogie Decoration.\nCompatible with all outfits.
2840,4,5,99,43,8,0,10000,500,7,622,1,0,0x008C9ACD,Strongarm SB1,0x00900DF8,A Haven Poogie Decoration.\nCompatible with all outfits.
2841,4,5,99,43,8,0,10000,500,7,623,1,0,0x008C9ADB,Strongarm SB2,0x00900E30,A Haven Poogie Decoration.\nCompatible with all outfits.
2842,4,5,99,43,8,0,10000,500,7,624,1,0,0x008C9AE9,Pressure SB1,0x00900E68,A Haven Poogie Decoration.\nCompatible with all outfits.
2843,4,5,99,43,8,0,10000,500,7,625,1,0,0x008C9AF6,Pressure SB2,0x00900EA0,A Haven Poogie Decoration.\nCompatible with all outfits.
2844,4,5,99,43,8,0,10000,500,7,626,1,0,0x008C9B03,Perception SB1,0x00900ED8,A Haven Poogie Decoration.\nCompatible with all outfits.
2845,4,5,99,43,8,0,10000,500,7,627,1,0,0x008C9B12,Perception SB2,0x00900F10,A Haven Poogie Decoration.\nCompatible with all outfits.
2846,3,4,99,43,8,0,1000,50,7,628,1,0,0x008C9B21,Bomb SC+ SC1,0x00900F48,A Haven Poogie Decoration.\nCompatible with all outfits.
2847,3,4,99,43,8,0,1000,50,7,629,1,0,0x008C9B2E,Bomb SC+ SC2,0x00900F80,A Haven Poogie Decoration.\nCompatible with all outfits.
2848,3,4,99,43,8,0,1000,50,7,630,1,0,0x008C9B3B,Bomb SC+ SC3,0x00900FB8,A Haven Poogie Decoration.\nCompatible with all outfits.
2849,3,4,99,43,8,0,1000,50,7,631,1,0,0x008C9B48,Bomb SC+ SC4,0x00900FF0,A Haven Poogie Decoration.\nCompatible with all outfits.
2850,3,4,99,43,8,0,1000,50,7,632,1,0,0x008C9B55,Bomb SC+ SC5,0x00901028,A Haven Poogie Decoration.\nCompatible with all outfits.
2851,3,4,99,43,8,0,1000,50,7,633,1,0,0x008C9B62,Bomb SC+ SC6,0x00901060,A Haven Poogie Decoration.\nCompatible with all outfits.
2852,3,4,99,43,8,0,1000,50,7,634,1,0,0x008C9B6F,Fire SC+ SC1,0x00901098,A Haven Poogie Decoration.\nCompatible with all outfits.
2853,3,4,99,43,8,0,1000,50,7,635,1,0,0x008C9B7C,Fire SC+ SC2,0x009010D0,A Haven Poogie Decoration.\nCompatible with all outfits.
2854,3,4,99,43,8,0,1000,50,7,636,1,0,0x008C9B89,Fire SC+ SC3,0x00901108,A Haven Poogie Decoration.\nCompatible with all outfits.
2855,3,4,99,43,8,0,1000,50,7,637,1,0,0x008C9B96,Fire SC+ SC4,0x00901140,A Haven Poogie Decoration.\nCompatible with all outfits.
2856,3,4,99,43,8,0,1000,50,7,638,1,0,0x008C9BA3,Fire SC+ SC5,0x00901178,A Haven Poogie Decoration.\nCompatible with all outfits.
2857,3,4,99,43,8,0,1000,50,7,639,1,0,0x008C9BB0,Fire SC+ SC6,0x009011B0,A Haven Poogie Decoration.\nCompatible with all outfits.
2858,3,4,99,43,8,0,1000,50,7,640,1,0,0x008C9BBD,Water SC+ SC1,0x009011E8,A Haven Poogie Decoration.\nCompatible with all outfits.
2859,3,4,99,43,8,0,1000,50,7,641,1,0,0x008C9BCB,Water SC+ SC2,0x00901220,A Haven Poogie Decoration.\nCompatible with all outfits.
2860,3,4,99,43,8,0,1000,50,7,642,1,0,0x008C9BD9,Water SC+ SC3,0x00901258,A Haven Poogie Decoration.\nCompatible with all outfits.
2861,3,4,99,43,8,0,1000,50,7,643,1,0,0x008C9BE7,Water SC+ SC4,0x00901290,A Haven Poogie Decoration.\nCompatible with all outfits.
2862,3,4,99,43,8,0,1000,50,7,644,1,0,0x008C9BF5,Water SC+ SC5,0x009012C8,A Haven Poogie Decoration.\nCompatible with all outfits.
2863,3,4,99,43,8,0,1000,50,7,645,1,0,0x008C9C03,Water SC+ SC6,0x00901300,A Haven Poogie Decoration.\nCompatible with all outfits.
2864,3,4,99,43,8,0,1000,50,7,646,1,0,0x008C9C11,Thndr SC+ SC1,0x00901338,A Haven Poogie Decoration.\nCompatible with all outfits.
2865,3,4,99,43,8,0,1000,50,7,647,1,0,0x008C9C1F,Thndr SC+ SC2,0x00901370,A Haven Poogie Decoration.\nCompatible with all outfits.
2866,3,4,99,43,8,0,1000,50,7,648,1,0,0x008C9C2D,Thndr SC+ SC3,0x009013A8,A Haven Poogie Decoration.\nCompatible with all outfits.
2867,3,4,99,43,8,0,1000,50,7,649,1,0,0x008C9C3B,Thndr SC+ SC4,0x009013E0,A Haven Poogie Decoration.\nCompatible with all outfits.
2868,3,4,99,43,8,0,1000,50,7,650,1,0,0x008C9C49,Thndr SC+ SC5,0x00901418,A Haven Poogie Decoration.\nCompatible with all outfits.
2869,3,4,99,43,8,0,1000,50,7,651,1,0,0x008C9C57,Thndr SC+ SC6,0x00901450,A Haven Poogie Decoration.\nCompatible with all outfits.
2870,3,4,99,43,8,0,1000,50,7,652,1,0,0x008C9C65,Ice SC+ SC1,0x00901488,A Haven Poogie Decoration.\nCompatible with all outfits.
2871,3,4,99,43,8,0,1000,50,7,653,1,0,0x008C9C71,Ice SC+ SC2,0x009014C0,A Haven Poogie Decoration.\nCompatible with all outfits.
2872,3,4,99,43,8,0,1000,50,7,654,1,0,0x008C9C7D,Ice SC+ SC3,0x009014F8,A Haven Poogie Decoration.\nCompatible with all outfits.
2873,3,4,99,43,8,0,1000,50,7,655,1,0,0x008C9C89,Ice SC+ SC4,0x00901530,A Haven Poogie Decoration.\nCompatible with all outfits.
2874,3,4,99,43,8,0,1000,50,7,656,1,0,0x008C9C95,Ice SC+ SC5,0x00901568,A Haven Poogie Decoration.\nCompatible with all outfits.
2875,3,4,99,43,8,0,1000,50,7,657,1,0,0x008C9CA1,Ice SC+ SC6,0x009015A0,A Haven Poogie Decoration.\nCompatible with all outfits.
2876,3,4,99,43,8,0,1000,50,7,658,1,0,0x008C9CAD,Defense SC1,0x009015D8,A Haven Poogie Decoration.\nCompatible with all outfits.
2877,3,4,99,43,8,0,1000,50,7,659,1,0,0x008C9CB9,Defense SC2,0x00901610,A Haven Poogie Decoration.\nCompatible with all outfits.
2878,3,4,99,43,8,0,1000,50,7,660,1,0,0x008C9CC5,Defense SC3,0x00901648,A Haven Poogie Decoration.\nCompatible with all outfits.
2879,3,4,99,43,8,0,1000,50,7,661,1,0,0x008C9CD1,Defense SC4,0x00901680,A Haven Poogie Decoration.\nCompatible with all outfits.
2880,3,4,99,43,8,0,1000,50,7,662,1,0,0x008C9CDD,Defense SC5,0x009016B8,A Haven Poogie Decoration.\nCompatible with all outfits.
2881,3,4,99,43,8,0,1000,50,7,663,1,0,0x008C9CE9,Defense SC6,0x009016F0,A Haven Poogie Decoration.\nCompatible with all outfits.
2882,3,4,99,43,8,0,1000,50,7,664,1,0,0x008C9CF5,Snow Res SC1,0x00901728,A Haven Poogie Decoration.\nCompatible with all outfits.
2883,3,4,99,43,8,0,1000,50,7,665,1,0,0x008C9D02,Snow Res SC2,0x00901760,A Haven Poogie Decoration.\nCompatible with all outfits.
2884,3,4,99,43,8,0,1000,50,7,666,1,0,0x008C9D0F,Snow Res SC3,0x00901798,A Haven Poogie Decoration.\nCompatible with all outfits.
2885,3,4,99,43,8,0,1000,50,7,667,1,0,0x008C9D1C,Snow Res SC4,0x009017D0,A Haven Poogie Decoration.\nCompatible with all outfits.
2886,3,4,99,43,8,0,1000,50,7,668,1,0,0x008C9D29,Snow Res SC5,0x00901808,A Haven Poogie Decoration.\nCompatible with all outfits.
2887,3,4,99,43,8,0,1000,50,7,669,1,0,0x008C9D36,Snow Res SC6,0x00901840,A Haven Poogie Decoration.\nCompatible with all outfits.
2888,3,4,99,43,8,0,1000,50,7,670,1,0,0x008C9D43,Heat Res SC1,0x00901878,A Haven Poogie Decoration.\nCompatible with all outfits.
2889,3,4,99,43,8,0,1000,50,7,671,1,0,0x008C9D50,Heat Res SC2,0x009018B0,A Haven Poogie Decoration.\nCompatible with all outfits.
2890,3,4,99,43,8,0,1000,50,7,672,1,0,0x008C9D5D,Heat Res SC3,0x009018E8,A Haven Poogie Decoration.\nCompatible with all outfits.
2891,3,4,99,43,8,0,1000,50,7,673,1,0,0x008C9D6A,Heat Res SC4,0x00901920,A Haven Poogie Decoration.\nCompatible with all outfits.
2892,3,4,99,43,8,0,1000,50,7,674,1,0,0x008C9D77,Heat Res SC5,0x00901958,A Haven Poogie Decoration.\nCompatible with all outfits.
2893,3,4,99,43,8,0,1000,50,7,675,1,0,0x008C9D84,Heat Res SC6,0x00901990,A Haven Poogie Decoration.\nCompatible with all outfits.
2894,3,4,99,43,8,0,1000,50,7,676,1,0,0x008C9D91,Cold Res SC1,0x009019C8,A Haven Poogie Decoration.\nCompatible with all outfits.
2895,3,4,99,43,8,0,1000,50,7,677,1,0,0x008C9D9E,Cold Res SC2,0x00901A00,A Haven Poogie Decoration.\nCompatible with all outfits.
2896,3,4,99,43,8,0,1000,50,7,678,1,0,0x008C9DAB,Cold Res SC3,0x00901A38,A Haven Poogie Decoration.\nCompatible with all outfits.
2897,3,4,99,43,8,0,1000,50,7,679,1,0,0x008C9DB8,Cold Res SC4,0x00901A70,A Haven Poogie Decoration.\nCompatible with all outfits.
2898,3,4,99,43,8,0,1000,50,7,680,1,0,0x008C9DC5,Cold Res SC5,0x00901AA8,A Haven Poogie Decoration.\nCompatible with all outfits.
2899,3,4,99,43,8,0,1000,50,7,681,1,0,0x008C9DD2,Cold Res SC6,0x00901AE0,A Haven Poogie Decoration.\nCompatible with all outfits.
2900,3,4,99,43,8,0,1000,50,7,682,1,0,0x008C9DDF,Rec Speed SC1,0x00901B18,A Haven Poogie Decoration.\nCompatible with all outfits.
2901,3,4,99,43,8,0,1000,50,7,683,1,0,0x008C9DED,Rec Speed SC2,0x00901B50,A Haven Poogie Decoration.\nCompatible with all outfits.
2902,3,4,99,43,8,0,1000,50,7,684,1,0,0x008C9DFB,Rec Speed SC3,0x00901B88,A Haven Poogie Decoration.\nCompatible with all outfits.
2903,3,4,99,43,8,0,1000,50,7,685,1,0,0x008C9E09,Rec Speed SC4,0x00901BC0,A Haven Poogie Decoration.\nCompatible with all outfits.
2904,3,4,99,43,8,0,1000,50,7,686,1,0,0x008C9E17,Rec Speed SC5,0x00901BF8,A Haven Poogie Decoration.\nCompatible with all outfits.
2905,3,4,99,43,8,0,1000,50,7,687,1,0,0x008C9E25,Rec Speed SC6,0x00901C30,A Haven Poogie Decoration.\nCompatible with all outfits.
2906,4,5,99,35,10,0,0,0,0,0,0,0,0x008C9E33,Brown Base,0x00901C68,Used to craft various Poogie\nDecorations. Bring it to the\nSmithy!
2907,4,5,99,35,0,0,0,0,0,0,0,0,0x008C9E3E,Deutzia Base,0x00901CAA,Used to craft various Poogie\nDecorations. Bring it to the\nSmithy!
2908,4,5,99,35,7,0,0,0,0,0,0,0,0x008C9E4B,Citrus Base,0x00901CEC,Used to craft various Poogie\nDecorations. Bring it to the\nSmithy!
2909,4,5,99,35,6,0,0,0,0,0,0,0,0x008C9E57,Lilac Base,0x00901D2E,Used to craft various Poogie\nDecorations. Bring it to the\nSmithy!
2910,4,5,99,35,2,0,0,0,0,0,0,0,0x008C9E62,Sprouting Base,0x00901D70,Used to craft various Poogie\nDecorations. Bring it to the\nSmithy!
2911,4,5,99,35,7,0,0,0,0,0,0,0,0x008C9E71,Vermillion Base,0x00901DB2,Used to craft various Poogie\nDecorations. Bring it to the\nSmithy!
2912,4,5,99,35,1,0,0,0,0,0,0,0,0x008C9E81,Crimson Base,0x00901DF4,Used to craft various Poogie\nDecorations. Bring it to the\nSmithy!
2913,4,5,99,35,2,0,0,0,0,0,0,0,0x008C9E8E,Pine Base,0x00901E36,Used to craft various Poogie\nDecorations. Bring it to the\nSmithy!
2914,4,5,99,35,1,0,0,0,0,0,0,0,0x008C9E98,Scarlet Base,0x00901E78,Used to craft various Poogie\nDecorations. Bring it to the\nSmithy!
2915,3,4,99,15,0,0,0,500,0,0,0,0,0x008C9EA5,Snowflake Herb,0x00901EBA,A plant with white flowers\nthat bloom like snowflakes\npiled upon green leaves.
2916,3,4,99,15,6,0,0,100,0,0,0,0,0x008C9EB4,Sleet Herb,0x00901F09,"A plant named for the way\nits nectar drops from its\nflowers, resembling sleet."
2917,3,4,99,12,0,0,0,100,0,0,0,0,0x008C9EBF,Popo Lily,0x00901F58,"A plant named for its large\nwhite flowers, reminiscent\nof a Popo's tusks."
2918,3,4,99,18,7,0,0,50,0,0,0,0,0x008C9EC9,Slipperwort,0x00901FA2,The leaves that surround the\nfruits of this plant look\njust like a woman's purse.
2919,3,4,99,15,2,0,0,50,0,0,0,0,0x008C9ED5,Flipped Herb,0x00901FF4,"A plant with leaves that\nappear reversed, almost as\nif turned inside out."
2920,3,4,99,27,7,0,0,500,0,0,0,0,0x008C9EE2,Parnet,0x0090203E,"A crystal clear, orange\nmineral. Extremely rare,\nand therefore valuable."
2921,3,4,99,27,2,0,0,100,0,0,0,0,0x008C9EE9,Green Moldstone,0x00902087,"At first glance, this weird\nmineral seems to be covered\nwith green mold."
2922,3,4,99,27,3,0,0,100,0,0,0,0,0x008C9EF9,Blue Moldstone,0x009020D0,"At first glance, this weird\nmineral seems to be covered\nwith blue mold."
2923,3,4,99,27,1,0,0,50,0,0,0,0,0x008C9F08,Red Moldstone,0x00902118,"At first glance, this weird\nmineral seems to be covered\nwith red mold."
2924,3,4,99,27,0,0,0,50,0,0,0,0,0x008C9F16,Snowball Jewel,0x0090215F,A lump of white crystal with\na radial pattern. Looks just\nlike a snowball.
2925,3,4,99,20,6,0,0,500,0,0,0,0,0x008C9F25,Icebug,0x009021AA,"An insect that can live in\nthe coldest places, but\ncan't handle water at all."
2926,3,4,99,20,0,0,0,100,0,0,0,0,0x008C9F2C,Giaprey Monarch,0x009021F8,A butterfly named for the\nGiaprey-like pattern on\nits wings.
2927,3,4,99,20,0,0,0,100,0,0,0,0,0x008C9F3C,White Centipede,0x00902235,A white centipede with legs\nand feelers that are longer\nthan its body. Pretty swift.
2928,3,4,99,20,10,0,0,50,0,0,0,0,0x008C9F4C,Snow Spider,0x0090228A,"A large spider known for\nits soft hair, reminiscent\nof fresh snow."
2929,3,4,99,20,7,0,0,50,0,0,0,0,0x008C9F58,Slumberbug,0x009022CD,An insect that lives under-\nground and survives only a\nfew days above it.
2930,3,4,99,33,10,0,0,500,0,0,0,0,0x008C9F63,Ragged Pouch,0x00902317,A pouch that looks like it's\nbeen chewed up by a monster.\nMade of a good material.
2931,3,4,99,33,10,0,0,100,0,0,0,0,0x008C9F70,Withered Bouquet,0x0090236A,"This bunch of flowers has\nseen much better days, but\nis full of rare specimens."
2932,3,4,99,33,10,0,0,50,0,0,0,0,0x008C9F81,Cracked Pot,0x009023BA,"Many attempts have been\nmade to fix this pot, but\nit remains cracked..."
2933,3,4,99,18,7,0,0,500,0,0,0,0,0x008C9F8D,Pepperberry,0x00902402,The go-to ingredient for\nspice lovers. Not for the\nfaint of heart.
2934,3,4,99,15,1,0,0,100,0,0,0,0,0x008C9F99,Hellfiery Herb,0x00902445,"A plant named for its large,\nflame-shaped leaves. Despite\nthis, it's not hot at all."
2935,3,4,99,15,10,0,0,100,0,0,0,0,0x008C9FA8,Coalgrass,0x0090249A,"A herb that looks like\nburnt-out coal, but actually\ncontains a lot of water."
2936,3,4,99,15,1,0,0,50,0,0,0,0,0x008C9FB2,Fiery Herb,0x009024E7,"A plant named for its flame\n-shaped leaves. In spite of\nthis, it's not hot at all."
2937,3,4,99,18,7,0,0,50,0,0,0,0,0x008C9FBD,Toasty Bean,0x0090253A,"A strange bean that feels\nas if it had been cooked,\neven when raw."
2938,3,4,99,27,1,0,0,500,0,0,0,0,0x008C9FC9,Truby,0x0090257D,A crystal clear red mineral.\nExtremely rare and therefore\nvaluable.
2939,3,4,99,27,1,0,0,100,0,0,0,0,0x008C9FCF,RedBurdockStone,0x009025C1,A red stone with trace\namounts of metal. Shaped\nlike a cut burdock root.
2940,3,4,99,27,10,0,0,100,0,0,0,0,0x008C9FDF,Combustone,0x0090260A,"A rock that combusts when\ncrushed. Dangerous, and\ntherefore hard to come by."
2941,3,4,99,27,10,0,0,50,0,0,0,0,0x008C9FEA,BlkBurdockStone,0x00902657,A black stone with trace\namounts of metal. Shaped\nlike a cut burdock root.
2942,3,4,99,27,3,0,0,50,0,0,0,0,0x008C9FFA,BluBurdockStone,0x009026A2,A blue stone with trace\namounts of metal. Shaped\nlike a cut burdock root.
2943,3,4,99,20,7,0,0,500,0,0,0,0,0x008CA00A,Swelterbug,0x009026EC,"An insect named after its\nability to withstand extreme\nheat, such as that of lava."
2944,3,4,99,20,1,0,0,100,0,0,0,0,0x008CA015,Ioprey Monarch,0x0090273F,A butterfly named for the\nIoprey-like pattern on\nits wings.
2945,3,4,99,20,10,0,0,50,0,0,0,0,0x008CA024,Basaltbug,0x0090277B,An insect named for its\nlava rock-like body.
2946,3,4,99,20,3,0,0,50,0,0,0,0,0x008CA02E,Blue Butterfly,0x009027A8,A butterfly named after the\nblue eye-like pattern found\non its wings.
2947,3,4,99,33,10,0,0,500,0,0,0,0,0x008CA03D,Sm. Sword Handle,0x009027EE,"This sword handle looks far\ntoo small for a human, and\nappears to be well-used."
2948,3,4,99,33,10,0,0,100,0,0,0,0,0x008CA04E,Burnt Felvine,0x0090283E,"Though charred, this plant\nhas somehow retained its\noriginal shape."
2949,3,4,99,33,10,0,0,50,0,0,0,0,0x008CA05C,Unfinished Barrel,0x00902882,"An unfinished, palm-sized\nbarrel. Strands of fur can\nbe seen between its gaps."
2950,3,4,99,33,10,0,0,10000,0,0,0,0,0x008CA06E,Stone Crown,0x009028D1,A piece of stone tablet with\nan image on it that's been\ncut off at the bottom.
2951,3,4,99,33,10,0,0,10000,0,0,0,0,0x008CA07A,Stone Panel,0x00902920,A piece of stone tablet with\nan image on it that's cut\noff at the top and bottom.
2952,3,4,99,33,10,0,0,10000,0,0,0,0,0x008CA086,Stone Base,0x00902972,A piece of stone tablet with\nan image on it that's been\ncut off at the top.
2953,3,4,99,33,10,0,0,60000,0,0,0,0,0x008CA091,Stone Plate,0x009029BE,"A reassembled stone tablet.\nVery rare, and therefore\nhighly valuable.\n"
2954,4,5,99,9,0,0,0,3000,0,0,0,0,0x008CA09D,Draguros Cpc,0x00902A05,A sturdy Draguros shell.\nCharacterized by its snow\nwhite hue.
2955,4,5,99,23,0,0,0,5000,0,0,0,0,0x008CA0AA,Draguros Scale+,0x00902A43,A fine Draguros shell. Used\nas a crafting material for\nheat-retentive armor.
2956,4,5,99,9,0,0,0,6000,0,0,0,0,0x008CA0BA,Draguros Tail+,0x00902A90,"A Draguros tail. Extremely\ndurable, albeit smaller than\nthose of other wyverns."
2957,4,5,99,31,0,0,0,8000,0,0,0,0,0x008CA0C9,Draguros Claw+,0x00902AE0,One of the two weapons used\nby the Draguros. No prey can\nescape its grasp.
2958,4,5,99,31,0,0,0,6000,0,0,0,0,0x008CA0D8,Draguros Horn+,0x00902B2B,A horn thought to control\nthe Draguros's dark thunder.\nNot used as a weapon.
2959,4,5,99,9,7,0,0,6000,0,0,0,0,0x008CA0E7,Draguros Wing+,0x00902B78,"When left unattended, these\nwings accumulate charge and\nemit static electricity."
2960,4,5,99,9,7,0,0,40000,0,0,0,0,0x008CA0F6,Draguros Marrow,0x00902BC9,A rare bone marrow that\nenables the Draguros's\nsupple movements.
2961,4,5,99,9,7,0,0,36000,0,0,0,0,0x008CA106,Draguros Mane,0x00902C0A,"A rare, fragile Draguros\nmane. Requires skillful\nhandling."
2962,4,5,99,1,10,0,0,60000,0,0,0,0,0x008CA114,Draguros Leadgem,0x00902C45,A crystal thought to form\nduring energy compression\ninside the body.
2963,4,5,99,37,5,0,100000,10000,6,0,0,0,0x008CA125,Draguros Cert.,0x00902C8A,A certificate given only to\nthose who've triumphed over\nthe most arduous of hunts.
2964,4,5,99,37,10,0,0,0,0,0,0,0,0x008CA134,S.Impact Ticket,0x00902CDD,Instructions on forging the\nStiff Impact. Bring them to\nthe Smithy!
2965,4,5,99,37,2,0,0,0,0,0,0,0,0x008CA144,G.Impact Ticket,0x00902D21,Instructions on forging the\nGrave Impact. Bring them to\nthe Smithy!
2966,4,5,99,37,5,0,0,0,0,0,0,0,0x008CA154,M.Slasher Tkt,0x00902D65,Instructions on forging the\nMammoth Slasher. Bring them\nto the Smithy!
2967,4,5,99,37,10,0,0,0,0,0,0,0,0x008CA162,F.Slasher Tkt,0x00902DAC,Instructions on forging the\nFurious Slasher. Bring them\nto the Smithy!
2968,4,5,99,37,1,0,0,0,0,0,0,0,0x008CA170,F.Bayonet Tkt,0x00902DF3,Instructions on forging the\nFlame Bayonet. Bring them to\nthe Smithy!
2969,4,5,99,37,3,0,0,0,0,0,0,0,0x008CA17E,A.Bayonet Tkt,0x00902E38,Instructions on forging the\nAqua Bayonet. Bring them to\nthe Smithy!
2970,4,5,99,37,4,0,0,0,0,0,0,0,0x008CA18C,Spark Mace Tkt,0x00902E7C,Instructions on forging the\nSpark Mace. Bring them to\nthe Smithy!
2971,4,5,99,37,5,0,0,0,0,0,0,0,0x008CA19B,Drake Mace Tkt,0x00902EBE,Instructions on forging the\nDrake Mace. Bring them to\nthe Smithy!
2972,4,5,99,37,4,0,0,0,0,0,0,0,0x008CA1AA,G.Cat Sword Tkt,0x00902F00,Instructions on forging the\nNumbing Gold Cat. Bring them\nto the Smithy!
2973,4,5,99,37,2,0,0,0,0,0,0,0,0x008CA1BA,S.Cat Sword Tkt,0x00902F48,Instructions on forging the\nToxic Silver Cat. Bring them\nto the Smithy!
2974,4,5,99,37,10,0,0,0,0,0,0,0,0x008CA1CA,WyvernBoltTkt,0x00902F90,Instructions on forging the\nWyvern Bolt. Bring them to\nthe Smithy!
2975,4,5,99,37,1,0,0,0,0,0,0,0,0x008CA1D8,Crimson Fang Tkt,0x00902FD3,Instructions on forging the\nCrimson Fang. Bring them to\nthe Smithy!
2976,4,5,99,37,3,0,0,0,0,0,0,0,0x008CA1E9,Torment Fang Tkt,0x00903017,Instructions on forging the\nTorment Fang. Bring them to\nthe Smithy!
2977,4,5,99,37,4,0,0,0,0,0,0,0,0x008CA1FA,Heatstock Tkt,0x0090305B,Instructions on forging the\nHeatstock. Bring them to the\nSmithy!
2978,4,5,99,37,4,0,0,0,0,0,0,0,0x008CA208,Blazestock Tkt,0x0090309C,Instructions on forging the\nBlazestock. Bring them to\nthe Smithy!
2979,4,5,99,37,4,0,0,0,0,0,0,0,0x008CA217,Flarestock Tkt,0x009030DE,Instructions on forging the\nFlamestock. Bring them to\nthe Smithy!
2980,4,5,99,37,2,0,0,0,0,0,0,0,0x008CA226,Ripplestock Tkt,0x00903120,Instructions on forging the\nRipplestock. Bring them to\nthe Smithy!
2981,4,5,99,37,2,0,0,0,0,0,0,0,0x008CA236,Swervestock Tkt,0x00903163,Instructions on forging the\nSwervestock. Bring them to\nthe Smithy!
2982,4,5,99,37,2,0,0,0,0,0,0,0,0x008CA246,Roguestock Tkt,0x009031A6,Instructions on forging the\nRoguestock. Bring them to\nthe Smithy!
2983,4,5,99,37,4,0,0,0,0,0,0,0,0x008CA255,G.Cat Mk1 Tkt,0x009031E8,Instructions on forging the\nGold Cat Cannon Mk.1. Bring\nthem to the Smithy!
2984,4,5,99,37,4,0,0,0,0,0,0,0,0x008CA263,G.Cat Mk2 Tkt,0x00903234,Instructions on forging the\nGold Cat Cannon Mk.2. Bring\nthem to the Smithy!
2985,4,5,99,37,4,0,0,0,0,0,0,0,0x008CA271,G.Cat Mk3 Tkt,0x00903280,Instructions on forging the\nGold Cat Cannon Mk.3. Bring\nthem to the Smithy!
2986,4,5,99,37,10,0,0,0,0,0,0,0,0x008CA27F,S.Cat Mk1 Tkt,0x009032CC,Instructions on forging\nthe Silver Cat Cannon Mk.1.\nBring them to the Smithy!
2987,4,5,99,37,10,0,0,0,0,0,0,0,0x008CA28D,S.Cat Mk2 Tkt,0x0090331A,Instructions on forging\nthe Silver Cat Cannon Mk.2.\nBring them to the Smithy!
2988,4,5,99,37,10,0,0,0,0,0,0,0,0x008CA29B,S.Cat Mk3 Tkt,0x00903368,Instructions on forging\nthe Silver Cat Cannon Mk.3.\nBring them to the Smithy!
2989,4,5,99,37,2,0,0,0,0,0,0,0,0x008CA2A9,Espi Mask Tkt,0x009033B6,Instructions on forging the\nEspinas Mask. Bring them to\nthe Smithy!
2990,4,5,99,37,7,0,0,0,0,0,0,0,0x008CA2B7,F.Espi Mask Tkt,0x009033FA,Instructions on forging the\nFlaming Espinas Mask. Bring\nthem to the Smithy!
2991,4,5,99,37,0,0,0,0,0,0,0,0,0x008CA2C7,P.Espi Mask Tkt,0x00903446,Instructions on forging\nthe Pearl Espinas Mask.\nBring them to the Smithy!
2992,4,5,99,37,2,0,0,0,0,0,0,0,0x008CA2D7,Rage Ticket H,0x00903490,Instructions on forging the\nRage armor. Bring them to\nthe Smithy!
2993,4,5,99,37,2,0,0,0,0,0,0,0,0x008CA2E5,Rage Ticket C,0x009034D2,Instructions on forging the\nRage armor. Bring them to\nthe Smithy!
2994,4,5,99,37,2,0,0,0,0,0,0,0,0x008CA2F3,Rage Ticket A,0x00903514,Instructions on forging the\nRage armor. Bring them to\nthe Smithy!
2995,4,5,99,37,2,0,0,0,0,0,0,0,0x008CA301,Rage Ticket W,0x00903556,Instructions on forging the\nRage armor. Bring them to\nthe Smithy!
2996,4,5,99,37,2,0,0,0,0,0,0,0,0x008CA30F,Rage Ticket L,0x00903598,Instructions on forging the\nRage armor. Bring them to\nthe Smithy!
2997,4,5,99,37,7,0,0,0,0,0,0,0,0x008CA31D,Rampage Tkt H,0x009035DA,Instructions on forging the\nRampage armor. Bring them to\nthe Smithy!
2998,4,5,99,37,7,0,0,0,0,0,0,0,0x008CA32B,Rampage Tkt C,0x0090361F,Instructions on forging the\nRampage armor. Bring them to\nthe Smithy!
2999,4,5,99,37,7,0,0,0,0,0,0,0,0x008CA339,Rampage Tkt A,0x00903664,Instructions on forging the\nRampage armor. Bring them to\nthe Smithy!
3000,4,5,99,37,7,0,0,0,0,0,0,0,0x008CA347,Rampage Tkt W,0x009036A9,Instructions on forging the\nRampage armor. Bring them to\nthe Smithy!
3001,4,5,99,37,7,0,0,0,0,0,0,0,0x008CA355,Rampage Tkt L,0x009036EE,Instructions on forging the\nRampage armor. Bring them to\nthe Smithy!
3002,4,5,99,37,0,0,0,0,0,0,0,0,0x008CA363,Blaze Ticket H,0x00903733,Instructions on forging the\nBlaze armor. Bring them to\nthe Smithy!
3003,4,5,99,37,0,0,0,0,0,0,0,0,0x008CA372,Blaze Ticket C,0x00903776,Instructions on forging the\nBlaze armor. Bring them to\nthe Smithy!
3004,4,5,99,37,0,0,0,0,0,0,0,0,0x008CA381,Blaze Ticket A,0x009037B9,Instructions on forging the\nBlaze armor. Bring them to\nthe Smithy!
3005,4,5,99,37,0,0,0,0,0,0,0,0,0x008CA390,Blaze Ticket W,0x009037FC,Instructions on forging the\nBlaze armor. Bring them to\nthe Smithy!
3006,4,5,99,37,0,0,0,0,0,0,0,0,0x008CA39F,Blaze Ticket L,0x0090383F,Instructions on forging the\nBlaze armor. Bring them to\nthe Smithy!
3007,4,5,99,37,7,0,0,0,0,0,0,0,0x008CA3AE,Fallon Ticket H,0x00903882,Instructions on forging the\nFallon armor. Bring them to\nthe Smithy!
3008,4,5,99,37,7,0,0,0,0,0,0,0,0x008CA3BE,Fallon Ticket C,0x009038C6,Instructions on forging the\nFallon armor. Bring them to\nthe Smithy!
3009,4,5,99,37,7,0,0,0,0,0,0,0,0x008CA3CE,Fallon Ticket A,0x0090390A,Instructions on forging the\nFallon armor. Bring them to\nthe Smithy!
3010,4,5,99,37,7,0,0,0,0,0,0,0,0x008CA3DE,Fallon Ticket W,0x0090394E,Instructions on forging the\nFallon armor. Bring them to\nthe Smithy!
3011,4,5,99,37,7,0,0,0,0,0,0,0,0x008CA3EE,Fallon Ticket L,0x00903992,Instructions on forging the\nFallon armor. Bring them to\nthe Smithy!
3012,4,5,99,37,4,0,0,0,0,0,0,0,0x008CA3FE,Gold Cat Tkt H,0x009039D6,Instructions on forging the\nGold Cat armor. Bring them\nto the Smithy!
3013,4,5,99,37,4,0,0,0,0,0,0,0,0x008CA40D,Gold Cat Tkt C,0x00903A1C,Instructions on forging the\nGold Cat armor. Bring them\nto the Smithy!
3014,4,5,99,37,4,0,0,0,0,0,0,0,0x008CA41C,Gold Cat Tkt A,0x00903A62,Instructions on forging the\nGold Cat armor. Bring them\nto the Smithy!
3015,4,5,99,37,4,0,0,0,0,0,0,0,0x008CA42B,Gold Cat Tkt W,0x00903AA8,Instructions on forging the\nGold Cat armor. Bring them\nto the Smithy!
3016,4,5,99,37,4,0,0,0,0,0,0,0,0x008CA43A,Gold Cat Tkt L,0x00903AEE,Instructions on forging the\nGold Cat armor. Bring them\nto the Smithy!
3017,4,5,99,37,10,0,0,0,0,0,0,0,0x008CA449,Slvr Cat Tkt H,0x00903B34,Instructions on forging the\nSilver Cat armor. Bring them\nto the Smithy!
3018,4,5,99,37,10,0,0,0,0,0,0,0,0x008CA458,Slvr Cat Tkt C,0x00903B7C,Instructions on forging the\nSilver Cat armor. Bring them\nto the Smithy!
3019,4,5,99,37,10,0,0,0,0,0,0,0,0x008CA467,Slvr Cat Tkt A,0x00903BC4,Instructions on forging the\nSilver Cat armor. Bring them\nto the Smithy!
3020,4,5,99,37,10,0,0,0,0,0,0,0,0x008CA476,Slvr Cat Tkt W,0x00903C0C,Instructions on forging the\nSilver Cat armor. Bring them\nto the Smithy!
3021,4,5,99,37,10,0,0,0,0,0,0,0,0x008CA485,Slvr Cat Tkt L,0x00903C54,Instructions on forging the\nSilver Cat armor. Bring them\nto the Smithy!
3022,4,5,99,27,3,0,0,0,0,0,0,0,0x008CA494,Blue Caldite,0x00903C9C,An ore said to contain the\npower of flame. Its color\nchanges with viewing angle.
3023,4,5,99,27,10,0,0,0,0,0,0,0,0x008CA4A1,Gray Caldite,0x00903CED,An ore said to contain the\npower of flame. Its color\nchanges with viewing angle.
3024,4,5,99,27,2,0,0,0,0,0,0,0,0x008CA4AE,Green Caldite,0x00903D3E,An ore said to contain the\npower of flame. Its color\nchanges with viewing angle.
3025,4,5,99,27,7,0,0,0,0,0,0,0,0x008CA4BC,Orange Caldite,0x00903D8F,An ore said to contain the\npower of flame. Its color\nchanges with viewing angle.
3026,4,5,99,37,10,0,0,0,0,0,0,0,0x008CA4CB,Blk P.Lance Tkt,0x000FEC07,充実した狩猟生活をおくる\nハンターの証。工房で特別な\n品と引き換え可能。
3027,4,5,99,37,0,0,0,0,0,0,0,0,0x008CA4DB,Wht P.Lance Tkt,0x000FEC07,充実した狩猟生活をおくる\nハンターの証。工房で特別な\n品と引き換え可能。
3028,4,5,99,37,3,0,0,0,0,0,0,0,0x008CA4EB,BP7 Ticket 1,0x00903DE0,"A ticket made of special,\nrare paper. Can be exchanged\nfor a special item."
3029,4,5,99,37,3,0,0,0,0,0,0,0,0x008CA4F8,BP7 Ticket 2,0x00903E2B,"A ticket made of special,\nrare paper. Can be exchanged\nfor a special item."
3030,4,5,99,37,3,0,0,0,0,0,0,0,0x008CA505,BP7 Ticket 3,0x00903E76,"A ticket made of special,\nrare paper. Can be exchanged\nfor a special item."
3031,4,5,99,37,3,0,0,0,0,0,0,0,0x008CA512,BP7 Ticket 4,0x00903EC1,"A ticket made of special,\nrare paper. Can be exchanged\nfor a special item."
3032,4,5,99,37,3,0,0,0,0,0,0,0,0x008CA51F,BP7 Ticket 5,0x00903F0C,"A ticket made of special,\nrare paper. Can be exchanged\nfor a special item."
3033,4,5,99,37,3,0,0,0,0,0,0,0,0x008CA52C,BP7 Ticket 6,0x00903F57,"A ticket made of special,\nrare paper. Can be exchanged\nfor a special item."
3034,4,5,99,37,3,0,0,0,0,0,0,0,0x008CA539,BP7 Ticket 7,0x00903FA2,"A ticket made of special,\nrare paper. Can be exchanged\nfor a special item."
3035,4,5,99,37,3,0,0,0,0,0,0,0,0x008CA546,BP7 Ticket 8,0x00903FED,"A ticket made of special,\nrare paper. Can be exchanged\nfor a special item."
3036,4,5,99,37,7,0,0,0,0,0,0,0,0x008CA553,TP3 Ticket 1,0x00904038,A ticket made of strange\npaper. Can be exchanged\nfor a special item.
3037,4,5,99,37,7,0,0,0,0,0,0,0,0x008CA560,TP3 Ticket 2,0x0090407D,A ticket made of strange\npaper. Can be exchanged\nfor a special item.
3038,4,5,99,37,7,0,0,0,0,0,0,0,0x008CA56D,TP3 Ticket 3,0x009040C2,A ticket made of strange\npaper. Can be exchanged\nfor a special item.
3039,4,5,99,37,7,0,0,0,0,0,0,0,0x008CA57A,TP3 Ticket 4,0x00904107,A ticket made of strange\npaper. Can be exchanged\nfor a special item.
3040,4,5,99,37,7,0,0,0,0,0,0,0,0x008CA587,TP3 Ticket 5,0x0090414C,A ticket made of strange\npaper. Can be exchanged\nfor a special item.
3041,4,5,99,37,3,0,0,0,0,0,0,0,0x008CA594,Gratitude Tkt III,0x00904191,A token of gratitude given\nto hunters who have long\nventured into the unknown.
3042,4,5,99,37,5,0,0,0,0,0,0,0,0x008CA5A6,Pioneer Ticket,0x000FEC86,初めて、新天地に訪れた狩人\nたちへの記念の証。
3043,4,5,10,34,0,0,0,0,0,0,0,0,0x008CA5B5,Primo Coin,0x000FECB4,ギルドが記念品として発行\nしたコイン。光に当てなく\nても白く輝いている。
3044,4,5,10,27,10,0,0,0,0,0,0,0,0x008CA5C0,Ebony Dragonite,0x000FECFB,どこからも採掘した記録がな\nい漆黒の金属。龍の属性を\n帯びている。
3045,4,5,10,27,0,0,0,0,0,0,0,0,0x008CA5D0,Ivory Dragonite,0x000FED3C,どこからも採掘した記録がな\nい純白の金属。龍の属性を\n帯びている。
3046,4,5,10,33,10,0,0,0,0,0,0,0,0x008CA5E0,Carbide Board,0x000FED7D,最新の製錬技術を用いて\n究極の硬さを得た金属板。\n加工の苦労は想像を超える。
3047,4,5,10,33,4,0,0,0,0,0,0,0,0x008CA5EE,Carbide Chain,0x000FEDC8,最新の製錬技術を用いて\n究極の硬さを得た鎖。\n加工の苦労は想像を超える。
3048,4,5,10,33,0,0,0,0,0,0,0,0,0x008CA5FC,Carbide Bolt,0x000FEE0F,最新の製錬技術を用いて\n究極の硬さを得たボルト。\n加工の苦労は想像を超える。
3049,4,5,10,9,0,0,0,0,0,0,0,0,0x008CA609,Squishy Thing,0x000FEE5A,感触があまりにも良いため\n我を忘れて触り続けてしまう\nぷにぷにした何か。
3050,4,5,99,37,1,0,0,0,0,0,0,0,0x008CA617,Warm Saber Tkt,0x009041E0,Instructions on forging the\nWarm Saber. Bring them to\nthe Smithy!
3051,4,5,99,37,2,0,0,0,0,0,0,0,0x008CA626,Shine Saber Tkt,0x00904222,Instructions on forging the\nShine Saber. Bring them to\nthe Smithy!
3052,4,5,99,37,10,0,0,0,0,0,0,0,0x008CA636,Desire Saber Tkt,0x00904265,Instructions on forging the\nDesire Saber. Bring them to\nthe Smithy!
3053,4,5,99,36,1,0,0,0,0,0,0,0,0x008CA647,Secret Tome,0x000FEF5E,宗家の達人が開発した銃槍\nの製法が記された秘伝書。\n工房に持って行こう！
3054,4,5,10,33,4,0,0,0,0,0,0,0,0x008CA653,Charged Gear,0x009042A9,A metal gear imbued with the\npower of lightning. A vital\npart of a certain invention.
3055,4,5,99,37,4,0,0,0,0,0,0,0,0x008CA660,EBX C Ticket,0x009042FF,Instructions on forging the\nCore EBX. Bring them to the\nSmithy!
3056,4,5,99,37,4,0,0,0,0,0,0,0,0x008CA66D,EBX P Ticket,0x0090433F,Instructions on forging the\nPro EBX. Bring them to the\nSmithy!
3057,4,5,99,37,4,0,0,0,0,0,0,0,0x008CA67A,EBX E Ticket,0x0090437E,Instructions on forging the\nElite EBX. Bring them to the\nSmithy!
3058,4,5,10,1,1,0,0,0,0,0,0,0,0x008CA687,Lrg Flare Jewel,0x000FF0BB,特殊な鉱石から生産された\n防具を強化できる素材。種類\nによって多彩な変化を見せる。
3059,4,5,10,1,0,0,0,0,0,0,0,0,0x008CA697,Lrg Blast Jewel,0x000FF0BB,特殊な鉱石から生産された\n防具を強化できる素材。種類\nによって多彩な変化を見せる。
3060,4,5,10,1,10,0,0,0,0,0,0,0,0x008CA6A7,Lrg Pierce Jewel,0x000FF0BB,特殊な鉱石から生産された\n防具を強化できる素材。種類\nによって多彩な変化を見せる。
3061,4,5,10,34,1,0,0,0,0,0,0,0,0x008CA6B8,Instructor Coin,0x000FF10C,ハンターズギルドが発行する\n金属製のコイン。教官への愛\nのせいかどっしりと重い。
3062,4,5,10,9,3,0,0,0,0,0,0,0,0x008CA6C8,Hypno Bluepelt,0x000FF15B,野生の繁殖期の力が\n凝縮された蒼色の毛。\nほんのりと良い匂いがする。
3063,4,5,99,37,2,0,0,0,0,0,0,0,0x008CA6D7,Sphere Ticket H,0x009043BF,Instructions on forging the\nSphere armor. Bring them to\nthe Smithy!
3064,4,5,99,37,2,0,0,0,0,0,0,0,0x008CA6E7,Sphere Ticket C,0x00904403,Instructions on forging the\nSphere armor. Bring them to\nthe Smithy!
3065,4,5,99,37,2,0,0,0,0,0,0,0,0x008CA6F7,Sphere Ticket A,0x00904447,Instructions on forging the\nSphere armor. Bring them to\nthe Smithy!
3066,4,5,99,37,2,0,0,0,0,0,0,0,0x008CA707,Sphere Ticket W,0x0090448B,Instructions on forging the\nSphere armor. Bring them to\nthe Smithy!
3067,4,5,99,37,2,0,0,0,0,0,0,0,0x008CA717,Sphere Ticket L,0x009044CF,Instructions on forging the\nSphere armor. Bring them to\nthe Smithy!
3068,4,5,1,6,0,0,0,0,0,0,0,0,0x008CA727,White Tools,0x000FF1DD,一部の職人の間で需要が高い\n奇想天外な道具セット。\n何が入っているかわからない。
3069,4,5,1,6,4,0,0,0,0,0,0,0,0x008CA733,Yellow Tools,0x000FF1DD,一部の職人の間で需要が高い\n奇想天外な道具セット。\n何が入っているかわからない。
3070,4,5,5,25,7,0,0,0,0,0,0,0,0x008CA740,Mysterious Egg,0x00904513,A mysterious egg that varies\nin size. Said to be traded\nin certain circles.
3071,4,5,99,33,3,0,0,0,0,0,0,0,0x008CA74F,Azure Light (E),0x000FF27D,鈴の音が聞こえる不思議な塊。\n何やら光の流れを感じる。\n工房に持って行こう！
3072,4,5,99,33,4,0,0,0,0,0,0,0,0x008CA75F,Golden Light (E),0x000FF27D,鈴の音が聞こえる不思議な塊。\n何やら光の流れを感じる。\n工房に持って行こう！
3073,4,5,99,33,3,0,0,0,0,0,0,0,0x008CA770,Azure Light (W),0x000FF27D,鈴の音が聞こえる不思議な塊。\n何やら光の流れを感じる。\n工房に持って行こう！
3074,4,5,99,33,4,0,0,0,0,0,0,0,0x008CA780,Golden Light (W),0x000FF27D,鈴の音が聞こえる不思議な塊。\n何やら光の流れを感じる。\n工房に持って行こう！
3075,4,5,99,35,4,0,0,0,0,0,0,0,0x008CA791,N Cuff Base,0x0090455F,Used to craft various Poogie\nDecorations. Bring it to the\nSmithy!
3076,4,5,99,35,10,0,0,0,0,0,0,0,0x008CA79D,Jet Black Base,0x009045A1,Used to craft various Poogie\nDecorations. Bring it to the\nSmithy!
3077,4,5,99,35,5,0,0,0,0,0,0,0,0x008CA7AC,Mauve Base,0x009045E3,Used to craft various Poogie\nDecorations. Bring it to the\nSmithy!
3078,4,5,99,35,2,0,0,0,0,0,0,0,0x008CA7B7,Seedling Base,0x00904625,Used to craft various Poogie\nDecorations. Bring it to the\nSmithy!
3079,4,5,99,35,0,0,0,0,0,0,0,0,0x008CA7C5,Pearl Base,0x00904667,Used to craft various Poogie\nDecorations. Bring it to the\nSmithy!
3080,4,5,99,35,8,0,0,0,0,0,0,0,0x008CA7D0,Peach Base,0x009046A9,Used to craft various Poogie\nDecorations. Bring it to the\nSmithy!
3081,4,5,99,35,7,0,0,0,0,0,0,0,0x008CA7DB,Golden Base,0x009046EB,Used to craft various Poogie\nDecorations. Bring it to the\nSmithy!
3082,4,5,99,35,3,0,0,0,0,0,0,0,0x008CA7E7,Deep Blue Base,0x0090472D,Used to craft various Poogie\nDecorations. Bring it to the\nSmithy!
3083,4,5,99,35,1,0,0,0,0,0,0,0,0x008CA7F6,Madder Base,0x0090476F,Used to craft various Poogie\nDecorations. Bring it to the\nSmithy!
3084,4,5,99,43,4,0,0,0,7,688,2,0,0x008CA802,Loading PA1,0x009047B1,A Haven Poogie Decoration.\nIncompatible with certain\noutfits.
3085,4,5,99,43,4,0,0,0,7,689,2,0,0x008CA80E,Guard PA1,0x009047EF,A Haven Poogie Decoration.\nIncompatible with certain\noutfits.
3086,4,5,99,43,4,0,0,0,7,690,2,0,0x008CA818,FastCharge PA1,0x0090482D,A Haven Poogie Decoration.\nIncompatible with certain\noutfits.
3087,4,5,99,43,4,0,0,0,7,691,2,0,0x008CA827,Wind Res PA2,0x0090486B,A Haven Poogie Decoration.\nIncompatible with certain\noutfits.
3088,4,5,99,43,4,0,0,0,7,692,2,0,0x008CA834,Potential PA1,0x009048A9,A Haven Poogie Decoration.\nIncompatible with certain\noutfits.
3089,4,5,99,43,4,0,0,0,7,693,2,0,0x008CA842,Bomb SC+ PA1,0x009048E7,A Haven Poogie Decoration.\nIncompatible with certain\noutfits.
3090,4,5,99,43,4,0,0,0,7,694,2,0,0x008CA84F,Bomb SC+ PA2,0x00904925,A Haven Poogie Decoration.\nIncompatible with certain\noutfits.
3091,4,5,99,43,4,0,0,0,7,695,2,0,0x008CA85C,Ice SC+ PA1,0x00904963,A Haven Poogie Decoration.\nIncompatible with certain\noutfits.
3092,4,5,99,43,4,0,0,0,7,696,2,0,0x008CA868,Ice SC+ PA2,0x009049A1,A Haven Poogie Decoration.\nIncompatible with certain\noutfits.
3093,4,5,99,43,4,0,0,0,7,697,2,0,0x008CA874,Pierce Up PB1,0x009049DF,A Haven Poogie Decoration.\nIncompatible with certain\noutfits.
3094,4,5,99,43,4,0,0,0,7,698,2,0,0x008CA882,Pierce Up PB2,0x00904A1D,A Haven Poogie Decoration.\nIncompatible with certain\noutfits.
3095,4,5,99,43,4,0,0,0,7,699,2,0,0x008CA890,Pellet Up PB1,0x00904A5B,A Haven Poogie Decoration.\nIncompatible with certain\noutfits.
3096,4,5,99,43,4,0,0,0,7,700,2,0,0x008CA89E,Pellet Up PB2,0x00904A99,A Haven Poogie Decoration.\nIncompatible with certain\noutfits.
3097,4,5,99,43,4,0,0,0,7,701,2,0,0x008CA8AC,Status PB1,0x00904AD7,A Haven Poogie Decoration.\nIncompatible with certain\noutfits.
3098,4,5,99,43,4,0,0,0,7,702,2,0,0x008CA8B7,Status PB2,0x00904B15,A Haven Poogie Decoration.\nIncompatible with certain\noutfits.
3099,4,5,99,43,4,0,0,0,7,703,2,0,0x008CA8C2,Stamina PB2,0x00904B53,A Haven Poogie Decoration.\nIncompatible with certain\noutfits.
3100,4,5,99,43,4,0,0,0,7,704,2,0,0x008CA8CE,Stamina PB3,0x00904B91,A Haven Poogie Decoration.\nIncompatible with certain\noutfits.
3101,4,5,99,43,4,0,0,0,7,705,2,0,0x008CA8DA,PoisonSC+ PB1,0x00904BCF,A Haven Poogie Decoration.\nIncompatible with certain\noutfits.
3102,4,5,99,43,4,0,0,0,7,706,2,0,0x008CA8E8,LastingPwr PB1,0x00904C0D,A Haven Poogie Decoration.\nIncompatible with certain\noutfits.
3103,4,5,99,43,4,0,0,0,7,707,2,0,0x008CA8F7,LastingPwr PB2,0x00904C4B,A Haven Poogie Decoration.\nIncompatible with certain\noutfits.
3104,4,5,99,43,4,0,0,0,7,708,2,0,0x008CA906,Acrobat PB1,0x00904C89,A Haven Poogie Decoration.\nIncompatible with certain\noutfits.
3105,4,5,99,43,4,0,0,0,7,709,2,0,0x008CA912,Acrobat PB2,0x00904CC7,A Haven Poogie Decoration.\nIncompatible with certain\noutfits.
3106,4,5,99,43,4,0,0,0,7,710,2,0,0x008CA91E,Bomb SC+ PB1,0x00904D05,A Haven Poogie Decoration.\nIncompatible with certain\noutfits.
3107,4,5,99,43,4,0,0,0,7,711,2,0,0x008CA92B,Bomb SC+ PB2,0x00904D43,A Haven Poogie Decoration.\nIncompatible with certain\noutfits.
3108,4,5,99,43,4,0,0,0,7,712,2,0,0x008CA938,Drgn SC+ PB1,0x00904D81,A Haven Poogie Decoration.\nIncompatible with certain\noutfits.
3109,4,5,99,43,4,0,0,0,7,713,2,0,0x008CA945,Drgn SC+ PB2,0x00904DBF,A Haven Poogie Decoration.\nIncompatible with certain\noutfits.
3110,3,4,99,43,4,0,0,0,7,714,2,0,0x008CA952,FastCharge PC1,0x00904DFD,A Haven Poogie Decoration.\nIncompatible with certain\noutfits.
3111,3,4,99,43,4,0,0,0,7,715,2,0,0x008CA961,FastCharge PC2,0x00904E3B,A Haven Poogie Decoration.\nIncompatible with certain\noutfits.
3112,3,4,99,43,4,0,0,0,7,716,2,0,0x008CA970,FastCharge PC3,0x00904E79,A Haven Poogie Decoration.\nIncompatible with certain\noutfits.
3113,3,4,99,43,4,0,0,0,7,717,2,0,0x008CA97F,FastCharge PC4,0x00904EB7,A Haven Poogie Decoration.\nIncompatible with certain\noutfits.
3114,3,4,99,43,4,0,0,0,7,718,2,0,0x008CA98E,FastCharge PC5,0x00904EF5,A Haven Poogie Decoration.\nIncompatible with certain\noutfits.
3115,3,4,99,43,4,0,0,0,7,719,2,0,0x008CA99D,ReloadSpd PC1,0x00904F33,A Haven Poogie Decoration.\nIncompatible with certain\noutfits.
3116,3,4,99,43,4,0,0,0,7,720,2,0,0x008CA9AB,ReloadSpd PC2,0x00904F71,A Haven Poogie Decoration.\nIncompatible with certain\noutfits.
3117,3,4,99,43,4,0,0,0,7,721,2,0,0x008CA9B9,ReloadSpd PC3,0x00904FAF,A Haven Poogie Decoration.\nIncompatible with certain\noutfits.
3118,3,4,99,43,4,0,0,0,7,722,2,0,0x008CA9C7,ReloadSpd PC4,0x00904FED,A Haven Poogie Decoration.\nIncompatible with certain\noutfits.
3119,3,4,99,43,4,0,0,0,7,723,2,0,0x008CA9D5,ReloadSpd PC5,0x0090502B,A Haven Poogie Decoration.\nIncompatible with certain\noutfits.
3120,3,4,99,43,4,0,0,0,7,724,2,0,0x008CA9E3,Fasting PC1,0x00905069,A Haven Poogie Decoration.\nIncompatible with certain\noutfits.
3121,3,4,99,43,4,0,0,0,7,725,2,0,0x008CA9EF,Fasting PC2,0x009050A7,A Haven Poogie Decoration.\nIncompatible with certain\noutfits.
3122,3,4,99,43,4,0,0,0,7,726,2,0,0x008CA9FB,Fasting PC3,0x009050E5,A Haven Poogie Decoration.\nIncompatible with certain\noutfits.
3123,3,4,99,43,4,0,0,0,7,727,2,0,0x008CAA07,Fasting PC4,0x00905123,A Haven Poogie Decoration.\nIncompatible with certain\noutfits.
3124,3,4,99,43,4,0,0,0,7,728,2,0,0x008CAA13,Fasting PC5,0x00905161,A Haven Poogie Decoration.\nIncompatible with certain\noutfits.
3125,3,4,99,43,4,0,0,0,7,729,2,0,0x008CAA1F,PoisonSC+ PC1,0x0090519F,A Haven Poogie Decoration.\nIncompatible with certain\noutfits.
3126,3,4,99,43,4,0,0,0,7,730,2,0,0x008CAA2D,PoisonSC+ PC2,0x009051DD,A Haven Poogie Decoration.\nIncompatible with certain\noutfits.
3127,3,4,99,43,4,0,0,0,7,731,2,0,0x008CAA3B,PoisonSC+ PC3,0x0090521B,A Haven Poogie Decoration.\nIncompatible with certain\noutfits.
3128,3,4,99,43,4,0,0,0,7,732,2,0,0x008CAA49,PoisonSC+ PC4,0x00905259,A Haven Poogie Decoration.\nIncompatible with certain\noutfits.
3129,3,4,99,43,4,0,0,0,7,733,2,0,0x008CAA57,PoisonSC+ PC5,0x00905297,A Haven Poogie Decoration.\nIncompatible with certain\noutfits.
3130,3,4,99,43,4,0,0,0,7,734,2,0,0x008CAA65,TerrainRes PC1,0x009052D5,A Haven Poogie Decoration.\nIncompatible with certain\noutfits.
3131,3,4,99,43,4,0,0,0,7,735,2,0,0x008CAA74,TerrainRes PC2,0x00905313,A Haven Poogie Decoration.\nIncompatible with certain\noutfits.
3132,3,4,99,43,4,0,0,0,7,736,2,0,0x008CAA83,TerrainRes PC3,0x00905351,A Haven Poogie Decoration.\nIncompatible with certain\noutfits.
3133,3,4,99,43,4,0,0,0,7,737,2,0,0x008CAA92,TerrainRes PC4,0x0090538F,A Haven Poogie Decoration.\nIncompatible with certain\noutfits.
3134,3,4,99,43,4,0,0,0,7,738,2,0,0x008CAAA1,Tremor Res PC1,0x009053CD,A Haven Poogie Decoration.\nIncompatible with certain\noutfits.
3135,3,4,99,43,4,0,0,0,7,739,2,0,0x008CAAB0,Tremor Res PC2,0x0090540B,A Haven Poogie Decoration.\nIncompatible with certain\noutfits.
3136,3,4,99,43,4,0,0,0,7,740,2,0,0x008CAABF,Tremor Res PC3,0x00905449,A Haven Poogie Decoration.\nIncompatible with certain\noutfits.
3137,3,4,99,43,4,0,0,0,7,741,2,0,0x008CAACE,Tremor Res PC4,0x00905487,A Haven Poogie Decoration.\nIncompatible with certain\noutfits.
3138,3,4,99,43,4,0,0,0,7,742,2,0,0x008CAADD,Maestro PC1,0x009054C5,A Haven Poogie Decoration.\nIncompatible with certain\noutfits.
3139,3,4,99,43,4,0,0,0,7,743,2,0,0x008CAAE9,Maestro PC2,0x00905503,A Haven Poogie Decoration.\nIncompatible with certain\noutfits.
3140,3,4,99,43,4,0,0,0,7,744,2,0,0x008CAAF5,Maestro PC3,0x00905541,A Haven Poogie Decoration.\nIncompatible with certain\noutfits.
3141,3,4,99,43,4,0,0,0,7,745,2,0,0x008CAB01,Maestro PC4,0x0090557F,A Haven Poogie Decoration.\nIncompatible with certain\noutfits.
3142,3,4,99,43,4,0,0,0,7,746,2,0,0x008CAB0D,Bond PC1,0x009055BD,A Haven Poogie Decoration.\nIncompatible with certain\noutfits.
3143,3,4,99,43,4,0,0,0,7,747,2,0,0x008CAB16,Bond PC2,0x009055FB,A Haven Poogie Decoration.\nIncompatible with certain\noutfits.
3144,3,4,99,43,4,0,0,0,7,748,2,0,0x008CAB1F,Bond PC3,0x00905639,A Haven Poogie Decoration.\nIncompatible with certain\noutfits.
3145,3,4,99,43,4,0,0,0,7,749,2,0,0x008CAB28,Bond PC4,0x00905677,A Haven Poogie Decoration.\nIncompatible with certain\noutfits.
3146,3,4,99,43,4,0,0,0,7,750,2,0,0x008CAB31,LastingPwr PC5,0x009056B5,A Haven Poogie Decoration.\nIncompatible with certain\noutfits.
3147,3,4,99,43,4,0,0,0,7,751,2,0,0x008CAB40,LastingPwr PC6,0x009056F3,A Haven Poogie Decoration.\nIncompatible with certain\noutfits.
3148,3,4,99,43,4,0,0,0,7,752,2,0,0x008CAB4F,LastingPwr PC7,0x00905731,A Haven Poogie Decoration.\nIncompatible with certain\noutfits.
3149,3,4,99,43,4,0,0,0,7,753,2,0,0x008CAB5E,LastingPwr PC8,0x0090576F,A Haven Poogie Decoration.\nIncompatible with certain\noutfits.
3150,3,4,99,43,4,0,0,0,7,754,2,0,0x008CAB6D,Endurance PC5,0x009057AD,A Haven Poogie Decoration.\nIncompatible with certain\noutfits.
3151,3,4,99,43,4,0,0,0,7,755,2,0,0x008CAB7B,Hunger PC1,0x009057EB,A Haven Poogie Decoration.\nIncompatible with certain\noutfits.
3152,4,5,99,43,8,0,100000,5000,7,756,1,0,0x008CAB86,Fire Atk SA2,0x00905829,A Haven Poogie Decoration.\nCompatible with all outfits.
3153,4,5,99,43,8,0,100000,5000,7,757,1,0,0x008CAB93,Fire Atk SA3,0x00905861,A Haven Poogie Decoration.\nCompatible with all outfits.
3154,4,5,99,43,8,0,100000,5000,7,758,1,0,0x008CABA0,Water Atk SA2,0x00905899,A Haven Poogie Decoration.\nCompatible with all outfits.
3155,4,5,99,43,8,0,100000,5000,7,759,1,0,0x008CABAE,Water Atk SA3,0x009058D1,A Haven Poogie Decoration.\nCompatible with all outfits.
3156,4,5,99,43,8,0,100000,5000,7,760,1,0,0x008CABBC,DragonAtk SA2,0x00905909,A Haven Poogie Decoration.\nCompatible with all outfits.
3157,4,5,99,43,8,0,100000,5000,7,761,1,0,0x008CABCA,DragonAtk SA3,0x00905941,A Haven Poogie Decoration.\nCompatible with all outfits.
3158,4,5,99,43,8,0,100000,5000,7,762,1,0,0x008CABD8,Stealth SA1 SA1,0x00905979,A Haven Poogie Decoration.\nCompatible with all outfits.
3159,4,5,99,43,8,0,100000,5000,7,763,1,0,0x008CABE8,Stealth SA2 SA2,0x009059B1,A Haven Poogie Decoration.\nCompatible with all outfits.
3160,4,5,99,43,8,0,100000,5000,7,764,1,0,0x008CABF8,Health SA1,0x009059E9,A Haven Poogie Decoration.\nCompatible with all outfits.
3161,4,5,99,43,8,0,100000,5000,7,765,1,0,0x008CAC03,Health SA2,0x00905A21,A Haven Poogie Decoration.\nCompatible with all outfits.
3162,4,5,99,43,8,0,100000,5000,7,766,1,0,0x008CAC0E,Auto-Guard SA1,0x00905A59,A Haven Poogie Decoration.\nCompatible with all outfits.
3163,4,5,99,43,8,0,100000,5000,7,767,1,0,0x008CAC1D,Auto-Guard SA2,0x00905A91,A Haven Poogie Decoration.\nCompatible with all outfits.
3164,4,5,99,43,8,0,10000,500,7,768,1,0,0x008CAC2C,Para Res SB1,0x00905AC9,A Haven Poogie Decoration.\nCompatible with all outfits.
3165,4,5,99,43,8,0,10000,500,7,769,1,0,0x008CAC39,Para Res SB2,0x00905B01,A Haven Poogie Decoration.\nCompatible with all outfits.
3166,4,5,99,43,8,0,10000,500,7,770,1,0,0x008CAC46,Poison Res SB1,0x00905B39,A Haven Poogie Decoration.\nCompatible with all outfits.
3167,4,5,99,43,8,0,10000,500,7,771,1,0,0x008CAC55,Poison Res SB2,0x00905B71,A Haven Poogie Decoration.\nCompatible with all outfits.
3168,4,5,99,43,8,0,10000,500,7,772,1,0,0x008CAC64,Eating SB3,0x00905BA9,A Haven Poogie Decoration.\nCompatible with all outfits.
3169,4,5,99,43,8,0,10000,500,7,773,1,0,0x008CAC6F,Eating SB4,0x00905BE1,A Haven Poogie Decoration.\nCompatible with all outfits.
3170,4,5,99,43,8,0,10000,500,7,774,1,0,0x008CAC7A,Ammo Mixer SB3,0x00905C19,A Haven Poogie Decoration.\nCompatible with all outfits.
3171,4,5,99,43,8,0,10000,500,7,775,1,0,0x008CAC89,Ammo Mixer SB4,0x00905C51,A Haven Poogie Decoration.\nCompatible with all outfits.
3172,4,5,99,43,8,0,10000,500,7,776,1,0,0x008CAC98,TerrainRes SB3,0x00905C89,A Haven Poogie Decoration.\nCompatible with all outfits.
3173,4,5,99,43,8,0,10000,500,7,777,1,0,0x008CACA7,TerrainRes SB4,0x00905CC1,A Haven Poogie Decoration.\nCompatible with all outfits.
3174,4,5,99,43,8,0,10000,500,7,778,1,0,0x008CACB6,Transporter SB3,0x00905CF9,A Haven Poogie Decoration.\nCompatible with all outfits.
3175,4,5,99,43,8,0,10000,500,7,779,1,0,0x008CACC6,Transporter SB4,0x00905D31,A Haven Poogie Decoration.\nCompatible with all outfits.
3176,4,5,99,43,8,0,10000,500,7,780,1,0,0x008CACD6,Pellet S+ SB1,0x00905D69,A Haven Poogie Decoration.\nCompatible with all outfits.
3177,4,5,99,43,8,0,10000,500,7,781,1,0,0x008CACE4,Pellet S+ SB2,0x00905DA1,A Haven Poogie Decoration.\nCompatible with all outfits.
3178,4,5,99,43,8,0,10000,500,7,782,1,0,0x008CACF2,Crag S+ SB1,0x00905DD9,A Haven Poogie Decoration.\nCompatible with all outfits.
3179,4,5,99,43,8,0,10000,500,7,783,1,0,0x008CACFE,Crag S+ SB2,0x00905E11,A Haven Poogie Decoration.\nCompatible with all outfits.
3180,4,5,99,43,8,0,10000,500,7,784,1,0,0x008CAD0A,Clust S+ SB1,0x00905E49,A Haven Poogie Decoration.\nCompatible with all outfits.
3181,4,5,99,43,8,0,10000,500,7,785,1,0,0x008CAD17,Clust S+ SB2,0x00905E81,A Haven Poogie Decoration.\nCompatible with all outfits.
3182,4,5,99,43,8,0,10000,500,7,786,1,0,0x008CAD24,BombBoost SB1,0x00905EB9,A Haven Poogie Decoration.\nCompatible with all outfits.
3183,4,5,99,43,8,0,10000,500,7,787,1,0,0x008CAD32,BombBoost SB2,0x00905EF1,A Haven Poogie Decoration.\nCompatible with all outfits.
3184,4,5,99,43,8,0,10000,500,7,788,1,0,0x008CAD40,Gluttony SB1,0x00905F29,A Haven Poogie Decoration.\nCompatible with all outfits.
3185,4,5,99,43,8,0,10000,500,7,789,1,0,0x008CAD4D,Gluttony SB2,0x00905F61,A Haven Poogie Decoration.\nCompatible with all outfits.
3186,4,5,99,43,8,0,10000,500,7,790,1,0,0x008CAD5A,Anti-Theft SB1,0x00905F99,A Haven Poogie Decoration.\nCompatible with all outfits.
3187,4,5,99,43,8,0,10000,500,7,791,1,0,0x008CAD69,Anti-Theft SB2,0x00905FD1,A Haven Poogie Decoration.\nCompatible with all outfits.
3188,3,4,99,43,8,0,1000,50,7,792,1,0,0x008CAD78,WideRange SC7,0x00906009,A Haven Poogie Decoration.\nCompatible with all outfits.
3189,3,4,99,43,8,0,1000,50,7,793,1,0,0x008CAD86,WideRange SC8,0x00906041,A Haven Poogie Decoration.\nCompatible with all outfits.
3190,3,4,99,43,8,0,1000,50,7,794,1,0,0x008CAD94,WideRange SC9,0x00906079,A Haven Poogie Decoration.\nCompatible with all outfits.
3191,3,4,99,43,8,0,1000,50,7,795,1,0,0x008CADA2,WideRange SC10,0x009060B1,A Haven Poogie Decoration.\nCompatible with all outfits.
3192,3,4,99,43,8,0,1000,50,7,796,1,0,0x008CADB1,WideRange SC11,0x009060E9,A Haven Poogie Decoration.\nCompatible with all outfits.
3193,3,4,99,43,8,0,1000,50,7,797,1,0,0x008CADC0,Acrobat SC1,0x00906121,A Haven Poogie Decoration.\nCompatible with all outfits.
3194,3,4,99,43,8,0,1000,50,7,798,1,0,0x008CADCC,Acrobat SC2,0x00906159,A Haven Poogie Decoration.\nCompatible with all outfits.
3195,3,4,99,43,8,0,1000,50,7,799,1,0,0x008CADD8,Acrobat SC3,0x00906191,A Haven Poogie Decoration.\nCompatible with all outfits.
3196,3,4,99,43,8,0,1000,50,7,800,1,0,0x008CADE4,Acrobat SC4,0x009061C9,A Haven Poogie Decoration.\nCompatible with all outfits.
3197,3,4,99,43,8,0,1000,50,7,801,1,0,0x008CADF0,Acrobat SC5,0x00906201,A Haven Poogie Decoration.\nCompatible with all outfits.
3198,3,4,99,43,8,0,1000,50,7,802,1,0,0x008CADFC,Combo Rate SC1,0x00906239,A Haven Poogie Decoration.\nCompatible with all outfits.
3199,3,4,99,43,8,0,1000,50,7,803,1,0,0x008CAE0B,Combo Rate SC2,0x00906271,A Haven Poogie Decoration.\nCompatible with all outfits.
3200,3,4,99,43,8,0,1000,50,7,804,1,0,0x008CAE1A,Combo Rate SC3,0x009062A9,A Haven Poogie Decoration.\nCompatible with all outfits.
3201,3,4,99,43,8,0,1000,50,7,805,1,0,0x008CAE29,Combo Rate SC4,0x009062E1,A Haven Poogie Decoration.\nCompatible with all outfits.
3202,3,4,99,43,8,0,1000,50,7,806,1,0,0x008CAE38,Combo Rate SC5,0x00906319,A Haven Poogie Decoration.\nCompatible with all outfits.
3203,3,4,99,43,8,0,1000,50,7,807,1,0,0x008CAE47,Transporter SC1,0x00906351,A Haven Poogie Decoration.\nCompatible with all outfits.
3204,3,4,99,43,8,0,1000,50,7,808,1,0,0x008CAE57,Transporter SC2,0x00906389,A Haven Poogie Decoration.\nCompatible with all outfits.
3205,3,4,99,43,8,0,1000,50,7,809,1,0,0x008CAE67,Transporter SC3,0x009063C1,A Haven Poogie Decoration.\nCompatible with all outfits.
3206,3,4,99,43,8,0,1000,50,7,810,1,0,0x008CAE77,Transporter SC4,0x009063F9,A Haven Poogie Decoration.\nCompatible with all outfits.
3207,3,4,99,43,8,0,1000,50,7,811,1,0,0x008CAE87,Transporter SC5,0x00906431,A Haven Poogie Decoration.\nCompatible with all outfits.
3208,3,4,99,43,8,0,1000,50,7,812,1,0,0x008CAE97,Whim SC1,0x00906469,A Haven Poogie Decoration.\nCompatible with all outfits.
3209,3,4,99,43,8,0,1000,50,7,813,1,0,0x008CAEA0,Whim SC2,0x009064A1,A Haven Poogie Decoration.\nCompatible with all outfits.
3210,3,4,99,43,8,0,1000,50,7,814,1,0,0x008CAEA9,Whim SC3,0x009064D9,A Haven Poogie Decoration.\nCompatible with all outfits.
3211,3,4,99,43,8,0,1000,50,7,815,1,0,0x008CAEB2,Whim SC4,0x00906511,A Haven Poogie Decoration.\nCompatible with all outfits.
3212,3,4,99,43,8,0,1000,50,7,816,1,0,0x008CAEBB,Whim SC5,0x00906549,A Haven Poogie Decoration.\nCompatible with all outfits.
3213,3,4,99,43,8,0,1000,50,7,817,1,0,0x008CAEC4,Eating SC7,0x00906581,A Haven Poogie Decoration.\nCompatible with all outfits.
3214,3,4,99,43,8,0,1000,50,7,818,1,0,0x008CAECF,Eating SC8,0x009065B9,A Haven Poogie Decoration.\nCompatible with all outfits.
3215,3,4,99,43,8,0,1000,50,7,819,1,0,0x008CAEDA,Eating SC9,0x009065F1,A Haven Poogie Decoration.\nCompatible with all outfits.
3216,3,4,99,43,8,0,1000,50,7,820,1,0,0x008CAEE5,Eating SC10,0x00906629,A Haven Poogie Decoration.\nCompatible with all outfits.
3217,3,4,99,43,8,0,1000,50,7,821,1,0,0x008CAEF1,Eating SC11,0x00906661,A Haven Poogie Decoration.\nCompatible with all outfits.
3218,3,4,99,43,8,0,1000,50,7,822,1,0,0x008CAEFD,Sleep C+ SC1,0x00906699,A Haven Poogie Decoration.\nCompatible with all outfits.
3219,3,4,99,43,8,0,1000,50,7,823,1,0,0x008CAF0A,Sleep C+ SC2,0x009066D1,A Haven Poogie Decoration.\nCompatible with all outfits.
3220,3,4,99,43,8,0,1000,50,7,824,1,0,0x008CAF17,Sleep C+ SC3,0x00906709,A Haven Poogie Decoration.\nCompatible with all outfits.
3221,3,4,99,43,8,0,1000,50,7,825,1,0,0x008CAF24,Sleep C+ SC4,0x00906741,A Haven Poogie Decoration.\nCompatible with all outfits.
3222,3,4,99,43,8,0,1000,50,7,826,1,0,0x008CAF31,Sleep C+ SC5,0x00906779,A Haven Poogie Decoration.\nCompatible with all outfits.
3223,3,4,99,43,8,0,1000,50,7,827,1,0,0x008CAF3E,Para C+ SC1,0x009067B1,A Haven Poogie Decoration.\nCompatible with all outfits.
3224,3,4,99,43,8,0,1000,50,7,828,1,0,0x008CAF4A,Para C+ SC2,0x009067E9,A Haven Poogie Decoration.\nCompatible with all outfits.
3225,3,4,99,43,8,0,1000,50,7,829,1,0,0x008CAF56,Para C+ SC3,0x00906821,A Haven Poogie Decoration.\nCompatible with all outfits.
3226,3,4,99,43,8,0,1000,50,7,830,1,0,0x008CAF62,Para C+ SC4,0x00906859,A Haven Poogie Decoration.\nCompatible with all outfits.
3227,3,4,99,43,8,0,1000,50,7,831,1,0,0x008CAF6E,Para C+ SC5,0x00906891,A Haven Poogie Decoration.\nCompatible with all outfits.
3228,3,4,99,43,8,0,1000,50,7,832,1,0,0x008CAF7A,Poison C+ SC1,0x009068C9,A Haven Poogie Decoration.\nCompatible with all outfits.
3229,3,4,99,43,8,0,1000,50,7,833,1,0,0x008CAF88,Poison C+ SC2,0x00906901,A Haven Poogie Decoration.\nCompatible with all outfits.
3230,3,4,99,43,8,0,1000,50,7,834,1,0,0x008CAF96,Poison C+ SC3,0x00906939,A Haven Poogie Decoration.\nCompatible with all outfits.
3231,3,4,99,43,8,0,1000,50,7,835,1,0,0x008CAFA4,Poison C+ SC4,0x00906971,A Haven Poogie Decoration.\nCompatible with all outfits.
3232,3,4,99,43,8,0,1000,50,7,836,1,0,0x008CAFB2,Poison C+ SC5,0x009069A9,A Haven Poogie Decoration.\nCompatible with all outfits.
3233,3,4,99,43,8,0,1000,50,7,837,1,0,0x008CAFC0,Perception SC1,0x009069E1,A Haven Poogie Decoration.\nCompatible with all outfits.
3234,3,4,99,43,8,0,1000,50,7,838,1,0,0x008CAFCF,Perception SC2,0x00906A19,A Haven Poogie Decoration.\nCompatible with all outfits.
3235,3,4,99,43,8,0,1000,50,7,839,1,0,0x008CAFDE,Perception SC3,0x00906A51,A Haven Poogie Decoration.\nCompatible with all outfits.
3236,3,4,99,43,8,0,1000,50,7,840,1,0,0x008CAFED,Perception SC4,0x00906A89,A Haven Poogie Decoration.\nCompatible with all outfits.
3237,3,4,99,43,8,0,1000,50,7,841,1,0,0x008CAFFC,Perception SC5,0x00906AC1,A Haven Poogie Decoration.\nCompatible with all outfits.
3238,3,4,99,43,8,0,1000,50,7,842,1,0,0x008CB00B,Revelation SC1,0x00906AF9,A Haven Poogie Decoration.\nCompatible with all outfits.
3239,3,4,99,43,8,0,1000,50,7,843,1,0,0x008CB01A,Revelation SC2,0x00906B31,A Haven Poogie Decoration.\nCompatible with all outfits.
3240,3,4,99,43,8,0,1000,50,7,844,1,0,0x008CB029,Revelation SC3,0x00906B69,A Haven Poogie Decoration.\nCompatible with all outfits.
3241,3,4,99,43,8,0,1000,50,7,845,1,0,0x008CB038,Revelation SC4,0x00906BA1,A Haven Poogie Decoration.\nCompatible with all outfits.
3242,3,4,99,43,8,0,1000,50,7,846,1,0,0x008CB047,Revelation SC5,0x00906BD9,A Haven Poogie Decoration.\nCompatible with all outfits.
3243,3,4,99,43,8,0,1000,50,7,847,1,0,0x008CB056,Lure SC1,0x00906C11,A Haven Poogie Decoration.\nCompatible with all outfits.
3244,3,4,99,43,8,0,1000,50,7,848,1,0,0x008CB05F,Lure SC2,0x00906C49,A Haven Poogie Decoration.\nCompatible with all outfits.
3245,3,4,99,43,8,0,1000,50,7,849,1,0,0x008CB068,Lure SC3,0x00906C81,A Haven Poogie Decoration.\nCompatible with all outfits.
3246,3,4,99,43,8,0,1000,50,7,850,1,0,0x008CB071,Lure SC4,0x00906CB9,A Haven Poogie Decoration.\nCompatible with all outfits.
3247,3,4,99,43,8,0,1000,50,7,851,1,0,0x008CB07A,Lure SC5,0x00906CF1,A Haven Poogie Decoration.\nCompatible with all outfits.
3248,4,5,99,37,4,0,0,0,6,0,0,0,0x008CB083,Victory Ticket,0x00906D29,A ticket given to hunters\nwho've triumphed in VS\nTournaments.
3249,4,5,99,37,3,0,0,0,0,0,0,0,0x008CB092,Hailphonia Ticket,0x00906D67,Instructions on forging the\nHail Poniards. Bring them to\nthe Smithy!
3250,4,5,99,37,1,0,0,0,0,0,0,0,0x008CB0A4,Toxiphonia Ticket,0x00906DAC,Instructions on forging the\nToxic Poniards. Bring them\nto the Smithy!
3251,4,5,99,37,3,0,0,0,0,0,0,0,0x008CB0B6,A.Caliber Ticket,0x00906DF2,Instructions on forging the\nAqua Caliber. Bring them to\nthe Smithy!
3252,4,5,99,37,10,0,0,0,0,0,0,0,0x008CB0C7,M.Caliber Ticket,0x00906E36,Instructions on forging the\nMetal Caliber. Bring them to\nthe Smithy!
3253,4,5,99,37,3,0,0,0,0,0,0,0,0x008CB0D8,Venomsol Ticket,0x00906E7B,Instructions on forging the\nVenom Parasol. Bring them to\nthe Smithy!
3254,4,5,99,37,4,0,0,0,0,0,0,0,0x008CB0E8,Electrosol Ticket,0x00906EC0,Instructions on forging the\nElectro Parasol. Bring them\nto the Smithy!
3255,4,5,99,37,5,0,0,0,0,0,0,0,0x008CB0FA,N.Whistle Ticket,0x00906F07,Instructions on forging the\nNaga Whistle. Bring them to\nthe Smithy!
3256,4,5,99,37,3,0,0,0,0,0,0,0,0x008CB10B,H.Whistle Ticket,0x00906F4B,Instructions on forging the\nHydra Whistle. Bring them to\nthe Smithy!
3257,4,5,99,37,4,0,0,0,0,0,0,0,0x008CB11C,S.Launcher Tkt,0x00906F90,Instructions on forging the\nSlug Launcher. Bring them to\nthe Smithy!
3258,4,5,99,37,4,0,0,0,0,0,0,0,0x008CB12B,N.Launcher Tkt,0x00906FD5,Instructions on forging\nthe Big Grenade Launcher.\nBring them to the Smithy!
3259,4,5,99,37,4,0,0,0,0,0,0,0,0x008CB13A,U.Launcher Tkt,0x00907021,Instructions on forging\nthe Artillery Launcher.\nBring them to the Smithy!
3260,4,5,99,37,5,0,0,0,0,0,0,0,0x008CB149,L.Mortar Ticket,0x0090706B,Instructions on forging the\nLizard Mortar. Bring them to\nthe Smithy!
3261,4,5,99,37,5,0,0,0,0,0,0,0,0x008CB159,S.Mortar Ticket,0x009070B0,Instructions on forging the\nScale Mortar. Bring them to\nthe Smithy!
3262,4,5,99,37,5,0,0,0,0,0,0,0,0x008CB169,D.Mortar Ticket,0x009070F4,Instructions on forging the\nDraco Mortar. Bring them to\nthe Smithy!
3263,4,5,99,37,0,0,0,0,0,0,0,0,0x008CB179,Regalia Ticket H,0x00907138,Instructions on forging the\nRegalia armor. Bring them to\nthe Smithy!
3264,4,5,99,37,0,0,0,0,0,0,0,0,0x008CB18A,Regalia Ticket C,0x0090717D,Instructions on forging the\nRegalia armor. Bring them to\nthe Smithy!
3265,4,5,99,37,0,0,0,0,0,0,0,0,0x008CB19B,Regalia Ticket A,0x009071C2,Instructions on forging the\nRegalia armor. Bring them to\nthe Smithy!
3266,4,5,99,37,0,0,0,0,0,0,0,0,0x008CB1AC,Regalia Ticket W,0x00907207,Instructions on forging the\nRegalia armor. Bring them to\nthe Smithy!
3267,4,5,99,37,0,0,0,0,0,0,0,0,0x008CB1BD,Regalia Ticket L,0x0090724C,Instructions on forging the\nRegalia armor. Bring them to\nthe Smithy!
3268,4,5,99,37,3,0,0,0,0,0,0,0,0x008CB1CE,TN2 Ticket 1,0x00907291,A ticket made of strange\npaper. Can be exchanged\nfor a special item.
3269,4,5,99,37,3,0,0,0,0,0,0,0,0x008CB1DB,TN2 Ticket 2,0x009072D6,A ticket made of strange\npaper. Can be exchanged\nfor a special item.
3270,4,5,99,37,3,0,0,0,0,0,0,0,0x008CB1E8,TN2 Ticket 3,0x0090731B,A ticket made of strange\npaper. Can be exchanged\nfor a special item.
3271,4,5,99,37,3,0,0,0,0,0,0,0,0x008CB1F5,TN2 Ticket 4,0x00907360,A ticket made of strange\npaper. Can be exchanged\nfor a special item.
3272,4,5,99,37,3,0,0,0,0,0,0,0,0x008CB202,TN2 Ticket 5,0x009073A5,A ticket made of strange\npaper. Can be exchanged\nfor a special item.
3273,4,5,99,37,7,0,0,0,0,0,0,0,0x008CB20F,Sleet Ticket H,0x009073EA,Instructions on forging the\nSleet armor. Bring them to\nthe Smithy!
3274,4,5,99,37,7,0,0,0,0,0,0,0,0x008CB21E,Sleet Ticket C,0x0090742D,Instructions on forging the\nSleet armor. Bring them to\nthe Smithy!
3275,4,5,99,37,7,0,0,0,0,0,0,0,0x008CB22D,Sleet Ticket A,0x00907470,Instructions on forging the\nSleet armor. Bring them to\nthe Smithy!
3276,4,5,99,37,7,0,0,0,0,0,0,0,0x008CB23C,Sleet Ticket W,0x009074B3,Instructions on forging the\nSleet armor. Bring them to\nthe Smithy!
3277,4,5,99,37,7,0,0,0,0,0,0,0,0x008CB24B,Sleet Ticket L,0x009074F6,Instructions on forging the\nSleet armor. Bring them to\nthe Smithy!
3278,4,5,99,37,0,0,0,0,0,0,0,0,0x008CB25A,Chamarella Tkt H,0x00907539,Instructions on forging the\nCamarella armor. Bring them\nto the Smithy!
3279,4,5,99,37,0,0,0,0,0,0,0,0,0x008CB26B,Chamarella Tkt C,0x00907580,Instructions on forging the\nCamarella armor. Bring them\nto the Smithy!
3280,4,5,99,37,0,0,0,0,0,0,0,0,0x008CB27C,Chamarella Tkt A,0x009075C7,Instructions on forging the\nCamarella armor. Bring them\nto the Smithy!
3281,4,5,99,37,0,0,0,0,0,0,0,0,0x008CB28D,Chamarella Tkt W,0x0090760E,Instructions on forging the\nCamarella armor. Bring them\nto the Smithy!
3282,4,5,99,37,0,0,0,0,0,0,0,0,0x008CB29E,Chamarella Tkt L,0x00907655,Instructions on forging the\nCamarella armor. Bring them\nto the Smithy!
3283,4,5,99,37,3,0,0,0,0,0,0,0,0x008CB2AF,BP8 Ticket 1,0x0090769C,"A ticket made of special,\nrare paper. Can be exchanged\nfor a special item."
3284,4,5,99,37,3,0,0,0,0,0,0,0,0x008CB2BC,BP8 Ticket 2,0x009076E7,"A ticket made of special,\nrare paper. Can be exchanged\nfor a special item."
3285,4,5,99,37,3,0,0,0,0,0,0,0,0x008CB2C9,BP8 Ticket 3,0x00907732,"A ticket made of special,\nrare paper. Can be exchanged\nfor a special item."
3286,4,5,99,37,3,0,0,0,0,0,0,0,0x008CB2D6,BP8 Ticket 4,0x0090777D,"A ticket made of special,\nrare paper. Can be exchanged\nfor a special item."
3287,4,5,99,37,3,0,0,0,0,0,0,0,0x008CB2E3,BP8 Ticket 5,0x009077C8,"A ticket made of special,\nrare paper. Can be exchanged\nfor a special item."
3288,4,5,99,37,3,0,0,0,0,0,0,0,0x008CB2F0,BP8 Ticket 6,0x00907813,"A ticket made of special,\nrare paper. Can be exchanged\nfor a special item."
3289,4,5,99,37,3,0,0,0,0,0,0,0,0x008CB2FD,BP8 Ticket 7,0x0090785E,"A ticket made of special,\nrare paper. Can be exchanged\nfor a special item."
3290,4,5,99,37,3,0,0,0,0,0,0,0,0x008CB30A,BP8 Ticket 8,0x009078A9,"A ticket made of special,\nrare paper. Can be exchanged\nfor a special item."
3291,4,5,99,37,4,0,0,0,0,0,0,0,0x008CB317,T.Scythe Ticket,0x009078F4,A ticket used to forge the\nThunder Scythe. Bring it to\nto the Smithy!
3292,4,5,99,37,1,0,0,0,0,0,0,0,0x008CB327,B.Scythe Ticket,0x0090793A,A ticket used to forge the\nBurning Scythe. Bring it to\nto the Smithy!
3293,4,5,99,37,3,0,0,0,0,0,0,0,0x008CB337,D.Scythe Ticket,0x00907980,A ticket used to forge the\nWyvern Scythe. Bring it to\nto the Smithy!
3294,4,5,99,31,6,0,0,10000,0,0,0,0,0x008CB347,Icicle Tiara,0x000FF7EF,世代が一巡するほどの時間を\nかけて出来上がったつらら。\nたくさん集めよう！
3295,4,5,99,1,6,0,0,30000,0,0,0,0,0x008CB354,Millenial Snow,0x000FF838,千年もの間降り続けた雪を、\n常温保存可能な塊にしたもの。\nたくさん集めよう！
3296,4,5,99,35,6,0,0,40000,0,0,0,0,0x008CB363,Permafrost Piece,0x000FF883,決して溶けることのない氷の\n大地を削り取ったもの。\nたくさん集めよう！
3297,4,5,99,27,0,0,0,50000,0,0,0,0,0x008CB374,Iceberg Tip,0x000FF8C8,世界の果てにあると言われる\n巨大な氷山のごくごく一部。\nたくさん集めよう！
3298,4,5,99,27,5,0,0,10000,0,0,0,0,0x008CB380,Reversible Stone,0x000FF911,表と裏の色がまったく異なる\n不思議で珍しい天然の石。\nたくさん集めよう！
3299,4,5,99,15,2,0,0,30000,0,0,0,0,0x008CB391,Felyne Herb,0x000FF958,一見すると美味しそうだが、\nとても食べられない味の植物。\nたくさん集めよう！
3300,4,5,99,7,1,0,0,40000,0,0,0,0,0x008CB39D,False Whetstone,0x000FF9A3,刃こぼれさせて威力を高める\n砥石。普通の刃には使用不可。\nたくさん集めよう！
3301,4,5,99,27,10,0,0,50000,0,0,0,0,0x008CB3AD,Black Platinum,0x000FF9EE,見る角度によって、表情を\n大きく変える希少な金属。\nたくさん集めよう！
3302,4,5,99,34,0,0,0,0,0,0,0,0,0x008CB3BC,N.Year Gift (Rabbit),0x009079C5,"A bag received on New Year's\nEve. Filled with something,\nbut definitely not zenny."
3303,4,5,99,27,7,0,0,0,0,0,0,0,0x008CB3D1,Shaka Fragment,0x000FFA33,奇面族の奇妙な面のカケラ。\n見たこともない素材らしく、\n詳しいことは分からない。
3304,4,5,99,41,1,0,0,0,8,0,0,0,0x008CB3E0,Crimson Melody,0x000FFA82,ある音を出すための楽譜。\n音を視ることができる者曰く、\nその音色は紅色らしい。
3305,4,5,99,41,3,0,0,0,8,0,0,0,0x008CB3EF,Azure Melody,0x000FFACF,ある音を出すための楽譜。\n音を視ることができる者曰く、\nその音色は蒼色らしい。
3306,4,5,99,27,2,0,0,0,0,0,0,0,0x000D147E,親愛なる仲間の力,0x000FFB1C,深い絆で結ばれている仲間達\nが過ごした時間だけチカラに\nなる！
3307,4,5,99,33,0,0,0,0,0,0,0,0,0x008CB3FC,Felyne Spirit,0x000FFB59,教官見習ネコの熱い心意気。\n持ち歩くと教官見習ネコの\n言葉を思い出す。
3308,4,5,99,14,3,0,0,0,0,0,0,0,0x008CB40A,Undried Hide,0x000FFB9E,常に濡れている軟らかい皮。\n峡谷の崖の上に放置しても\n乾くことがないらしい。
3309,4,5,99,41,2,0,0,0,8,0,0,0,0x008CB417,Christmas Song,0x00907A18,A song played in Mezeporta\nSquare at a certain time of\nthe year. Very evocative.
3310,4,5,99,33,0,0,0,0,0,0,0,0,0x008CB426,Large Stockings,0x000FFC34,履く用途で使われることのな\nい靴下。ベッドに吊るすとい\nいことがあるらしい。
3311,4,5,99,43,8,0,0,0,0,0,0,0,0x008CB436,Passionate Stone,0x00907A69,A crystallized form of one's\npassionate feelings. Could\nthis be THE day!?
3312,4,5,99,33,8,0,0,0,0,0,0,0,0x008CB447,Passionate Arrow,0x00907AB3,A crystallized form of one's\npassionate feelings. Could\nthis be THE day!?
3313,4,5,99,37,1,0,0,0,6,0,0,0,0x000D14D9,親愛なる仲間の印,0x000FFD15,深い絆で結ばれている仲間達\nへ贈られた印。\n決して消えることはない。
3314,4,5,99,33,10,0,0,0,0,0,0,0,0x008CB458,Hunter's Motto,0x000FFD58,アツく燃える狩人の座右の銘。\n狩人にとって最も大切なもの\nは何だと訴えかけてくる。
3315,4,5,99,19,7,0,0,0,0,0,0,0,0x008CB467,Shaka BBQ Spit,0x00907AFD,"A BBQ spit dropped by a\nShakalaka. Pretty dirty,\nso it must be well-used."
3316,4,5,99,9,7,0,0,0,0,0,0,0,0x008CB476,Shakalaka Spike,0x00907B47,Part of a Shakalaka's mask.\nUsed to keep some kind of\ntempo going...
3317,4,5,99,35,7,0,0,0,0,0,0,0,0x008CB486,Shakalaka Pouch,0x00907B8C,An acorn-shaped pouch found\non a Shakalaka's hip. Its\nlid refuses to come off. 
3318,4,5,99,1,0,0,0,0,0,0,0,0,0x008CB496,Shining Star,0x00907BDC,A star used to decorate a\nlarge tree. Shines bright\nday and night.
3319,4,5,99,14,6,0,0,0,0,0,0,0,0x008CB4A3,Frozen Fur,0x000FFEC7,凍てつくような冷たさを\n感じさせる毛皮。\n武具工房で加工してもらえる。
3320,4,5,99,27,10,0,0,0,3,0,0,0,0x008CB4AE,Steel Ore,0x000FFF0C,硬度の非常に高い石。\n熟練の職人でないと加工は\n難しい。
3321,4,5,99,31,3,0,0,0,1,0,0,0,0x008CB4B8,Beastly Claw,0x000FFF43,とても獰猛なモンスターから\n剥ぎ取った爪。触ることが\nできないほど冷たい。
3322,4,5,99,31,0,0,0,0,1,0,0,0,0x008CB4C5,Beastly Fang,0x000FFF8C,とても獰猛なモンスターから\n剥ぎ取った牙。触ることが\nできないほど鋭い。
3323,4,5,99,31,0,0,0,0,1,0,0,0,0x008CB4D2,Pure White Fang,0x000FFFD3,状態の良い棘竜の牙。\n高い硬度を活かし、\n高性能な武具素材となる。
3324,4,5,99,9,2,0,0,0,1,0,0,0,0x008CB4E2,Tough Surspike,0x00100014,状態の良い棘竜の棘。\n高い強度を活かし、\n高性能な武具素材となる。
3325,4,5,99,31,1,0,0,0,1,0,0,0,0x008CB4F1,Tough Red Horn,0x00100055,状態の良い棘竜の角。\n非常に強靭なため\n高性能な武具素材となる。
3326,4,5,99,23,1,0,0,0,1,0,0,0,0x008CB500,Tough Heavyscl,0x00100094,非常に珍しい形をした棘竜の\n逆鱗。鋭い外縁を利用し、\n高性能な武具素材となる。
3327,4,5,99,26,10,0,0,0,0,0,0,0,0x008CB50F,Shotgun,0x00907C1F,"A never-before-seen weapon.\nWith some tweaking, it may\nwork against large monsters."
3328,4,5,99,16,0,0,0,0,0,0,0,0,0x008CB517,Pitchfork,0x00907C73,"A farming tool. Unreliable\nas a weapon, but if one were\nto combine it..."
3329,4,5,99,38,3,0,0,0,0,0,0,0,0x008CB521,Knife Set,0x00907CBC,A set of large knives.\nCombining them may create\na deadly weapon. 
3330,4,5,99,52,1,0,0,0,0,0,0,0,0x008CB52B,Gloves,0x00907CFF,"Boxing equipment. Worthless\nagainst large monsters, but\ntheir fit is outstanding."
3331,4,5,99,29,10,0,0,0,0,0,0,0,0x008CB532,Duct Tape,0x00907D51,"An item capable of bonding\njust about anything. Don't\noverthink it, just use it!"
3332,4,5,99,37,1,0,0,0,0,0,0,0,0x008CB53C,DR2 Ticket H,0x00907DA2,Instructions on forging the\nRider armor. Bring them to\nthe Smithy!
3333,4,5,99,37,1,0,0,0,0,0,0,0,0x008CB549,DR2 Ticket C,0x00907DE5,Instructions on forging the\nRider armor. Bring them to\nthe Smithy!
3334,4,5,99,37,1,0,0,0,0,0,0,0,0x008CB556,DR2 Ticket A,0x00907E28,Instructions on forging the\nRider armor. Bring them to\nthe Smithy!
3335,4,5,99,37,1,0,0,0,0,0,0,0,0x0000276D,ダミー,0x0000276D,ダミー
3336,4,5,99,37,1,0,0,0,0,0,0,0,0x008CB563,DR2 Ticket L,0x00907E6B,Instructions on forging the\nRider armor. Bring them to\nthe Smithy!
3337,4,5,99,37,7,0,0,0,0,0,0,0,0x008CB570,DR2 Ticket M,0x00907EAE,Instructions on forging the\nMoose Head. Bring them to\nthe Smithy!
3338,4,5,99,35,4,0,0,0,0,0,0,0,0x008CB57D,Poppy Base,0x00907EF0,Used to craft various Poogie\nDecorations. Bring it to the\nSmithy!
3339,4,5,99,35,2,0,0,0,0,0,0,0,0x008CB588,Jade Base,0x00907F32,Used to craft various Poogie\nDecorations. Bring it to the\nSmithy!
3340,4,5,99,35,6,0,0,0,0,0,0,0,0x008CB592,Teal Base,0x00907F74,Used to craft various Poogie\nDecorations. Bring it to the\nSmithy!
3341,4,5,99,35,7,0,0,0,0,0,0,0,0x008CB59C,Caramel Base,0x00907FB6,Used to craft various Poogie\nDecorations. Bring it to the\nSmithy!
3342,4,5,99,35,10,0,0,0,0,0,0,0,0x008CB5A9,Daffy Base,0x00907FF8,Used to craft various Poogie\nDecorations. Bring it to the\nSmithy!
3343,4,5,99,35,10,0,0,0,0,0,0,0,0x008CB5B4,Mouse Base,0x0090803A,Used to craft various Poogie\nDecorations. Bring it to the\nSmithy!
3344,4,5,99,35,0,0,0,0,0,0,0,0,0x008CB5BF,Milky Base,0x0090807C,Used to craft various Poogie\nDecorations. Bring it to the\nSmithy!
3345,4,5,99,35,3,0,0,0,0,0,0,0,0x008CB5CA,Violet Base,0x009080BE,Used to craft various Poogie\nDecorations. Bring it to the\nSmithy!
3346,4,5,99,43,4,0,0,0,7,852,2,0,0x008CB5D6,Rapid Fire PA1,0x00908100,A Haven Poogie Decoration.\nIncompatible with certain\noutfits.
3347,4,5,99,43,4,0,0,0,7,853,2,0,0x008CB5E5,Rapid Fire PA2,0x0090813E,A Haven Poogie Decoration.\nIncompatible with certain\noutfits.
3348,4,5,99,43,4,0,0,0,7,854,2,0,0x008CB5F4,Rapid Fire PA3,0x0090817C,A Haven Poogie Decoration.\nIncompatible with certain\noutfits.
3349,4,5,99,43,4,0,0,0,7,855,2,0,0x008CB603,Wind Res PA3,0x009081BA,A Haven Poogie Decoration.\nIncompatible with certain\noutfits.
3350,4,5,99,43,4,0,0,0,7,856,2,0,0x008CB610,Wind Res PA4,0x009081F8,A Haven Poogie Decoration.\nIncompatible with certain\noutfits.
3351,4,5,99,43,4,0,0,0,7,857,2,0,0x008CB61D,Tremor Res PA1,0x00908236,A Haven Poogie Decoration.\nIncompatible with certain\noutfits.
3352,4,5,99,43,4,0,0,0,7,858,2,0,0x008CB62C,Tremor Res PA2,0x00908274,A Haven Poogie Decoration.\nIncompatible with certain\noutfits.
3353,4,5,99,43,4,0,0,0,7,859,2,0,0x008CB63B,Ammo Mixer PA1,0x009082B2,A Haven Poogie Decoration.\nIncompatible with certain\noutfits.
3354,4,5,99,43,4,0,0,0,7,860,2,0,0x008CB64A,Ammo Mixer PA2,0x009082F0,A Haven Poogie Decoration.\nIncompatible with certain\noutfits.
3355,4,5,99,43,4,0,0,0,7,861,2,0,0x008CB659,Pierce Up PB3,0x0090832E,A Haven Poogie Decoration.\nIncompatible with certain\noutfits.
3356,4,5,99,43,4,0,0,0,7,862,2,0,0x008CB667,Pierce Up PB4,0x0090836C,A Haven Poogie Decoration.\nIncompatible with certain\noutfits.
3357,4,5,99,43,4,0,0,0,7,863,2,0,0x008CB675,Pierce Up PB5,0x009083AA,A Haven Poogie Decoration.\nIncompatible with certain\noutfits.
3358,4,5,99,43,4,0,0,0,7,864,2,0,0x008CB683,Normal Up PB3,0x009083E8,A Haven Poogie Decoration.\nIncompatible with certain\noutfits.
3359,4,5,99,43,4,0,0,0,7,865,2,0,0x008CB691,Normal Up PB4,0x00908426,A Haven Poogie Decoration.\nIncompatible with certain\noutfits.
3360,4,5,99,43,4,0,0,0,7,866,2,0,0x008CB69F,Normal Up PB5,0x00908464,A Haven Poogie Decoration.\nIncompatible with certain\noutfits.
3361,4,5,99,43,4,0,0,0,7,867,2,0,0x008CB6AD,Pellet Up PB3,0x009084A2,A Haven Poogie Decoration.\nIncompatible with certain\noutfits.
3362,4,5,99,43,4,0,0,0,7,868,2,0,0x008CB6BB,Pellet Up PB4,0x009084E0,A Haven Poogie Decoration.\nIncompatible with certain\noutfits.
3363,4,5,99,43,4,0,0,0,7,869,2,0,0x008CB6C9,Pellet Up PB5,0x0090851E,A Haven Poogie Decoration.\nIncompatible with certain\noutfits.
3364,4,5,99,43,4,0,0,0,7,870,2,0,0x008CB6D7,LastingPwr PB3,0x0090855C,A Haven Poogie Decoration.\nIncompatible with certain\noutfits.
3365,4,5,99,43,4,0,0,0,7,871,2,0,0x008CB6E6,LastingPwr PB4,0x0090859A,A Haven Poogie Decoration.\nIncompatible with certain\noutfits.
3366,4,5,99,43,4,0,0,0,7,872,2,0,0x008CB6F5,Artillery PB2,0x009085D8,A Haven Poogie Decoration.\nIncompatible with certain\noutfits.
3367,4,5,99,43,4,0,0,0,7,873,2,0,0x008CB703,Artillery PB3,0x00908616,A Haven Poogie Decoration.\nIncompatible with certain\noutfits.
3368,4,5,99,43,4,0,0,0,7,874,2,0,0x008CB711,Tremor Res PB1,0x00908654,A Haven Poogie Decoration.\nIncompatible with certain\noutfits.
3369,4,5,99,43,4,0,0,0,7,875,2,0,0x008CB720,Tremor Res PB2,0x00908692,A Haven Poogie Decoration.\nIncompatible with certain\noutfits.
3370,4,5,99,43,4,0,0,0,7,876,2,0,0x008CB72F,Transporter PB1,0x009086D0,A Haven Poogie Decoration.\nIncompatible with certain\noutfits.
3371,4,5,99,43,4,0,0,0,7,877,2,0,0x008CB73F,Transporter PB2,0x0090870E,A Haven Poogie Decoration.\nIncompatible with certain\noutfits.
3372,3,4,99,43,4,0,0,0,7,878,2,0,0x008CB74F,Handicraft PC1,0x0090874C,A Haven Poogie Decoration.\nIncompatible with certain\noutfits.
3373,3,4,99,43,4,0,0,0,7,879,2,0,0x008CB75E,Handicraft PC2,0x0090878A,A Haven Poogie Decoration.\nIncompatible with certain\noutfits.
3374,3,4,99,43,4,0,0,0,7,880,2,0,0x008CB76D,Handicraft PC3,0x009087C8,A Haven Poogie Decoration.\nIncompatible with certain\noutfits.
3375,3,4,99,43,4,0,0,0,7,881,2,0,0x008CB77C,Handicraft PC4,0x00908806,A Haven Poogie Decoration.\nIncompatible with certain\noutfits.
3376,3,4,99,43,4,0,0,0,7,882,2,0,0x008CB78B,Handicraft PC5,0x00908844,A Haven Poogie Decoration.\nIncompatible with certain\noutfits.
3377,3,4,99,43,4,0,0,0,7,883,2,0,0x008CB79A,Stamina PC6,0x00908882,A Haven Poogie Decoration.\nIncompatible with certain\noutfits.
3378,3,4,99,43,4,0,0,0,7,884,2,0,0x008CB7A6,Stamina PC7,0x009088C0,A Haven Poogie Decoration.\nIncompatible with certain\noutfits.
3379,3,4,99,43,4,0,0,0,7,885,2,0,0x008CB7B2,Stamina PC8,0x009088FE,A Haven Poogie Decoration.\nIncompatible with certain\noutfits.
3380,3,4,99,43,4,0,0,0,7,886,2,0,0x008CB7BE,Stamina PC9,0x0090893C,A Haven Poogie Decoration.\nIncompatible with certain\noutfits.
3381,3,4,99,43,4,0,0,0,7,887,2,0,0x008CB7CA,Stamina PC10,0x0090897A,A Haven Poogie Decoration.\nIncompatible with certain\noutfits.
3382,3,4,99,43,4,0,0,0,7,888,2,0,0x008CB7D7,Loading PC5,0x009089B8,A Haven Poogie Decoration.\nIncompatible with certain\noutfits.
3383,3,4,99,43,4,0,0,0,7,889,2,0,0x008CB7E3,Loading PC6,0x009089F6,A Haven Poogie Decoration.\nIncompatible with certain\noutfits.
3384,3,4,99,43,4,0,0,0,7,890,2,0,0x008CB7EF,Loading PC7,0x00908A34,A Haven Poogie Decoration.\nIncompatible with certain\noutfits.
3385,3,4,99,43,4,0,0,0,7,891,2,0,0x008CB7FB,Loading PC8,0x00908A72,A Haven Poogie Decoration.\nIncompatible with certain\noutfits.
3386,3,4,99,43,4,0,0,0,7,892,2,0,0x008CB807,Loading PC9,0x00908AB0,A Haven Poogie Decoration.\nIncompatible with certain\noutfits.
3387,3,4,99,43,4,0,0,0,7,893,2,0,0x008CB813,Fasting PC6,0x00908AEE,A Haven Poogie Decoration.\nIncompatible with certain\noutfits.
3388,3,4,99,43,4,0,0,0,7,894,2,0,0x008CB81F,Fasting PC7,0x00908B2C,A Haven Poogie Decoration.\nIncompatible with certain\noutfits.
3389,3,4,99,43,4,0,0,0,7,895,2,0,0x008CB82B,Fasting PC8,0x00908B6A,A Haven Poogie Decoration.\nIncompatible with certain\noutfits.
3390,3,4,99,43,4,0,0,0,7,896,2,0,0x008CB837,Sharpness PC5,0x00908BA8,A Haven Poogie Decoration.\nIncompatible with certain\noutfits.
3391,3,4,99,43,4,0,0,0,7,897,2,0,0x008CB845,Sharpness PC6,0x00908BE6,A Haven Poogie Decoration.\nIncompatible with certain\noutfits.
3392,3,4,99,43,4,0,0,0,7,898,2,0,0x008CB853,Sharpness PC7,0x00908C24,A Haven Poogie Decoration.\nIncompatible with certain\noutfits.
3393,3,4,99,43,4,0,0,0,7,899,2,0,0x008CB861,Recovery PC6,0x00908C62,A Haven Poogie Decoration.\nIncompatible with certain\noutfits.
3394,3,4,99,43,4,0,0,0,7,900,2,0,0x008CB86E,Recovery PC7,0x00908CA0,A Haven Poogie Decoration.\nIncompatible with certain\noutfits.
3395,3,4,99,43,4,0,0,0,7,901,2,0,0x008CB87B,Recovery PC8,0x00908CDE,A Haven Poogie Decoration.\nIncompatible with certain\noutfits.
3396,3,4,99,43,4,0,0,0,7,902,2,0,0x008CB888,Para Res PC1,0x00908D1C,A Haven Poogie Decoration.\nIncompatible with certain\noutfits.
3397,3,4,99,43,4,0,0,0,7,903,2,0,0x008CB895,Para Res PC2,0x00908D5A,A Haven Poogie Decoration.\nIncompatible with certain\noutfits.
3398,3,4,99,43,4,0,0,0,7,904,2,0,0x008CB8A2,Para Res PC3,0x00908D98,A Haven Poogie Decoration.\nIncompatible with certain\noutfits.
3399,3,4,99,43,4,0,0,0,7,905,2,0,0x008CB8AF,Para Res PC4,0x00908DD6,A Haven Poogie Decoration.\nIncompatible with certain\noutfits.
3400,3,4,99,43,4,0,0,0,7,906,2,0,0x008CB8BC,Stun Res PC1,0x00908E14,A Haven Poogie Decoration.\nIncompatible with certain\noutfits.
3401,3,4,99,43,4,0,0,0,7,907,2,0,0x008CB8C9,Stun Res PC2,0x00908E52,A Haven Poogie Decoration.\nIncompatible with certain\noutfits.
3402,3,4,99,43,4,0,0,0,7,908,2,0,0x008CB8D6,Stun Res PC3,0x00908E90,A Haven Poogie Decoration.\nIncompatible with certain\noutfits.
3403,3,4,99,43,4,0,0,0,7,909,2,0,0x008CB8E3,Stun Res PC4,0x00908ECE,A Haven Poogie Decoration.\nIncompatible with certain\noutfits.
3404,3,4,99,43,4,0,0,0,7,910,2,0,0x008CB8F0,Poison Res PC1,0x00908F0C,A Haven Poogie Decoration.\nIncompatible with certain\noutfits.
3405,3,4,99,43,4,0,0,0,7,911,2,0,0x008CB8FF,Poison Res PC2,0x00908F4A,A Haven Poogie Decoration.\nIncompatible with certain\noutfits.
3406,3,4,99,43,4,0,0,0,7,912,2,0,0x008CB90E,Poison Res PC3,0x00908F88,A Haven Poogie Decoration.\nIncompatible with certain\noutfits.
3407,3,4,99,43,4,0,0,0,7,913,2,0,0x008CB91D,Poison Res PC4,0x00908FC6,A Haven Poogie Decoration.\nIncompatible with certain\noutfits.
3408,3,4,99,43,4,0,0,0,7,914,2,0,0x008CB92C,Dragon Res PC5,0x00909004,A Haven Poogie Decoration.\nIncompatible with certain\noutfits.
3409,3,4,99,43,4,0,0,0,7,915,2,0,0x008CB93B,Dragon Res PC6,0x00909042,A Haven Poogie Decoration.\nIncompatible with certain\noutfits.
3410,3,4,99,43,4,0,0,0,7,916,2,0,0x008CB94A,Dragon Res PC7,0x00909080,A Haven Poogie Decoration.\nIncompatible with certain\noutfits.
3411,3,4,99,43,4,0,0,0,7,917,2,0,0x008CB959,Hunger PC2,0x009090BE,A Haven Poogie Decoration.\nIncompatible with certain\noutfits.
3412,3,4,99,43,4,0,0,0,7,918,2,0,0x008CB964,Hunger PC3,0x009090FC,A Haven Poogie Decoration.\nIncompatible with certain\noutfits.
3413,3,4,99,43,4,0,0,0,7,919,2,0,0x008CB96F,Hunger PC4,0x0090913A,A Haven Poogie Decoration.\nIncompatible with certain\noutfits.
3414,4,5,99,43,8,0,100000,5000,7,920,1,0,0x008CB97A,Drgn SC+ SA2,0x00909178,A Haven Poogie Decoration.\nCompatible with all outfits.
3415,4,5,99,43,8,0,100000,5000,7,921,1,0,0x008CB987,Drgn SC+ SA3,0x009091B0,A Haven Poogie Decoration.\nCompatible with all outfits.
3416,4,5,99,43,8,0,100000,5000,7,922,1,0,0x008CB994,Drgn SC+ SA4,0x009091E8,A Haven Poogie Decoration.\nCompatible with all outfits.
3417,4,5,99,43,8,0,100000,5000,7,923,1,0,0x008CB9A1,Tremor Res SA1,0x00909220,A Haven Poogie Decoration.\nCompatible with all outfits.
3418,4,5,99,43,8,0,100000,5000,7,924,1,0,0x008CB9B0,Tremor Res SA2,0x00909258,A Haven Poogie Decoration.\nCompatible with all outfits.
3419,4,5,99,43,8,0,100000,5000,7,925,1,0,0x008CB9BF,Tremor Res SA3,0x00909290,A Haven Poogie Decoration.\nCompatible with all outfits.
3420,4,5,99,43,8,0,100000,5000,7,926,1,0,0x008CB9CE,Defense SA2,0x009092C8,A Haven Poogie Decoration.\nCompatible with all outfits.
3421,4,5,99,43,8,0,100000,5000,7,927,1,0,0x008CB9DA,Defense SA3,0x00909300,A Haven Poogie Decoration.\nCompatible with all outfits.
3422,4,5,99,43,8,0,100000,5000,7,928,1,0,0x008CB9E6,Defense SA4,0x00909338,A Haven Poogie Decoration.\nCompatible with all outfits.
3423,4,5,99,43,8,0,100000,5000,7,929,1,0,0x008CB9F2,Auto-Guard SA3,0x00909370,A Haven Poogie Decoration.\nCompatible with all outfits.
3424,4,5,99,43,8,0,100000,5000,7,930,1,0,0x008CBA01,Auto-Guard SA4,0x009093A8,A Haven Poogie Decoration.\nCompatible with all outfits.
3425,4,5,99,43,8,0,100000,5000,7,931,1,0,0x008CBA10,Auto-Guard SA5,0x009093E0,A Haven Poogie Decoration.\nCompatible with all outfits.
3426,4,5,99,43,8,0,10000,500,7,932,1,0,0x008CBA1F,SpdGather SB3,0x00909418,A Haven Poogie Decoration.\nCompatible with all outfits.
3427,4,5,99,43,8,0,10000,500,7,933,1,0,0x008CBA2D,SpdGather SB4,0x00909450,A Haven Poogie Decoration.\nCompatible with all outfits.
3428,4,5,99,43,8,0,10000,500,7,934,1,0,0x008CBA3B,SpdGather SB5,0x00909488,A Haven Poogie Decoration.\nCompatible with all outfits.
3429,4,5,99,43,8,0,10000,500,7,935,1,0,0x008CBA49,Artillery SB3,0x009094C0,A Haven Poogie Decoration.\nCompatible with all outfits.
3430,4,5,99,43,8,0,10000,500,7,936,1,0,0x008CBA57,Artillery SB4,0x009094F8,A Haven Poogie Decoration.\nCompatible with all outfits.
3431,4,5,99,43,8,0,10000,500,7,937,1,0,0x008CBA65,Artillery SB5,0x00909530,A Haven Poogie Decoration.\nCompatible with all outfits.
3432,4,5,99,43,8,0,10000,500,7,938,1,0,0x008CBA73,Dragon Res SB1,0x00909568,A Haven Poogie Decoration.\nCompatible with all outfits.
3433,4,5,99,43,8,0,10000,500,7,939,1,0,0x008CBA82,Dragon Res SB2,0x009095A0,A Haven Poogie Decoration.\nCompatible with all outfits.
3434,4,5,99,43,8,0,10000,500,7,940,1,0,0x008CBA91,Dragon Res SB3,0x009095D8,A Haven Poogie Decoration.\nCompatible with all outfits.
3435,4,5,99,43,8,0,10000,500,7,941,1,0,0x008CBAA0,Eating SB5,0x00909610,A Haven Poogie Decoration.\nCompatible with all outfits.
3436,4,5,99,43,8,0,10000,500,7,942,1,0,0x008CBAAB,Eating SB6,0x00909648,A Haven Poogie Decoration.\nCompatible with all outfits.
3437,4,5,99,43,8,0,10000,500,7,943,1,0,0x008CBAB6,Eating SB7,0x00909680,A Haven Poogie Decoration.\nCompatible with all outfits.
3438,4,5,99,43,8,0,10000,500,7,944,1,0,0x008CBAC1,Escapist SB3,0x009096B8,A Haven Poogie Decoration.\nCompatible with all outfits.
3439,4,5,99,43,8,0,10000,500,7,945,1,0,0x008CBACE,Escapist SB4,0x009096F0,A Haven Poogie Decoration.\nCompatible with all outfits.
3440,4,5,99,43,8,0,10000,500,7,946,1,0,0x008CBADB,Escapist SB5,0x00909728,A Haven Poogie Decoration.\nCompatible with all outfits.
3441,4,5,99,43,8,0,10000,500,7,947,1,0,0x008CBAE8,Gluttony SB3,0x00909760,A Haven Poogie Decoration.\nCompatible with all outfits.
3442,4,5,99,43,8,0,10000,500,7,948,1,0,0x008CBAF5,Gluttony SB4,0x00909798,A Haven Poogie Decoration.\nCompatible with all outfits.
3443,4,5,99,43,8,0,10000,500,7,949,1,0,0x008CBB02,Gluttony SB5,0x009097D0,A Haven Poogie Decoration.\nCompatible with all outfits.
3444,4,5,99,43,8,0,10000,500,7,950,1,0,0x008CBB0F,Defense SB3,0x00909808,A Haven Poogie Decoration.\nCompatible with all outfits.
3445,4,5,99,43,8,0,10000,500,7,951,1,0,0x008CBB1B,Defense SB4,0x00909840,A Haven Poogie Decoration.\nCompatible with all outfits.
3446,4,5,99,43,8,0,10000,500,7,952,1,0,0x008CBB27,Defense SB5,0x00909878,A Haven Poogie Decoration.\nCompatible with all outfits.
3447,4,5,99,43,8,0,10000,500,7,953,1,0,0x008CBB33,Heat Res SB3,0x009098B0,A Haven Poogie Decoration.\nCompatible with all outfits.
3448,4,5,99,43,8,0,10000,500,7,954,1,0,0x008CBB40,Heat Res SB4,0x009098E8,A Haven Poogie Decoration.\nCompatible with all outfits.
3449,4,5,99,43,8,0,10000,500,7,955,1,0,0x008CBB4D,Heat Res SB5,0x00909920,A Haven Poogie Decoration.\nCompatible with all outfits.
3450,3,4,99,43,8,0,1000,50,7,956,1,0,0x008CBB5A,LastingPwr SC1,0x00909958,A Haven Poogie Decoration.\nCompatible with all outfits.
3451,3,4,99,43,8,0,1000,50,7,957,1,0,0x008CBB69,LastingPwr SC2,0x00909990,A Haven Poogie Decoration.\nCompatible with all outfits.
3452,3,4,99,43,8,0,1000,50,7,958,1,0,0x008CBB78,LastingPwr SC3,0x009099C8,A Haven Poogie Decoration.\nCompatible with all outfits.
3453,3,4,99,43,8,0,1000,50,7,959,1,0,0x008CBB87,LastingPwr SC4,0x00909A00,A Haven Poogie Decoration.\nCompatible with all outfits.
3454,3,4,99,43,8,0,1000,50,7,960,1,0,0x008CBB96,LastingPwr SC5,0x00909A38,A Haven Poogie Decoration.\nCompatible with all outfits.
3455,3,4,99,43,8,0,1000,50,7,961,1,0,0x008CBBA5,Ammo Mixer SC1,0x00909A70,A Haven Poogie Decoration.\nCompatible with all outfits.
3456,3,4,99,43,8,0,1000,50,7,962,1,0,0x008CBBB4,Ammo Mixer SC2,0x00909AA8,A Haven Poogie Decoration.\nCompatible with all outfits.
3457,3,4,99,43,8,0,1000,50,7,963,1,0,0x008CBBC3,Ammo Mixer SC3,0x00909AE0,A Haven Poogie Decoration.\nCompatible with all outfits.
3458,3,4,99,43,8,0,1000,50,7,964,1,0,0x008CBBD2,Ammo Mixer SC4,0x00909B18,A Haven Poogie Decoration.\nCompatible with all outfits.
3459,3,4,99,43,8,0,1000,50,7,965,1,0,0x008CBBE1,Ammo Mixer SC5,0x00909B50,A Haven Poogie Decoration.\nCompatible with all outfits.
3460,3,4,99,43,8,0,1000,50,7,966,1,0,0x008CBBF0,Para Res SC7,0x00909B88,A Haven Poogie Decoration.\nCompatible with all outfits.
3461,3,4,99,43,8,0,1000,50,7,967,1,0,0x008CBBFD,Para Res SC8,0x00909BC0,A Haven Poogie Decoration.\nCompatible with all outfits.
3462,3,4,99,43,8,0,1000,50,7,968,1,0,0x008CBC0A,Para Res SC9,0x00909BF8,A Haven Poogie Decoration.\nCompatible with all outfits.
3463,3,4,99,43,8,0,1000,50,7,969,1,0,0x008CBC17,Para Res SC10,0x00909C30,A Haven Poogie Decoration.\nCompatible with all outfits.
3464,3,4,99,43,8,0,1000,50,7,970,1,0,0x008CBC25,Para Res SC11,0x00909C68,A Haven Poogie Decoration.\nCompatible with all outfits.
3465,3,4,99,43,8,0,1000,50,7,971,1,0,0x008CBC33,Stun Res SC7,0x00909CA0,A Haven Poogie Decoration.\nCompatible with all outfits.
3466,3,4,99,43,8,0,1000,50,7,972,1,0,0x008CBC40,Stun Res SC8,0x00909CD8,A Haven Poogie Decoration.\nCompatible with all outfits.
3467,3,4,99,43,8,0,1000,50,7,973,1,0,0x008CBC4D,Stun Res SC9,0x00909D10,A Haven Poogie Decoration.\nCompatible with all outfits.
3468,3,4,99,43,8,0,1000,50,7,974,1,0,0x008CBC5A,Stun Res SC10,0x00909D48,A Haven Poogie Decoration.\nCompatible with all outfits.
3469,3,4,99,43,8,0,1000,50,7,975,1,0,0x008CBC68,Stun Res SC11,0x00909D80,A Haven Poogie Decoration.\nCompatible with all outfits.
3470,3,4,99,43,8,0,1000,50,7,976,1,0,0x008CBC76,SpdGather SC1,0x00909DB8,A Haven Poogie Decoration.\nCompatible with all outfits.
3471,3,4,99,43,8,0,1000,50,7,977,1,0,0x008CBC84,SpdGather SC2,0x00909DF0,A Haven Poogie Decoration.\nCompatible with all outfits.
3472,3,4,99,43,8,0,1000,50,7,978,1,0,0x008CBC92,SpdGather SC3,0x00909E28,A Haven Poogie Decoration.\nCompatible with all outfits.
3473,3,4,99,43,8,0,1000,50,7,979,1,0,0x008CBCA0,SpdGather SC4,0x00909E60,A Haven Poogie Decoration.\nCompatible with all outfits.
3474,3,4,99,43,8,0,1000,50,7,980,1,0,0x008CBCAE,SpdGather SC5,0x00909E98,A Haven Poogie Decoration.\nCompatible with all outfits.
3475,3,4,99,43,8,0,1000,50,7,981,1,0,0x008CBCBC,Drgn SC+ SC1,0x00909ED0,A Haven Poogie Decoration.\nCompatible with all outfits.
3476,3,4,99,43,8,0,1000,50,7,982,1,0,0x008CBCC9,Drgn SC+ SC2,0x00909F08,A Haven Poogie Decoration.\nCompatible with all outfits.
3477,3,4,99,43,8,0,1000,50,7,983,1,0,0x008CBCD6,Drgn SC+ SC3,0x00909F40,A Haven Poogie Decoration.\nCompatible with all outfits.
3478,3,4,99,43,8,0,1000,50,7,984,1,0,0x008CBCE3,Drgn SC+ SC4,0x00909F78,A Haven Poogie Decoration.\nCompatible with all outfits.
3479,3,4,99,43,8,0,1000,50,7,985,1,0,0x008CBCF0,Drgn SC+ SC5,0x00909FB0,A Haven Poogie Decoration.\nCompatible with all outfits.
3480,3,4,99,43,8,0,1000,50,7,986,1,0,0x008CBCFD,BombBoost SC1,0x00909FE8,A Haven Poogie Decoration.\nCompatible with all outfits.
3481,3,4,99,43,8,0,1000,50,7,987,1,0,0x008CBD0B,BombBoost SC2,0x0090A020,A Haven Poogie Decoration.\nCompatible with all outfits.
3482,3,4,99,43,8,0,1000,50,7,988,1,0,0x008CBD19,BombBoost SC3,0x0090A058,A Haven Poogie Decoration.\nCompatible with all outfits.
3483,3,4,99,43,8,0,1000,50,7,989,1,0,0x008CBD27,BombBoost SC4,0x0090A090,A Haven Poogie Decoration.\nCompatible with all outfits.
3484,3,4,99,43,8,0,1000,50,7,990,1,0,0x008CBD35,BombBoost SC5,0x0090A0C8,A Haven Poogie Decoration.\nCompatible with all outfits.
3485,3,4,99,43,8,0,1000,50,7,991,1,0,0x008CBD43,Auto-Guard SC1,0x0090A100,A Haven Poogie Decoration.\nCompatible with all outfits.
3486,3,4,99,43,8,0,1000,50,7,992,1,0,0x008CBD52,Auto-Guard SC2,0x0090A138,A Haven Poogie Decoration.\nCompatible with all outfits.
3487,3,4,99,43,8,0,1000,50,7,993,1,0,0x008CBD61,Auto-Guard SC3,0x0090A170,A Haven Poogie Decoration.\nCompatible with all outfits.
3488,3,4,99,43,8,0,1000,50,7,994,1,0,0x008CBD70,Auto-Guard SC4,0x0090A1A8,A Haven Poogie Decoration.\nCompatible with all outfits.
3489,3,4,99,43,8,0,1000,50,7,995,1,0,0x008CBD7F,Auto-Guard SC5,0x0090A1E0,A Haven Poogie Decoration.\nCompatible with all outfits.
3490,3,4,99,43,8,0,1000,50,7,996,1,0,0x008CBD8E,Health SC1,0x0090A218,A Haven Poogie Decoration.\nCompatible with all outfits.
3491,3,4,99,43,8,0,1000,50,7,997,1,0,0x008CBD99,Health SC2,0x0090A250,A Haven Poogie Decoration.\nCompatible with all outfits.
3492,3,4,99,43,8,0,1000,50,7,998,1,0,0x008CBDA4,Health SC3,0x0090A288,A Haven Poogie Decoration.\nCompatible with all outfits.
3493,3,4,99,43,8,0,1000,50,7,999,1,0,0x008CBDAF,Health SC4,0x0090A2C0,A Haven Poogie Decoration.\nCompatible with all outfits.
3494,3,4,99,43,8,0,1000,50,7,1000,1,0,0x008CBDBA,Health SC5,0x0090A2F8,A Haven Poogie Decoration.\nCompatible with all outfits.
3495,3,4,99,43,8,0,1000,50,7,1001,1,0,0x008CBDC5,Knives SC1,0x0090A330,A Haven Poogie Decoration.\nCompatible with all outfits.
3496,3,4,99,43,8,0,1000,50,7,1002,1,0,0x008CBDD0,Knives SC2,0x0090A368,A Haven Poogie Decoration.\nCompatible with all outfits.
3497,3,4,99,43,8,0,1000,50,7,1003,1,0,0x008CBDDB,Knives SC3,0x0090A3A0,A Haven Poogie Decoration.\nCompatible with all outfits.
3498,3,4,99,43,8,0,1000,50,7,1004,1,0,0x008CBDE6,Knives SC4,0x0090A3D8,A Haven Poogie Decoration.\nCompatible with all outfits.
3499,3,4,99,43,8,0,1000,50,7,1005,1,0,0x008CBDF1,Knives SC5,0x0090A410,A Haven Poogie Decoration.\nCompatible with all outfits.
3500,3,4,99,43,8,0,1000,50,7,1006,1,0,0x008CBDFC,Anti-Theft SC1,0x0090A448,A Haven Poogie Decoration.\nCompatible with all outfits.
3501,3,4,99,43,8,0,1000,50,7,1007,1,0,0x008CBE0B,Anti-Theft SC2,0x0090A480,A Haven Poogie Decoration.\nCompatible with all outfits.
3502,3,4,99,43,8,0,1000,50,7,1008,1,0,0x008CBE1A,Anti-Theft SC3,0x0090A4B8,A Haven Poogie Decoration.\nCompatible with all outfits.
3503,3,4,99,43,8,0,1000,50,7,1009,1,0,0x008CBE29,Anti-Theft SC4,0x0090A4F0,A Haven Poogie Decoration.\nCompatible with all outfits.
3504,3,4,99,43,8,0,1000,50,7,1010,1,0,0x008CBE38,Anti-Theft SC5,0x0090A528,A Haven Poogie Decoration.\nCompatible with all outfits.
3505,3,4,99,43,8,0,1000,50,7,1011,1,0,0x008CBE47,BBQ SC7,0x0090A560,A Haven Poogie Decoration.\nCompatible with all outfits.
3506,3,4,99,43,8,0,1000,50,7,1012,1,0,0x008CBE4F,BBQ SC8,0x0090A598,A Haven Poogie Decoration.\nCompatible with all outfits.
3507,3,4,99,43,8,0,1000,50,7,1013,1,0,0x008CBE57,BBQ SC9,0x0090A5D0,A Haven Poogie Decoration.\nCompatible with all outfits.
3508,3,4,99,43,8,0,1000,50,7,1014,1,0,0x008CBE5F,BBQ SC10,0x0090A608,A Haven Poogie Decoration.\nCompatible with all outfits.
3509,3,4,99,43,8,0,1000,50,7,1015,1,0,0x008CBE68,BBQ SC11,0x0090A640,A Haven Poogie Decoration.\nCompatible with all outfits.
3510,4,5,99,9,10,0,0,30000,1,0,0,0,0x008CBE71,Basarios Rockshl,0x0090A678,A rugged Basarios shell.\nRare ores are sometimes\nfound within.
3511,4,5,99,9,10,0,0,40000,1,0,0,0,0x008CBE82,Basarios Firmshl,0x0090A6B7,A quality Basarios shell\nwhose toughness exceeds\nthat of a Steelshell.
3512,4,5,99,9,10,0,0,50000,1,0,0,0,0x008CBE93,Basarios Cragshl,0x0090A6FE,An immensely heavy shell\nwith a dignified air. Its\ntoughness is top-class.
3513,4,5,99,14,3,0,0,20000,1,0,0,0,0x008CBEA4,Fine Rubberhide,0x0090A749,A highly elastic hide with a\npleasant texture. Its uses\nvary from armor to bedding.
3514,4,5,99,14,3,0,0,30000,1,0,0,0,0x008CBEB4,Prime Rubberhide,0x0090A79D,A fine hide obtained from a\npowerful Gypceros. Extremely\nrare and valuable.
3515,4,5,99,9,3,0,0,40000,1,0,0,0,0x008CBEC5,Gypcero Hardhead,0x0090A7E9,"A rare, rock-like Gypceros\nhead. A priceless commodity\namong Gypceros enthusiasts."
3516,4,5,99,31,1,0,0,40000,1,0,0,0,0x008CBED6,Teo Fiercehorn,0x0090A83C,A symbol of Teostra's\nferocity. Its faint heat\ncan be felt nearby.
3517,4,5,99,31,1,0,0,50000,1,0,0,0,0x008CBEE5,Teo Ravagehorn,0x0090A87F,A horn carved from a brutal\nTeostra. Highly valued as a\npiece of art.
3518,4,5,99,31,1,0,0,60000,1,0,0,0,0x008CBEF4,Teo Kaiserhorn,0x0090A8C5,"A horn considered a badge\nof honor, and the mark of\na true overlord."
3519,4,5,99,9,3,0,0,30000,1,0,0,0,0x008CBF03,Plesio Razorfin,0x0090A90A,A sharp Plesioth fin.\nIts hue changes slightly\nwith the viewing angle.
3520,4,5,99,9,3,0,0,40000,1,0,0,0,0x008CBF13,Plesio Bladefin,0x0090A951,"When held up to the light, a\nbeautiful, geometric pattern\ncan be seen on its surface."
3521,4,5,99,9,3,0,0,50000,1,0,0,0,0x008CBF23,Plesio Beautifin,0x0090A9A7,"A Plesioth fin whose luster\nendures through time, never\nlosing its radiant sheen."
3522,4,5,99,31,1,0,0,20000,1,0,0,0,0x008CBF34,Hermitaur Pincer,0x0090A9F9,A giant Daimyo Hermitaur\npincer. Noted by its great\ncutting ability.
3523,4,5,99,31,1,0,0,30000,1,0,0,0,0x008CBF45,Hermitaur Grasp,0x0090AA3E,A sturdy Daimyo Hermitaur\npincer. Bears the scars of\nmany hard-fought battles.
3524,4,5,99,31,1,0,0,40000,1,0,0,0,0x008CBF55,Hermitaur Vice,0x0090AA8D,"A giant claw easily mistaken\nfor a red rock. Versatile,\nwith lasting durability."
3525,4,5,99,31,4,0,0,100,1,0,0,0,0x0000276D,ダミー,0x0000276D,ダミー
3526,4,5,99,31,4,0,0,50000,1,0,0,0,0x008CBF64,Tigrex Gouger,0x0090AADE,"A dully glowing claw, said\nto grow sharper and stronger\nwith each kill."
3527,4,5,99,31,4,0,0,60000,1,0,0,0,0x008CBF72,Tigrex Ripper,0x0090AB26,"A claw carved from a brutal\nTigrex. Extremely rare, but\nprized as a material."
3528,4,5,99,9,7,0,0,30000,1,0,0,0,0x008CBF80,Brnz Hypno Pelt,0x0090AB74,A vibrant Hypnocatrice pelt.\nIts soft fibers make it a\nhighly valuable material.
3529,4,5,99,9,7,0,0,40000,1,0,0,0,0x008CBF90,Vrmln Hypno Pelt,0x0090ABC5,Deep orange plumage from a\nHypnocatrice. Adds a touch\nof elegance to hunter gear.
3530,4,5,99,27,7,0,0,50000,1,0,0,0,0x008CBFA1,Prismatic Bezoar,0x0090AC17,"A mysterious stone with a\nsoft, pulsing glow. Its\nbeauty is outstanding."
3531,4,5,99,9,8,0,0,100,1,0,0,0,0x0000276D,ダミー,0x0000276D,ダミー
3532,4,5,99,31,8,0,0,15000,1,0,0,0,0x008CBFB2,Paria Piercer,0x0090AC60,A sharp Pariapuria fang. Its\nfoul stench makes it rather\nunpopular with artisans...
3533,4,5,99,9,8,0,0,25000,1,0,0,0,0x008CBFC0,Paria Beautifin,0x0090ACB4,"A fine Pariapuria fin. Very\nslimy, and therefore hard\nto obtain -- and craft..."
3534,4,5,99,9,7,0,0,100,1,0,0,0,0x0000276D,ダミー,0x0000276D,ダミー
3535,4,5,99,9,7,0,0,60000,1,0,0,0,0x008CBFD0,F.Espi Grndspike,0x0090AD04,"A noxious Flaming Espinas\nspike, said to make plants\nwither and die..."
3536,4,5,99,9,7,0,0,100,1,0,0,0,0x0000276D,ダミー,0x0000276D,ダミー
3537,4,5,99,23,3,0,0,1500,1,0,0,0,0x008CBFE1,Grenzebul Scale,0x0090AD4B,An ultramarine scale that\nbecomes more lustrous when\nsoaked in water.
3538,4,5,99,9,3,0,0,2000,1,0,0,0,0x008CBFF1,Grenzebul Hide,0x0090AD91,The hide from a Grenzebul's\nabdomen. Highly elastic and\nresistant to impacts.
3539,4,5,99,31,3,0,0,2800,1,0,0,0,0x008CC000,Grenzebul Claw,0x0090ADDF,A claw that supports the\nGrenzebul's body. Dense\nand immensely heavy.
3540,4,5,99,31,3,0,0,3150,1,0,0,0,0x008CC00F,Grenzebul Horn,0x0090AE25,"The pride of the Grenzebul.\nHard and unbreakable, it is\nextremely tough to craft."
3541,4,5,99,9,3,0,0,3700,1,0,0,0,0x008CC01E,Grenzebul Wing,0x0090AE77,A wing with a dangerously\nsharp blade-like edge. Take\nextra care when carving.
3542,4,5,99,9,3,0,0,4500,1,0,0,0,0x008CC02D,Grenzebul Tail,0x0090AEC6,A tail lined with delicate\nspikes. Improper handling\nwill cause them to crack.
3543,4,5,99,9,3,0,0,4100,1,0,0,0,0x008CC03C,Grenzebul Spike,0x0090AF15,A spike found on the wings\nand tail. As tough as the\nclaw but also razor sharp.
3544,4,5,99,23,3,0,0,2500,1,0,0,0,0x008CC04C,Grenzebul Scl+,0x0090AF65,A quality Grenzebul scale.\nIts pellucid blue hue has\nan indescribable charm.
3545,4,5,99,9,3,0,0,3300,1,0,0,0,0x008CC05B,Grenzebul Hide+,0x0090AFB2,A quality hide carved from\nthe abdomen. Easy to craft\nand popular among smithies.
3546,4,5,99,31,3,0,0,4000,1,0,0,0,0x008CC06B,Grenzebul Claw+,0x0090B004,A honed Grenzebul claw with\na dull luster. Said to have\ntorn apart countless prey.
3547,4,5,99,31,3,0,0,4300,1,0,0,0,0x008CC07B,Grenzebul Horn+,0x0090B057,The soul of the Grenzebul.\nA half-hearted smithy stands\nno chance against it.
3548,4,5,99,9,3,0,0,5000,1,0,0,0,0x008CC08B,Grenzebul Wing+,0x0090B0A5,Wings with distinctively\nadhesive rippled tips that\nare much harder to break.
3549,4,5,99,9,3,0,0,15000,1,0,0,0,0x008CC09B,Grenzebul Tail+,0x0090B0F3,A wondrous Grenzebul tail.\nIts spikes shine with a\nfaint luster.
3550,4,5,99,9,3,0,0,5000,1,0,0,0,0x008CC0AB,Grenzebul Spike+,0x0090B134,A reddish brown spike found\non the wings or the tail. As\nlarge as an adult arm.
3551,4,5,99,37,5,0,100000,10000,6,0,0,0,0x008CC0BC,Grenzebul Cert.,0x0090B184,A certificate given only to\nthose who've triumphed over\nthe most arduous of hunts.
3552,4,5,99,43,1,0,0,0,7,1016,0,0,0x008CC0CC,Training Jewel 1,0x0090B1D7,A special Decoration made\nfor training purposes. It\ncannot be crafted.
3553,4,5,99,43,1,1,0,0,7,1017,0,0,0x008CC0DD,Training Jewel 2,0x0090B21E,A special Decoration made\nfor training purposes. It\ncannot be crafted.
3554,4,5,99,43,1,2,0,0,7,1018,0,0,0x008CC0EE,Training Jewel 3,0x0090B265,A special Decoration made\nfor training purposes. It\ncannot be crafted.
3555,4,5,99,43,1,3,0,0,7,1019,0,0,0x008CC0FF,Training Jewel 4,0x0090B2AC,A special Decoration made\nfor training purposes. It\ncannot be crafted.
3556,3,4,99,20,7,0,200,20,2,0,0,0,0x008CC110,Feathrd Rockworm,0x0090B2F3,An insect found high in the\nmountains. Its brown wings\nmake it look like a rock.
3557,4,5,99,20,4,0,5000,500,2,0,0,0,0x008CC121,Tallroot Butterfly,0x0090B344,"A yellow butterfly found in\nthe mountains, especially\nduring bad weather."
3558,3,4,99,20,2,0,200,20,2,0,0,0,0x008CC134,Barrelhopper,0x0090B38E,A chubby insect that looks\nlike a barrel and lives for\na surprisingly long time.
3559,3,4,99,20,2,0,500,50,2,0,0,0,0x008CC141,Emerald Carabid,0x0090B3DF,A carnivorous insect with a\ngleaming green body. Handle\nwith care!
3560,4,5,99,20,8,0,7500,750,2,0,0,0,0x008CC151,Peach Butterfly,0x0090B422,A cute small butterfly with\na pink hue reminiscent of a\nCongalala.
3561,3,4,99,27,10,0,1500,150,3,0,0,0,0x008CC161,Arcstone,0x0090B465,A mineral with a curious\ncalming effect. Often used\nas a charm.
3562,4,5,99,27,3,0,8900,890,3,0,0,0,0x008CC16A,Mountain Crystal,0x0090B4A5,A crystal that has become\nmountain-shaped over time.\nVery rare and precious.
3563,4,5,10,32,4,0,2000,200,2,0,0,0,0x008CC17B,Sugary Leaf,0x0090B4F2,A leaf that has become\nencrusted with sweet nectar.\n~C05(Account Item)
3564,3,4,99,15,0,0,200,20,2,0,0,0,0x008CC187,Rockpetal Herb,0x0090B539,A mountain plant with small\nwhite flowers that were once\nused to make a certain tea.
3565,3,4,99,15,8,0,400,40,2,0,0,0,0x008CC196,Reverie Bloom,0x0090B58E,"A mountain plant whose\nflowers, like dreams, bloom\nat dusk and wither at dawn."
3566,3,4,99,15,6,0,400,40,2,0,0,0,0x008CC1A4,Alpine Herb,0x0090B5DD,Its sharp leaves make this\nplant dangerous to touch.\nUsed to make clothing.
3567,4,5,99,15,4,0,4500,450,2,0,0,0,0x008CC1B0,Alpine Barbarea,0x0090B629,A plant with bright yellow\nflowers that grows high\nabove sea level.
3568,3,4,5,33,7,0,0,0,8,0,0,0,0x008CC1C0,Porta Cookie,0x0090B66D,A seasonal dessert made in\nMezeporta Square. Enjoyed by\nchildren and adults alike.
3569,3,4,10,33,0,0,0,0,8,0,0,0,0x008CC1CD,Porta Chocolate,0x0090B6C0,A seasonal dessert made in\nMezeporta Square. Enjoyed by\nchildren and adults alike.
3570,3,4,10,33,6,0,0,0,8,0,0,0,0x008CC1DD,Porta Candy,0x0090B713,A seasonal dessert made in\nMezeporta Square. Enjoyed by\nchildren and adults alike.
3571,4,5,99,9,5,0,20000,2000,1,0,0,0,0x008CC1E9,E.Dragon Jaw,0x0090B766,"The jaw of a powerful elder\ndragon. Needless to say, it\nis strong and valuable."
3572,4,5,99,9,5,0,20000,2000,1,0,0,0,0x008CC1F6,E.Dragon Webbing,0x0090B7B6,The membrane of a powerful\nelder dragon. Carving it\nrequires utmost care.
3573,3,4,99,12,4,0,200,20,1,0,0,0,0x008CC207,Alpineshroom,0x0090B800,A sweet-smelling mushroom\nfound in the mountains. Has\na bitter taste.
3574,3,4,99,5,3,0,1200,120,1,0,0,0,0x008CC214,Mellow Mackerel,0x0090B846,A fish that's found in every\nseason. Don't be fooled by\nthe name -- it bites!
3575,0,1,99,31,7,0,100,20,1,0,0,0,0x008CC224,Bulluk Horn,0x0090B894,"A large Bulluk horn. Softer\nthan they look, these horns\nexcel at transferring heat."
3576,0,1,99,14,7,0,100,20,1,0,0,0,0x008CC230,Bulluk Hide,0x0090B8E8,The thick pelt of a Bulluk.\nStiff to the touch and an\nexcellent insulator.
3577,1,2,99,9,7,0,500,100,1,0,0,0,0x008CC23C,Bulluk Head,0x0090B933,"A large, immensely heavy\nBulluk head. Commonly worn\nas headgear."
3578,0,1,99,31,0,0,100,20,1,0,0,0,0x008CC248,Alpelo Horn,0x0090B974,"A dignified Alpelo horn.\nThe males display larger,\nmore robust projections."
3579,0,1,99,14,0,0,100,20,1,0,0,0,0x008CC254,Alpelo Hide,0x0090B9C0,The fluffy white fur of an\nAlpelo. Moisture-proof and\nan excellent insulator.
3580,1,2,99,31,0,0,500,100,1,0,0,0,0x008CC260,Alpelo Hoof,0x0090BA0E,A cloven Alpelo hoof. Its\nshape allows them to grip\nrocks firmly. A rare find.
3581,4,5,99,43,1,3,0,0,7,1020,0,0,0x008CC26C,Training Jewel 5,0x0090BA5D,A special Decoration made\nfor training purposes. It\ncannot be crafted.
3582,4,5,99,34,4,0,10,20,0,0,0,0,0x008CC27D,Bewitching Coin,0x0090BAA4,"A smooth, polished coin with\nan alluring glow."
3583,4,5,99,34,4,0,10,20,0,0,0,0,0x008CC28D,Glimmering Coin,0x0090BAD3,"A smooth, polished coin with\na faint glow."
3584,4,5,99,34,4,0,10,20,0,0,0,0,0x008CC29D,Hazy Coin,0x0090BAFE,"A smooth, polished coin with\na dim glow."
3585,4,5,99,34,4,0,10,20,0,0,0,0,0x008CC2A7,Blinking Coin,0x0090BB27,"A smooth, polished coin that\noccasionally glimmers with a\nfaint flash."
3586,4,5,99,37,1,0,0,0,0,0,0,0,0x008CC2B5,SSFⅣ Tkt: Head,0x0090BB6E,Instructions on forging the\nSSFIV armor. Bring them to\nthe Smithy!
3587,4,5,99,37,1,0,0,0,0,0,0,0,0x008CC2C5,SSFⅣ Tkt: Chest,0x0090BBB1,Instructions on forging the\nSSFIV armor. Bring them to\nthe Smithy!
3588,4,5,99,37,1,0,0,0,0,0,0,0,0x008CC2D6,SSFⅣ Tkt: Arms,0x0090BBF4,Instructions on forging the\nSSFIV armor. Bring them to\nthe Smithy!
3589,4,5,99,37,1,0,0,0,0,0,0,0,0x008CC2E6,SSFⅣ Tkt: Waist,0x0090BC37,Instructions on forging the\nSSFIV armor. Bring them to\nthe Smithy!
3590,4,5,99,37,1,0,0,0,0,0,0,0,0x008CC2F7,SSFⅣ Tkt: Legs,0x0090BC7A,Instructions on forging the\nSSFIV armor. Bring them to\nthe Smithy!
3591,4,5,99,27,5,0,10,20,0,0,0,0,0x008CC307,Mossy Obsidian,0x0090BCBD,A piece of obsidian covered\nin a thick moss.
3592,4,5,99,27,3,0,10,20,0,0,0,0,0x008CC316,Mossy Marble,0x0090BCEA,A piece of marble fully\ncovered in moss.
3593,4,5,99,37,7,0,0,0,0,0,0,0,0x008CC323,F.Talwar Tkt,0x0090BD13,Instructions on forging the\nFlame Talwar. Bring them to\nthe Smithy!
3594,4,5,99,37,3,0,0,0,0,0,0,0,0x008CC330,R.Talwar Tkt,0x0090BD57,Instructions on forging the\nRain Talwar. Bring them to\nthe Smithy!
3595,4,5,99,37,4,0,0,0,0,0,0,0,0x008CC33D,S.Stroke Tkt,0x0090BD9A,Instructions on forging the\nShock Stroke. Bring them to\nthe Smithy!
3596,4,5,99,37,5,0,0,0,0,0,0,0,0x008CC34A,L.Stroke Tkt,0x0090BDDE,Instructions on forging the\nLizard Stroke. Bring them to\nthe Smithy!
3597,4,5,99,37,3,0,0,0,0,0,0,0,0x008CC357,Steno Ticket H,0x0090BE23,Instructions on forging the\nSteno armor. Bring them to\nthe Smithy!
3598,4,5,99,37,3,0,0,0,0,0,0,0,0x008CC366,Steno Ticket C,0x0090BE66,Instructions on forging the\nSteno armor. Bring them to\nthe Smithy!
3599,4,5,99,37,3,0,0,0,0,0,0,0,0x008CC375,Steno Ticket A,0x0090BEA9,Instructions on forging the\nSteno armor. Bring them to\nthe Smithy!
3600,4,5,99,37,3,0,0,0,0,0,0,0,0x008CC384,Steno Ticket W,0x0090BEEC,Instructions on forging the\nSteno armor. Bring them to\nthe Smithy!
3601,4,5,99,37,3,0,0,0,0,0,0,0,0x008CC393,Steno Ticket L,0x0090BF2F,Instructions on forging the\nSteno armor. Bring them to\nthe Smithy!
3602,4,5,99,37,5,0,0,0,0,0,0,0,0x008CC3A2,Metenera Tkt H,0x0090BF72,Instructions on forging the\nMetenera armor. Bring them\nto the Smithy!
3603,4,5,99,37,5,0,0,0,0,0,0,0,0x008CC3B1,Metenera Tkt C,0x0090BFB8,Instructions on forging the\nMetenera armor. Bring them\nto the Smithy!
3604,4,5,99,37,5,0,0,0,0,0,0,0,0x008CC3C0,Metenera Tkt A,0x0090BFFE,Instructions on forging the\nMetenera armor. Bring them\nto the Smithy!
3605,4,5,99,37,5,0,0,0,0,0,0,0,0x008CC3CF,Metenera Tkt W,0x0090C044,Instructions on forging the\nMetenera armor. Bring them\nto the Smithy!
3606,4,5,99,37,5,0,0,0,0,0,0,0,0x008CC3DE,Metenera Tkt L,0x0090C08A,Instructions on forging the\nMetenera armor. Bring them\nto the Smithy!
3607,4,5,99,37,5,0,0,0,0,0,0,0,0x008CC3ED,Poison Fling Tkt,0x0090C0D0,Instructions on forging the\nPoison Fling. Bring them to\nthe Smithy!
3608,4,5,99,37,7,0,0,0,0,0,0,0,0x008CC3FE,Astral Fling Tkt,0x0090C114,Instructions on forging the\nAstral Fling. Bring them to\nthe Smithy!
3609,4,5,99,37,0,0,0,0,0,0,0,0,0x008CC40F,Alliance Ticket,0x0090C158,An item given to honor the\nfriendship between hunters.
3610,4,5,99,37,2,0,0,0,0,0,0,0,0x008CC41F,Alliance Bond,0x0090C18F,An item given to honor the\nfriendship between hunters.
3611,4,5,99,37,4,0,0,0,0,0,0,0,0x008CC42D,Alliance Seal,0x0090C1C6,An item given to honor the\nfriendship between hunters.
3612,4,5,99,33,8,0,0,0,0,0,0,0,0x008CC43B,Sweet Memory,0x0090C1FD,A collection of mysterious\nstories that make you happy\njust by hearing them.
3613,4,5,99,27,0,0,0,0,0,0,0,0,0x008CC448,White Sugar,0x0090C24A,A sweet condiment made and\nused in Mezeporta Square.\nIts originator is unknown.
3614,4,5,99,37,1,0,0,0,0,0,0,0,0x008CC454,Red Ultima Tkt,0x0090C29A,Instructions on forging the\nRed Ultima I. Bring them to\nthe Smithy!
3615,4,5,99,37,6,0,0,0,0,0,0,0,0x008CC463,Teal Ultima Tkt,0x0090C2DE,Instructions on forging the\nTeal Ultima I. Bring them to\nthe Smithy!
3616,4,5,99,37,0,0,0,0,0,0,0,0,0x008CC473,Wht Ultima Tkt,0x0090C323,Instructions on forging the\nWhite Ultima I. Bring them\nto the Smithy!
3617,4,5,99,37,0,0,0,0,0,0,0,0,0x008CC482,Ferrum Lance Tkt,0x0090C369,Instructions on forging the\nFerrum Lance. Bring them to\nthe Smithy!
3618,4,5,99,37,0,0,0,0,0,0,0,0,0x008CC493,Aesir Lance Tkt,0x0090C3AD,Instructions on forging the\nAesir Lance. Bring them to\nthe Smithy!
3619,4,5,99,37,1,0,0,0,0,0,0,0,0x008CC4A3,Red Logitech Tkt,0x0090C3F0,A special ticket awarded to\nhunters who've only started\nout. Bring it to the Smithy.
3620,4,5,99,37,3,0,0,0,0,0,0,0,0x008CC4B4,Blu Logitech Tkt,0x0090C445,A special ticket awarded to\nhunters who've only started\nout. Bring it to the Smithy.
3621,4,5,99,37,2,0,0,0,0,0,0,0,0x008CC4C5,Grn Logitech Tkt,0x0090C49A,A special ticket awarded to\nhunters who've only started\nout. Bring it to the Smithy.
3622,4,5,99,37,0,0,0,0,0,0,0,0,0x008CC4D6,Royal Rifle Tkt,0x0090C4EF,Instructions on forging the\nRoyal Rifle. Bring them to\nthe Smithy!
3623,4,5,99,37,0,0,0,0,0,0,0,0,0x008CC4E6,Republican Tkt,0x0090C532,Instructions on forging the\nRepublican Rifle. Bring them\nto the Smithy!
3624,4,5,99,37,0,0,0,0,0,0,0,0,0x008CC4F5,Federate Tkt,0x0090C57A,Instructions on forging the\nFederate Rifle. Bring them\nto the Smithy!
3625,4,5,99,37,0,0,0,0,0,0,0,0,0x008CC502,Baron Ticket,0x0090C5C0,Instructions on forging the\nBaron Launcher. Bring them\nto the Smithy!
3626,4,5,99,37,0,0,0,0,0,0,0,0,0x008CC50F,Conde Ticket,0x0090C606,Instructions on forging the\nConde Launcher. Bring them\nto the Smithy!
3627,4,5,99,37,0,0,0,0,0,0,0,0,0x008CC51C,Marquis Ticket,0x0090C64C,Instructions on forging the\nMarquis Launcher. Bring them\nto the Smithy!
3628,4,5,99,31,4,0,0,0,0,0,0,0,0x008CC52B,Sturdy Horn,0x0090C694,"A horn carved from a small\nmonster. Exceedingly tough,\nbut useless as a material."
3629,4,5,99,33,10,0,0,0,0,0,0,0,0x008CC537,StrdyExcelleFbrc,0x00101BD4,制作者不明の華麗な織物。\n厚い布地の為、服を縫うのに\n適していない。
3630,4,5,99,33,0,0,0,0,0,0,0,0,0x008CC548,SppleExcelleFbrc,0x00101C17,制作者不明の華麗な織物。\n手で掴むことができないほど\n柔らかく、加工が困難である。
3631,4,5,99,37,0,0,0,0,0,0,0,0,0x008CC559,Byrnie Ticket H,0x0090C6E6,Instructions on forging the\nByrnie armor. Bring them to\nthe Smithy!
3632,4,5,99,37,0,0,0,0,0,0,0,0,0x008CC569,Byrnie Ticket C,0x0090C72A,Instructions on forging the\nByrnie armor. Bring them to\nthe Smithy!
3633,4,5,99,37,0,0,0,0,0,0,0,0,0x008CC579,Byrnie Ticket A,0x0090C76E,Instructions on forging the\nByrnie armor. Bring them to\nthe Smithy!
3634,4,5,99,37,0,0,0,0,0,0,0,0,0x008CC589,Byrnie Ticket W,0x0090C7B2,Instructions on forging the\nByrnie armor. Bring them to\nthe Smithy!
3635,4,5,99,37,0,0,0,0,0,0,0,0,0x008CC599,Byrnie Ticket L,0x0090C7F6,Instructions on forging the\nByrnie armor. Bring them to\nthe Smithy!
3636,4,5,99,27,1,0,0,0,0,0,0,0,0x008CC5A9,Red Hunter Dice,0x0090C83A,A hexahedral dice given out\nby the Guild. Its purpose\nremains unknown.
3637,4,5,99,27,3,0,0,0,0,0,0,0,0x008CC5B9,Blue Hunter Dice,0x0090C881,A hexahedral dice given out\nby the Guild. Its purpose\nremains unknown.
3638,4,5,99,27,0,0,0,0,0,0,0,0,0x008CC5CA,Wht Hunter Dice,0x0090C8C8,A hexahedral dice given out\nby the Guild. Its purpose\nremains unknown.
3639,4,5,99,27,8,0,0,0,0,0,0,0,0x008CC5DA,Pink Hunter Dice,0x0090C90F,A hexahedral dice given out\nby the Guild. Its purpose\nremains unknown.
3640,4,5,99,27,5,0,0,0,0,0,0,0,0x008CC5EB,Prpl Hunter Dice,0x0090C956,A hexahedral dice given out\nby the Guild. Its purpose\nremains unknown.
3641,4,5,99,37,1,0,0,0,0,0,0,0,0x008CC5FC,Red Hunter Card,0x0090C99D,A card given out by the\nGuild. It has no price\nand its use is unknown.
3642,4,5,99,37,3,0,0,0,0,0,0,0,0x008CC60C,Blue Hunter Card,0x0090C9E4,A card given out by the\nGuild. It has no price\nand its use is unknown.
3643,4,5,99,37,0,0,0,0,0,0,0,0,0x008CC61D,Wht Hunter Card,0x0090CA2B,A card given out by the\nGuild. It has no price\nand its use is unknown.
3644,4,5,99,37,8,0,0,0,0,0,0,0,0x008CC62D,Pink Hunter Card,0x0090CA72,A card given out by the\nGuild. It has no price\nand its use is unknown.
3645,4,5,99,37,5,0,0,0,0,0,0,0,0x008CC63E,Prpl Hunter Card,0x0090CAB9,A card given out by the\nGuild. It has no price\nand its use is unknown.
3646,4,5,1,36,1,0,0,0,0,0,0,0,0x008CC64F,Red Hunter Book,0x0090CB00,An empty book given out by\nthe Guild. Its use remains\na complete mystery.
3647,4,5,1,36,3,0,0,0,0,0,0,0,0x008CC65F,Blue Hunter Book,0x0090CB4A,An empty book given out by\nthe Guild. Its use remains\na complete mystery.
3648,4,5,1,36,0,0,0,0,0,0,0,0,0x008CC670,Wht Hunter Book,0x0090CB94,An empty book given out by\nthe Guild. Its use remains\na complete mystery.
3649,4,5,1,36,8,0,0,0,0,0,0,0,0x008CC680,Pink Hunter Book,0x0090CBDE,An empty book given out by\nthe Guild. Its use remains\na complete mystery.
3650,4,5,1,36,5,0,0,0,0,0,0,0,0x008CC691,Prpl Hunter Book,0x0090CC28,An empty book given out by\nthe Guild. Its use remains\na complete mystery.
3651,4,5,99,37,1,0,0,0,0,0,0,0,0x008CC6A2,Red Ticket Stub,0x0090CC72,A ticket stub rarely issued\nby the Hunter's Guild. Used\nfor a variety of purposes.
3652,4,5,99,37,3,0,0,0,0,0,0,0,0x008CC6B2,Blue Ticket Stub,0x0090CCC5,A ticket stub rarely issued\nby the Hunter's Guild. Used\nfor a variety of purposes.
3653,4,5,99,37,0,0,0,0,0,0,0,0,0x008CC6C3,Wht Ticket Stub,0x0090CD18,A ticket stub rarely issued\nby the Hunter's Guild. Used\nfor a variety of purposes.
3654,4,5,99,37,8,0,0,0,0,0,0,0,0x008CC6D3,Pink Ticket Stub,0x0090CD6B,A ticket stub rarely issued\nby the Hunter's Guild. Used\nfor a variety of purposes.
3655,4,5,99,37,5,0,0,0,0,0,0,0,0x008CC6E4,Prp Ticket Stub,0x0090CDBE,A ticket stub rarely issued\nby the Hunter's Guild. Used\nfor a variety of purposes.
3656,2,3,99,35,1,0,0,0,0,0,0,0,0x008CC6F4,Red Hunter Bag,0x0090CE11,A bag rarely given out by\nthe Hunter's Guild. Used\nfor a variety of purposes.
3657,2,3,99,35,3,0,0,0,0,0,0,0,0x008CC703,Blue Hunter Bag,0x0090CE5F,A bag rarely given out by\nthe Hunter's Guild. Used\nfor a variety of purposes.
3658,2,3,99,35,0,0,0,0,0,0,0,0,0x008CC713,Wht Hunter Bag,0x0090CEAD,A bag rarely given out by\nthe Hunter's Guild. Used\nfor a variety of purposes.
3659,2,3,99,35,8,0,0,0,0,0,0,0,0x008CC722,Pink Hunter Bag,0x0090CEFB,A bag rarely given out by\nthe Hunter's Guild. Used\nfor a variety of purposes.
3660,2,3,99,35,5,0,0,0,0,0,0,0,0x008CC732,Prpl Hunter Bag,0x0090CF49,A bag rarely given out by\nthe Hunter's Guild. Used\nfor a variety of purposes.
3661,4,5,99,24,3,0,0,0,0,0,0,0,0x008CC742,MellowBlueNectar,0x0090CF97,Gives children a pleasant\nbuzz. Adults should instead\nbring it to the Workshop.
3662,4,5,99,24,8,0,0,0,0,0,0,0,0x008CC753,MellowPinkNectar,0x0090CFE7,Gives children a pleasant\nbuzz. Adults should instead\nbring it to the Workshop.
3663,4,5,1,15,6,0,0,0,0,0,0,0,0x008CC764,Sweet Dew,0x00101E65,無味無臭のハヤシ草を\n長時間煮詰めることで、\nわずかな露を取り出したもの。
3664,4,5,1,15,7,0,0,0,0,0,0,0,0x008CC76E,Serene Dew,0x00101EAE,無味無臭のカンジョ草を\n長時間煮詰めることで、\nわずかな露を取り出したもの。
3665,4,5,99,43,10,0,0,0,0,0,0,0,0x008CC779,False Crystal,0x00101EF9,灰水晶に似た輝きの鉱石。\n手にとってよく見れば、\n素人でも本物と見分けられる。
3666,4,5,99,27,10,0,0,0,0,0,0,0,0x008CC787,False Gemstone,0x00101F46,灰水晶を含有する原石と\nよく似た鉱石。このままでは\n鉱物としての価値はない。
3667,4,5,99,15,4,0,0,0,0,0,0,0,0x008CC796,Kubiki Sprout,0x00101F91,クビキ草という希少植物の芽。\n生物や爆発物の活動に対して、\n強い鎮静作用があるという。
3668,4,5,99,18,4,0,0,0,0,0,0,0,0x008CC7A4,Kubiki Seed,0x00101FE6,クビキ草という希少植物の種。\n生物や爆発物の活動に対して、\n強い鎮静作用があるという。
3669,4,5,99,24,4,0,0,0,0,0,0,0,0x008CC7B0,Kubiki Extract,0x0010203B,クビキ草という希少植物から\n抽出したエキス。生物や\n爆発物の作用を抑制する。
3670,4,5,99,80,4,0,0,0,0,0,0,0,0x008CC7BF,Kubiki Essence,0x00102086,クビキ草という希少植物から\n抽出した高濃度のエキス。\n非常に強力な束縛効果を誇る。
3671,4,5,10,34,4,0,0,0,0,0,0,0,0x008CC7CE,Felvine Coin,0x001020D7,巨大な魚の骨を削ってコイン\nの形にしたもの。マタタビの\n花の模様が刻まれている。
3672,4,5,99,37,3,0,0,0,0,0,0,0,0x008CC7DB,BP9 Ticket 1,0x0090D037,"A ticket made of special,\nrare paper. Can be exchanged\nfor a special item."
3673,4,5,99,37,3,0,0,0,0,0,0,0,0x008CC7E8,BP9 Ticket 2,0x0090D082,"A ticket made of special,\nrare paper. Can be exchanged\nfor a special item."
3674,4,5,99,37,3,0,0,0,0,0,0,0,0x008CC7F5,BP9 Ticket 3,0x0090D0CD,"A ticket made of special,\nrare paper. Can be exchanged\nfor a special item."
3675,4,5,99,37,3,0,0,0,0,0,0,0,0x008CC802,BP9 Ticket 4,0x0090D118,"A ticket made of special,\nrare paper. Can be exchanged\nfor a special item."
3676,4,5,99,37,3,0,0,0,0,0,0,0,0x008CC80F,BP9 Ticket 5,0x0090D163,"A ticket made of special,\nrare paper. Can be exchanged\nfor a special item."
3677,4,5,99,37,3,0,0,0,0,0,0,0,0x008CC81C,BP9 Ticket 6,0x0090D1AE,"A ticket made of special,\nrare paper. Can be exchanged\nfor a special item."
3678,4,5,99,37,3,0,0,0,0,0,0,0,0x008CC829,BP9 Ticket 7,0x0090D1F9,"A ticket made of special,\nrare paper. Can be exchanged\nfor a special item."
3679,4,5,99,37,3,0,0,0,0,0,0,0,0x008CC836,BP9 Ticket 8,0x0090D244,"A ticket made of special,\nrare paper. Can be exchanged\nfor a special item."
3680,4,5,99,37,7,0,0,0,0,0,0,0,0x008CC843,TP4 Ticket 1,0x0090D28F,A ticket made of strange\npaper. Can be exchanged\nfor a special item.
3681,4,5,99,37,7,0,0,0,0,0,0,0,0x008CC850,TP4 Ticket 2,0x0090D2D4,A ticket made of strange\npaper. Can be exchanged\nfor a special item.
3682,4,5,99,37,7,0,0,0,0,0,0,0,0x008CC85D,TP4 Ticket 3,0x0090D319,A ticket made of strange\npaper. Can be exchanged\nfor a special item.
3683,4,5,99,37,7,0,0,0,0,0,0,0,0x008CC86A,TP4 Ticket 4,0x0090D35E,A ticket made of strange\npaper. Can be exchanged\nfor a special item.
3684,4,5,99,37,7,0,0,0,0,0,0,0,0x008CC877,TP4 Ticket 5,0x0090D3A3,A ticket made of strange\npaper. Can be exchanged\nfor a special item.
3685,4,5,99,27,1,0,0,0,0,0,0,0,0x008CC884,Red Caldite,0x0090D3E8,An ore said to contain the\npower of flame. Its color\nchanges with viewing angle.
3686,4,5,99,27,6,0,0,0,0,0,0,0,0x008CC890,Sky Caldite,0x0090D439,An ore said to contain the\npower of flame. Its color\nchanges with viewing angle.
3687,4,5,99,27,5,0,0,0,0,0,0,0,0x008CC89C,Purple Caldite,0x0090D48A,An ore said to contain the\npower of flame. Its color\nchanges with viewing angle.
3688,4,5,99,27,8,0,0,0,0,0,0,0,0x008CC8AB,Pink Caldite,0x0090D4DB,An ore said to contain the\npower of flame. Its color\nchanges with viewing angle.
3689,4,5,99,37,2,0,0,0,0,0,0,0,0x008CC8B8,Garde Sword Tkt,0x0090D52C,Instructions on forging the\nVanguard Sword. Bring them\nto the Smithy!
3690,4,5,99,37,10,0,0,0,0,0,0,0,0x008CC8C8,Agita Sword Tkt,0x0090D572,Instructions on forging the\nAgita Sword. Bring them to\nthe Smithy!
3691,4,5,99,37,7,0,0,0,0,0,0,0,0x008CC8D8,Digs Sword Tkt,0x0090D5B5,Instructions on forging the\nDiggs Sword. Bring them to\nthe Smithy!
3692,4,5,99,37,2,0,0,0,0,0,0,0,0x008CC8E7,Elkie Ticket,0x0090D5F8,Instructions on forging the\nNoble's Lance. Bring them to\nthe Smithy!
3693,4,5,99,37,10,0,0,0,0,0,0,0,0x008CC8F4,Iski Ticket,0x0090D63D,Instructions on forging the\nOfficer's Lance. Bring them\nto the Smithy!
3694,4,5,99,37,7,0,0,0,0,0,0,0,0x008CC900,C.Lance Ticket,0x0090D684,Instructions on forging the\nCleansing Lance. Bring them\nto the Smithy!
3695,4,5,99,31,4,0,0,0,0,0,0,0,0x008CC90F,Raging Horns,0x00102290,類まれなる強度を誇る双角。\nその堅牢さから、追い求める\nハンターは多い。
3696,4,5,99,31,4,0,0,0,0,0,0,0,0x008CC91C,Violent Horns,0x001022D7,圧倒的な強度を誇る双角。\n希少価値が高く、滅多に\nお目にかかれないという。
3697,4,5,99,31,10,0,0,0,0,0,0,0,0x008CC92A,Demonic Horns,0x00102320,類まれなる強度を誇る\n黒き双角。その堅牢さから、\n追い求めるハンターは多い。
3698,4,5,99,31,10,0,0,0,0,0,0,0,0x008CC938,Tyrannical Horns,0x0010236B,圧倒的な強度を誇る黒き双角。\n希少価値が高く、滅多に\nお目にかかれないという。
3699,4,5,99,1,1,0,0,0,0,0,0,0,0x008CC949,Rufus Lapis,0x0090D6CB,A Fire-resistant jewel.\nIts properties have helped\nmany throughout the ages.
3700,4,5,99,1,3,0,0,0,0,0,0,0,0x008CC955,Seanie Lapis,0x0090D718,A Water-resistant jewel.\nIts properties have helped\nmany throughout the ages.
3701,4,5,99,1,4,0,0,0,0,0,0,0,0x008CC962,Jaune Lapis,0x0090D766,A Thunder-resistant jewel.\nIts properties have helped\nmany throughout the ages.
3702,4,5,99,1,0,0,0,0,0,0,0,0,0x008CC96E,Albus Lapis,0x0090D7B6,An Ice-resistant jewel.\nIts properties have helped\nmany throughout the ages.
3703,4,5,99,1,10,0,0,0,0,0,0,0,0x008CC97A,Plate Lapis,0x0090D803,A Dragon-resistant jewel.\nIts properties have helped\nmany throughout the ages.
3704,4,5,99,25,0,0,0,0,0,0,0,0,0x008CC986,Jewelled Egg,0x0090D852,A beautiful egg rumored to\nbe filled with hopes and\ndreams. Revered by artisans.
3705,4,5,99,35,8,0,0,0,0,0,0,0,0x008CC993,Chitose Base,0x0090D8A3,Used to craft various Poogie\nDecorations. Bring it to the\nSmithy!
3706,4,5,99,35,5,0,0,0,0,0,0,0,0x008CC9A0,Suou Base,0x0090D8E5,Used to craft various Poogie\nDecorations. Bring it to the\nSmithy!
3707,4,5,99,35,4,0,0,0,0,0,0,0,0x008CC9AA,Light Green Base,0x0090D927,Used to craft various Poogie\nDecorations. Bring it to the\nSmithy!
3708,4,5,99,35,3,0,0,0,0,0,0,0,0x008CC9BB,Tsuyukusa Base,0x0090D969,Used to craft various Poogie\nDecorations. Bring it to the\nSmithy!
3709,4,5,99,35,7,0,0,0,0,0,0,0,0x008CC9CA,Usugaki Base,0x0090D9AB,Used to craft various Poogie\nDecorations. Bring it to the\nSmithy!
3710,4,5,99,35,2,0,0,0,0,0,0,0,0x008CC9D7,Evergreen Base,0x0090D9ED,Used to craft various Poogie\nDecorations. Bring it to the\nSmithy!
3711,4,5,99,35,6,0,0,0,0,0,0,0,0x008CC9E6,Lapis Base,0x0090DA2F,Used to craft various Poogie\nDecorations. Bring it to the\nSmithy!
3712,4,5,99,14,0,0,0,40000,1,0,0,0,0x008CC9F1,Kirin Piel,0x0090DA71,A top-quality hide carved\nfrom a Kirin. Each pattern\nis said to be unique.
3713,4,5,99,9,0,0,0,50000,1,0,0,0,0x008CC9FC,Kirin Silvertail,0x0090DABC,A rare Kirin tail. Its fur\nsways like dancing flakes\nof silvery snow.
3714,4,5,99,31,0,0,0,60000,1,0,0,0,0x008CCA0D,Kirin Silverhorn,0x0090DB02,A horn carved from a unique\nKirin. Shines with a silver\nglow at certain angles.
3715,4,5,99,14,5,0,0,30000,1,0,0,0,0x008CCA1E,Cham Specklehide,0x0090DB52,"A unique Chameleos hide.\nIts surface has a beautiful,\nspeckled pattern."
3716,4,5,99,14,5,0,0,40000,1,0,0,0,0x008CCA2F,Cham Phantomhide,0x0090DB9A,A quality Chameleos hide.\nNamed after its extreme\nrarity.
3717,4,5,99,14,5,0,0,50000,1,0,0,0,0x008CCA40,Cham Prismhide,0x0090DBD4,A precious hide shining with\na prismatic glow. Its hues\nshift with viewing angle.
3718,4,5,99,9,5,0,0,30000,1,0,0,0,0x008CCA4F,Garuga Purpwing,0x0090DC26,A Yian Garuga wing whose\nmembrane seems to have been\nstained by potent toxicity.
3719,4,5,99,10,5,0,0,40000,1,0,0,0,0x008CCA5F,Poisonous Beak,0x0090DC77,"A discolored Garuga beak.\nDespite its toxic hue, it\ndoes not seem poisonous."
3720,4,5,99,9,2,0,0,30000,1,0,0,0,0x008CCA6E,Espi Grandspike,0x0090DCC4,"A sharp Espinas spike. In\nspite of its ordinary look,\nit is much more poisonous."
3721,4,5,99,9,2,0,0,40000,1,0,0,0,0x008CCA7E,Espinas Noxspike,0x0090DD15,"A spike whose single prick\ncauses fainting, while two\nensure eternal slumber."
3722,4,5,99,9,3,0,0,40000,1,0,0,0,0x008CCA8F,Dura Rimeshell,0x0090DD63,A rare shell carved from a\nvicious Duragaua. Wreathed\nin bone-chilling cold.
3723,4,5,99,9,3,0,0,50000,1,0,0,0,0x008CCA9E,Dura Frostshell,0x0090DDB0,A rare Duragaua shell. Said\nto multiply durability when\nwhen forged into armor.
3724,4,5,99,9,3,0,0,60000,1,0,0,0,0x008CCAAE,Dura Iceshell,0x0090DE00,The finest among Duragaua\nshells. Named for its icy\ncold texture.
3725,4,5,99,31,3,0,0,30000,1,0,0,0,0x008CCABC,Ceanataur Edge,0x0090DE42,A Shogun Ceanataur claw with\na beautiful blue tip. Light\nand exceptionally sturdy.
3726,4,5,99,31,3,0,0,40000,1,0,0,0,0x008CCACB,Ceanataur Razor,0x0090DE95,Rare Shogun Ceanataur claw.\nIts edge remains spotless\nand emits a smooth luster.
3727,4,5,99,31,3,0,0,50000,1,0,0,0,0x008CCADB,Ceanataur Saber,0x0090DEE6,A giant claw reminiscent of\na blue rock. Its clear hue\ncaptivates many a hunter.
3728,4,5,99,31,4,0,0,50000,1,0,0,0,0x008CCAEB,Rajang Brutefang,0x0090DF37,A fang from an especially\nfierce Rajang. Covered with\ncountless scars.
3729,4,5,99,14,10,0,0,60000,1,0,0,0,0x008CCAFC,Rajang Ebonfur,0x0090DF7E,Stiff jet-black Rajang fur.\nOnly a small amount can be\ncarved from each individual.
3730,4,5,99,31,4,0,0,0,1,0,0,0,0x008CCB0B,Rajang Gorer,0x0090DFD2,Proof of slaying a Phantom.\nA priceless material with no\nestablished crafting method.
3731,4,5,99,23,3,0,0,10000,1,0,0,0,0x008CCB18,Vdrome Vividscl,0x0090E028,A vivid scale commonly used\nas an equipment decoration\nfor its shape and luster.
3732,4,5,99,14,3,0,0,15000,1,0,0,0,0x008CCB28,Velocidrome Piel,0x0090E079,A top-quality Velocidrome\nhide. Boasts excellent\ntoughness and elasticity.
3733,4,5,99,31,3,0,0,20000,1,0,0,0,0x008CCB39,Vdrome Longclaw,0x0090E0C4,A long talon carved from a\nfierce Velocidrome. Sharp\nand powerful.
3734,4,5,99,9,1,0,0,30000,1,0,0,0,0x008CCB49,Monoblos Hardshl,0x0090E107,An exceedingly rare Monoblos\nshell. Its toughness defies\nall expectations.
3735,4,5,99,23,3,0,0,30000,1,0,0,0,0x008CCB5A,A.Rath Direscale,0x0090E152,A precious scale carved\nfrom one of the strongest\nof Azure Rathalos.
3736,4,5,99,23,3,0,0,40000,1,0,0,0,0x008CCB6B,A.Rath Hellscale,0x0090E197,"A scale from a fierce Azure\nRathalos. Its deep, unique\nhue cannot be replicated."
3737,4,5,99,9,5,0,20000,2000,1,0,0,0,0x008CCB7C,E.Dragon Tongue,0x0090E1E8,An elder dragon tongue. Said\nto transform when processed\nwith a special technique.
3738,4,5,99,9,5,0,20000,2000,1,0,0,0,0x008CCB8C,E.Dragon Tendon,0x0090E23B,A clear elder dragon tendon.\nIt enables the monster to\nperform astounding feats.
3739,4,5,99,43,4,0,0,0,7,1021,2,0,0x008CCB9C,Rapid Fire PA4,0x0090E28C,A Haven Poogie Decoration.\nIncompatible with certain\noutfits.
3740,4,5,99,43,4,0,0,0,7,1022,2,0,0x008CCBAB,Guts PA1,0x0090E2CA,A Haven Poogie Decoration.\nIncompatible with certain\noutfits.
3741,4,5,99,43,4,0,0,0,7,1023,2,0,0x008CCBB4,Guts PA2,0x0090E308,A Haven Poogie Decoration.\nIncompatible with certain\noutfits.
3742,4,5,99,43,4,0,0,0,7,1024,2,0,0x008CCBBD,Guts PA3,0x0090E346,A Haven Poogie Decoration.\nIncompatible with certain\noutfits.
3743,4,5,99,43,4,0,0,0,7,1025,2,0,0x008CCBC6,SpeedSetup PA1,0x0090E384,A Haven Poogie Decoration.\nIncompatible with certain\noutfits.
3744,4,5,99,43,4,0,0,0,7,1026,2,0,0x008CCBD5,SpeedSetup PA2,0x0090E3C2,A Haven Poogie Decoration.\nIncompatible with certain\noutfits.
3745,4,5,99,43,4,0,0,0,7,1027,2,0,0x008CCBE4,SpeedSetup PA3,0x0090E400,A Haven Poogie Decoration.\nIncompatible with certain\noutfits.
3746,4,5,99,43,4,0,0,0,7,1028,2,0,0x008CCBF3,Gathering PA2,0x0090E43E,A Haven Poogie Decoration.\nIncompatible with certain\noutfits.
3747,4,5,99,43,4,0,0,0,7,1029,2,0,0x008CCC01,Gathering PA3,0x0090E47C,A Haven Poogie Decoration.\nIncompatible with certain\noutfits.
3748,4,5,99,43,4,0,0,0,7,1030,2,0,0x008CCC0F,Gathering PA4,0x0090E4BA,A Haven Poogie Decoration.\nIncompatible with certain\noutfits.
3749,4,5,99,43,4,0,0,0,7,1031,2,0,0x008CCC1D,Combo Rate PA2,0x0090E4F8,A Haven Poogie Decoration.\nIncompatible with certain\noutfits.
3750,4,5,99,43,4,0,0,0,7,1032,2,0,0x008CCC2C,Combo Rate PA3,0x0090E536,A Haven Poogie Decoration.\nIncompatible with certain\noutfits.
3751,4,5,99,43,4,0,0,0,7,1033,2,0,0x008CCC3B,Combo Rate PA4,0x0090E574,A Haven Poogie Decoration.\nIncompatible with certain\noutfits.
3752,4,5,99,43,4,0,0,0,7,1034,2,0,0x008CCC4A,Guts PB1,0x0090E5B2,A Haven Poogie Decoration.\nIncompatible with certain\noutfits.
3753,4,5,99,43,4,0,0,0,7,1035,2,0,0x008CCC53,Guts PB2,0x0090E5F0,A Haven Poogie Decoration.\nIncompatible with certain\noutfits.
3754,4,5,99,43,4,0,0,0,7,1036,2,0,0x008CCC5C,Guts PB3,0x0090E62E,A Haven Poogie Decoration.\nIncompatible with certain\noutfits.
3755,4,5,99,43,4,0,0,0,7,1037,2,0,0x008CCC65,Guts PB4,0x0090E66C,A Haven Poogie Decoration.\nIncompatible with certain\noutfits.
3756,4,5,99,43,4,0,0,0,7,1038,2,0,0x008CCC6E,SpeedSetup PB1,0x0090E6AA,A Haven Poogie Decoration.\nIncompatible with certain\noutfits.
3757,4,5,99,43,4,0,0,0,7,1039,2,0,0x008CCC7D,SpeedSetup PB2,0x0090E6E8,A Haven Poogie Decoration.\nIncompatible with certain\noutfits.
3758,4,5,99,43,4,0,0,0,7,1040,2,0,0x008CCC8C,SpeedSetup PB3,0x0090E726,A Haven Poogie Decoration.\nIncompatible with certain\noutfits.
3759,4,5,99,43,4,0,0,0,7,1041,2,0,0x008CCC9B,SpeedSetup PB4,0x0090E764,A Haven Poogie Decoration.\nIncompatible with certain\noutfits.
3760,4,5,99,43,4,0,0,0,7,1042,2,0,0x008CCCAA,Sleep SC+ PB1,0x0090E7A2,A Haven Poogie Decoration.\nIncompatible with certain\noutfits.
3761,4,5,99,43,4,0,0,0,7,1043,2,0,0x008CCCB8,Sleep SC+ PB2,0x0090E7E0,A Haven Poogie Decoration.\nIncompatible with certain\noutfits.
3762,4,5,99,43,4,0,0,0,7,1044,2,0,0x008CCCC6,Sleep SC+ PB3,0x0090E81E,A Haven Poogie Decoration.\nIncompatible with certain\noutfits.
3763,4,5,99,43,4,0,0,0,7,1045,2,0,0x008CCCD4,FastCharge PB1,0x0090E85C,A Haven Poogie Decoration.\nIncompatible with certain\noutfits.
3764,4,5,99,43,4,0,0,0,7,1046,2,0,0x008CCCE3,FastCharge PB2,0x0090E89A,A Haven Poogie Decoration.\nIncompatible with certain\noutfits.
3765,4,5,99,43,4,0,0,0,7,1047,2,0,0x008CCCF2,FastCharge PB3,0x0090E8D8,A Haven Poogie Decoration.\nIncompatible with certain\noutfits.
3766,4,5,99,43,4,0,0,0,7,1048,2,0,0x008CCD01,Artillery PB4,0x0090E916,A Haven Poogie Decoration.\nIncompatible with certain\noutfits.
3767,4,5,99,43,4,0,0,0,7,1049,2,0,0x008CCD0F,Artillery PB5,0x0090E954,A Haven Poogie Decoration.\nIncompatible with certain\noutfits.
3768,4,5,99,43,4,0,0,0,7,1050,2,0,0x008CCD1D,Artillery PB6,0x0090E992,A Haven Poogie Decoration.\nIncompatible with certain\noutfits.
3769,4,5,99,43,4,0,0,0,7,1051,2,0,0x008CCD2B,Artillery PB7,0x0090E9D0,A Haven Poogie Decoration.\nIncompatible with certain\noutfits.
3770,4,5,99,43,4,0,0,0,7,1052,2,0,0x008CCD39,Transporter PB3,0x0090EA0E,A Haven Poogie Decoration.\nIncompatible with certain\noutfits.
3771,4,5,99,43,4,0,0,0,7,1053,2,0,0x008CCD49,Transporter PB4,0x0090EA4C,A Haven Poogie Decoration.\nIncompatible with certain\noutfits.
3772,4,5,99,43,4,0,0,0,7,1054,2,0,0x008CCD59,Transporter PB5,0x0090EA8A,A Haven Poogie Decoration.\nIncompatible with certain\noutfits.
3773,4,5,99,43,4,0,0,0,7,1055,2,0,0x008CCD69,Psychic PB1,0x0090EAC8,A Haven Poogie Decoration.\nIncompatible with certain\noutfits.
3774,4,5,99,43,4,0,0,0,7,1056,2,0,0x008CCD75,Psychic PB2,0x0090EB06,A Haven Poogie Decoration.\nIncompatible with certain\noutfits.
3775,4,5,99,43,4,0,0,0,7,1057,2,0,0x008CCD81,Psychic PB3,0x0090EB44,A Haven Poogie Decoration.\nIncompatible with certain\noutfits.
3776,4,5,99,43,4,0,0,0,7,1058,2,0,0x008CCD8D,SpdGather PB1,0x0090EB82,A Haven Poogie Decoration.\nIncompatible with certain\noutfits.
3777,4,5,99,43,4,0,0,0,7,1059,2,0,0x008CCD9B,SpdGather PB2,0x0090EBC0,A Haven Poogie Decoration.\nIncompatible with certain\noutfits.
3778,4,5,99,43,4,0,0,0,7,1060,2,0,0x008CCDA9,SpdGather PB3,0x0090EBFE,A Haven Poogie Decoration.\nIncompatible with certain\noutfits.
3779,3,4,99,43,4,0,0,0,7,1061,2,0,0x008CCDB7,Guts PC1,0x0090EC3C,A Haven Poogie Decoration.\nIncompatible with certain\noutfits.
3780,3,4,99,43,4,0,0,0,7,1062,2,0,0x008CCDC0,Guts PC2,0x0090EC7A,A Haven Poogie Decoration.\nIncompatible with certain\noutfits.
3781,3,4,99,43,4,0,0,0,7,1063,2,0,0x008CCDC9,Guts PC3,0x0090ECB8,A Haven Poogie Decoration.\nIncompatible with certain\noutfits.
3782,3,4,99,43,4,0,0,0,7,1064,2,0,0x008CCDD2,Guts PC4,0x0090ECF6,A Haven Poogie Decoration.\nIncompatible with certain\noutfits.
3783,3,4,99,43,4,0,0,0,7,1065,2,0,0x008CCDDB,SpeedSetup PC1,0x0090ED34,A Haven Poogie Decoration.\nIncompatible with certain\noutfits.
3784,3,4,99,43,4,0,0,0,7,1066,2,0,0x008CCDEA,SpeedSetup PC2,0x0090ED72,A Haven Poogie Decoration.\nIncompatible with certain\noutfits.
3785,3,4,99,43,4,0,0,0,7,1067,2,0,0x008CCDF9,SpeedSetup PC3,0x0090EDB0,A Haven Poogie Decoration.\nIncompatible with certain\noutfits.
3786,3,4,99,43,4,0,0,0,7,1068,2,0,0x008CCE08,SpeedSetup PC4,0x0090EDEE,A Haven Poogie Decoration.\nIncompatible with certain\noutfits.
3787,3,4,99,43,4,0,0,0,7,1069,2,0,0x008CCE17,Sleep SC+ PC1,0x0090EE2C,A Haven Poogie Decoration.\nIncompatible with certain\noutfits.
3788,3,4,99,43,4,0,0,0,7,1070,2,0,0x008CCE25,Sleep SC+ PC2,0x0090EE6A,A Haven Poogie Decoration.\nIncompatible with certain\noutfits.
3789,3,4,99,43,4,0,0,0,7,1071,2,0,0x008CCE33,Sleep SC+ PC3,0x0090EEA8,A Haven Poogie Decoration.\nIncompatible with certain\noutfits.
3790,3,4,99,43,4,0,0,0,7,1072,2,0,0x008CCE41,Sleep SC+ PC4,0x0090EEE6,A Haven Poogie Decoration.\nIncompatible with certain\noutfits.
3791,3,4,99,43,4,0,0,0,7,1073,2,0,0x008CCE4F,Handicraft PC6,0x0090EF24,A Haven Poogie Decoration.\nIncompatible with certain\noutfits.
3792,3,4,99,43,4,0,0,0,7,1074,2,0,0x008CCE5E,Handicraft PC7,0x0090EF62,A Haven Poogie Decoration.\nIncompatible with certain\noutfits.
3793,3,4,99,43,4,0,0,0,7,1075,2,0,0x008CCE6D,Handicraft PC8,0x0090EFA0,A Haven Poogie Decoration.\nIncompatible with certain\noutfits.
3794,3,4,99,43,4,0,0,0,7,1076,2,0,0x008CCE7C,Handicraft PC9,0x0090EFDE,A Haven Poogie Decoration.\nIncompatible with certain\noutfits.
3795,3,4,99,43,4,0,0,0,7,1077,2,0,0x008CCE8B,Fasting PC9,0x0090F01C,A Haven Poogie Decoration.\nIncompatible with certain\noutfits.
3796,3,4,99,43,4,0,0,0,7,1078,2,0,0x008CCE97,Fasting PC10,0x0090F05A,A Haven Poogie Decoration.\nIncompatible with certain\noutfits.
3797,3,4,99,43,4,0,0,0,7,1079,2,0,0x008CCEA4,Fasting PC11,0x0090F098,A Haven Poogie Decoration.\nIncompatible with certain\noutfits.
3798,3,4,99,43,4,0,0,0,7,1080,2,0,0x008CCEB1,Fasting PC12,0x0090F0D6,A Haven Poogie Decoration.\nIncompatible with certain\noutfits.
3799,3,4,99,43,4,0,0,0,7,1081,2,0,0x008CCEBE,Fasting PC13,0x0090F114,A Haven Poogie Decoration.\nIncompatible with certain\noutfits.
3800,3,4,99,43,4,0,0,0,7,1082,2,0,0x008CCECB,Stamina PC11,0x0090F152,A Haven Poogie Decoration.\nIncompatible with certain\noutfits.
3801,3,4,99,43,4,0,0,0,7,1083,2,0,0x008CCED8,Stamina PC12,0x0090F190,A Haven Poogie Decoration.\nIncompatible with certain\noutfits.
3802,3,4,99,43,4,0,0,0,7,1084,2,0,0x008CCEE5,Stamina PC13,0x0090F1CE,A Haven Poogie Decoration.\nIncompatible with certain\noutfits.
3803,3,4,99,43,4,0,0,0,7,1085,2,0,0x008CCEF2,Stamina PC14,0x0090F20C,A Haven Poogie Decoration.\nIncompatible with certain\noutfits.
3804,3,4,99,43,4,0,0,0,7,1086,2,0,0x008CCEFF,Stamina PC15,0x0090F24A,A Haven Poogie Decoration.\nIncompatible with certain\noutfits.
3805,3,4,99,43,4,0,0,0,7,1087,2,0,0x008CCF0C,Potential PC5,0x0090F288,A Haven Poogie Decoration.\nIncompatible with certain\noutfits.
3806,3,4,99,43,4,0,0,0,7,1088,2,0,0x008CCF1A,Potential PC6,0x0090F2C6,A Haven Poogie Decoration.\nIncompatible with certain\noutfits.
3807,3,4,99,43,4,0,0,0,7,1089,2,0,0x008CCF28,Potential PC7,0x0090F304,A Haven Poogie Decoration.\nIncompatible with certain\noutfits.
3808,3,4,99,43,4,0,0,0,7,1090,2,0,0x008CCF36,Potential PC8,0x0090F342,A Haven Poogie Decoration.\nIncompatible with certain\noutfits.
3809,3,4,99,43,4,0,0,0,7,1091,2,0,0x008CCF44,Potential PC9,0x0090F380,A Haven Poogie Decoration.\nIncompatible with certain\noutfits.
3810,3,4,99,43,4,0,0,0,7,1092,2,0,0x008CCF52,WideRange PC1,0x0090F3BE,A Haven Poogie Decoration.\nIncompatible with certain\noutfits.
3811,3,4,99,43,4,0,0,0,7,1093,2,0,0x008CCF60,WideRange PC2,0x0090F3FC,A Haven Poogie Decoration.\nIncompatible with certain\noutfits.
3812,3,4,99,43,4,0,0,0,7,1094,2,0,0x008CCF6E,WideRange PC3,0x0090F43A,A Haven Poogie Decoration.\nIncompatible with certain\noutfits.
3813,3,4,99,43,4,0,0,0,7,1095,2,0,0x008CCF7C,WideRange PC4,0x0090F478,A Haven Poogie Decoration.\nIncompatible with certain\noutfits.
3814,3,4,99,43,4,0,0,0,7,1096,2,0,0x008CCF8A,WideRange PC5,0x0090F4B6,A Haven Poogie Decoration.\nIncompatible with certain\noutfits.
3815,3,4,99,43,4,0,0,0,7,1097,2,0,0x008CCF98,All Res Up PC1,0x0090F4F4,A Haven Poogie Decoration.\nIncompatible with certain\noutfits.
3816,3,4,99,43,4,0,0,0,7,1098,2,0,0x008CCFA7,All Res Up PC2,0x0090F532,A Haven Poogie Decoration.\nIncompatible with certain\noutfits.
3817,3,4,99,43,4,0,0,0,7,1099,2,0,0x008CCFB6,All Res Up PC3,0x0090F570,A Haven Poogie Decoration.\nIncompatible with certain\noutfits.
3818,3,4,99,43,4,0,0,0,7,1100,2,0,0x008CCFC5,All Res Up PC4,0x0090F5AE,A Haven Poogie Decoration.\nIncompatible with certain\noutfits.
3819,3,4,99,43,4,0,0,0,7,1101,2,0,0x008CCFD4,All Res Up PC5,0x0090F5EC,A Haven Poogie Decoration.\nIncompatible with certain\noutfits.
3820,3,4,99,43,4,0,0,0,7,1102,2,0,0x008CCFE3,Eating PC1,0x0090F62A,A Haven Poogie Decoration.\nIncompatible with certain\noutfits.
3821,3,4,99,43,4,0,0,0,7,1103,2,0,0x008CCFEE,Eating PC2,0x0090F668,A Haven Poogie Decoration.\nIncompatible with certain\noutfits.
3822,3,4,99,43,4,0,0,0,7,1104,2,0,0x008CCFF9,Eating PC3,0x0090F6A6,A Haven Poogie Decoration.\nIncompatible with certain\noutfits.
3823,3,4,99,43,4,0,0,0,7,1105,2,0,0x008CD004,Eating PC4,0x0090F6E4,A Haven Poogie Decoration.\nIncompatible with certain\noutfits.
3824,3,4,99,43,4,0,0,0,7,1106,2,0,0x008CD00F,Eating PC5,0x0090F722,A Haven Poogie Decoration.\nIncompatible with certain\noutfits.
3825,3,4,99,43,4,0,0,0,7,1107,2,0,0x008CD01A,Combo Rate PC5,0x0090F760,A Haven Poogie Decoration.\nIncompatible with certain\noutfits.
3826,3,4,99,43,4,0,0,0,7,1108,2,0,0x008CD029,Combo Rate PC6,0x0090F79E,A Haven Poogie Decoration.\nIncompatible with certain\noutfits.
3827,3,4,99,43,4,0,0,0,7,1109,2,0,0x008CD038,Combo Rate PC7,0x0090F7DC,A Haven Poogie Decoration.\nIncompatible with certain\noutfits.
3828,3,4,99,43,4,0,0,0,7,1110,2,0,0x008CD047,Combo Rate PC8,0x0090F81A,A Haven Poogie Decoration.\nIncompatible with certain\noutfits.
3829,3,4,99,43,4,0,0,0,7,1111,2,0,0x008CD056,Ammo Mixer PC5,0x0090F858,A Haven Poogie Decoration.\nIncompatible with certain\noutfits.
3830,3,4,99,43,4,0,0,0,7,1112,2,0,0x008CD065,Ammo Mixer PC6,0x0090F896,A Haven Poogie Decoration.\nIncompatible with certain\noutfits.
3831,3,4,99,43,4,0,0,0,7,1113,2,0,0x008CD074,Ammo Mixer PC7,0x0090F8D4,A Haven Poogie Decoration.\nIncompatible with certain\noutfits.
3832,3,4,99,43,4,0,0,0,7,1114,2,0,0x008CD083,Ammo Mixer PC8,0x0090F912,A Haven Poogie Decoration.\nIncompatible with certain\noutfits.
3833,3,4,99,43,4,0,0,0,7,1115,2,0,0x008CD092,Psychic PC1,0x0090F950,A Haven Poogie Decoration.\nIncompatible with certain\noutfits.
3834,3,4,99,43,4,0,0,0,7,1116,2,0,0x008CD09E,Psychic PC2,0x0090F98E,A Haven Poogie Decoration.\nIncompatible with certain\noutfits.
3835,3,4,99,43,4,0,0,0,7,1117,2,0,0x008CD0AA,Psychic PC3,0x0090F9CC,A Haven Poogie Decoration.\nIncompatible with certain\noutfits.
3836,3,4,99,43,4,0,0,0,7,1118,2,0,0x008CD0B6,Psychic PC4,0x0090FA0A,A Haven Poogie Decoration.\nIncompatible with certain\noutfits.
3837,3,4,99,43,4,0,0,0,7,1119,2,0,0x008CD0C2,Gathering PC1,0x0090FA48,A Haven Poogie Decoration.\nIncompatible with certain\noutfits.
3838,3,4,99,43,4,0,0,0,7,1120,2,0,0x008CD0D0,Gathering PC2,0x0090FA86,A Haven Poogie Decoration.\nIncompatible with certain\noutfits.
3839,3,4,99,43,4,0,0,0,7,1121,2,0,0x008CD0DE,Gathering PC3,0x0090FAC4,A Haven Poogie Decoration.\nIncompatible with certain\noutfits.
3840,3,4,99,43,4,0,0,0,7,1122,2,0,0x008CD0EC,Gathering PC4,0x0090FB02,A Haven Poogie Decoration.\nIncompatible with certain\noutfits.
3841,4,5,99,43,8,0,100000,5000,7,1123,1,0,0x008CD0FA,Psychic SA1,0x0090FB40,A Haven Poogie Decoration.\nCompatible with all outfits.
3842,4,5,99,43,8,0,100000,5000,7,1124,1,0,0x008CD106,Psychic SA2,0x0090FB78,A Haven Poogie Decoration.\nCompatible with all outfits.
3843,4,5,99,43,8,0,100000,5000,7,1125,1,0,0x008CD112,Psychic SA3,0x0090FBB0,A Haven Poogie Decoration.\nCompatible with all outfits.
3844,4,5,99,43,8,0,100000,5000,7,1126,1,0,0x008CD11E,All Res Up SA2,0x0090FBE8,A Haven Poogie Decoration.\nCompatible with all outfits.
3845,4,5,99,43,8,0,100000,5000,7,1127,1,0,0x008CD12D,All Res Up SA3,0x0090FC20,A Haven Poogie Decoration.\nCompatible with all outfits.
3846,4,5,99,43,8,0,100000,5000,7,1128,1,0,0x008CD13C,All Res Up SA4,0x0090FC58,A Haven Poogie Decoration.\nCompatible with all outfits.
3847,4,5,99,43,8,0,100000,5000,7,1129,1,0,0x008CD14B,Perception SA1,0x0090FC90,A Haven Poogie Decoration.\nCompatible with all outfits.
3848,4,5,99,43,8,0,100000,5000,7,1130,1,0,0x008CD15A,Perception SA2,0x0090FCC8,A Haven Poogie Decoration.\nCompatible with all outfits.
3849,4,5,99,43,8,0,100000,5000,7,1131,1,0,0x008CD169,Perception SA3,0x0090FD00,A Haven Poogie Decoration.\nCompatible with all outfits.
3850,4,5,99,43,8,0,100000,5000,7,1132,1,0,0x008CD178,Fishing SA1,0x0090FD38,A Haven Poogie Decoration.\nCompatible with all outfits.
3851,4,5,99,43,8,0,100000,5000,7,1133,1,0,0x008CD184,Fishing SA2,0x0090FD70,A Haven Poogie Decoration.\nCompatible with all outfits.
3852,4,5,99,43,8,0,100000,5000,7,1134,1,0,0x008CD190,Fishing SA3,0x0090FDA8,A Haven Poogie Decoration.\nCompatible with all outfits.
3853,4,5,99,43,8,0,10000,500,7,1135,1,0,0x008CD19C,All Res Up SB1,0x0090FDE0,A Haven Poogie Decoration.\nCompatible with all outfits.
3854,4,5,99,43,8,0,10000,500,7,1136,1,0,0x008CD1AB,All Res Up SB2,0x0090FE18,A Haven Poogie Decoration.\nCompatible with all outfits.
3855,4,5,99,43,8,0,10000,500,7,1137,1,0,0x008CD1BA,All Res Up SB3,0x0090FE50,A Haven Poogie Decoration.\nCompatible with all outfits.
3856,4,5,99,43,8,0,10000,500,7,1138,1,0,0x008CD1C9,Dragon Res SB4,0x0090FE88,A Haven Poogie Decoration.\nCompatible with all outfits.
3857,4,5,99,43,8,0,10000,500,7,1139,1,0,0x008CD1D8,Dragon Res SB5,0x0090FEC0,A Haven Poogie Decoration.\nCompatible with all outfits.
3858,4,5,99,43,8,0,10000,500,7,1140,1,0,0x008CD1E7,Dragon Res SB6,0x0090FEF8,A Haven Poogie Decoration.\nCompatible with all outfits.
3859,4,5,99,43,8,0,10000,500,7,1141,1,0,0x008CD1F6,Gathering SB1,0x0090FF30,A Haven Poogie Decoration.\nCompatible with all outfits.
3860,4,5,99,43,8,0,10000,500,7,1142,1,0,0x008CD204,Gathering SB2,0x0090FF68,A Haven Poogie Decoration.\nCompatible with all outfits.
3861,4,5,99,43,8,0,10000,500,7,1143,1,0,0x008CD212,Gathering SB3,0x0090FFA0,A Haven Poogie Decoration.\nCompatible with all outfits.
3862,4,5,99,43,8,0,10000,500,7,1144,1,0,0x008CD220,Thndr SC+ SB1,0x0090FFD8,A Haven Poogie Decoration.\nCompatible with all outfits.
3863,4,5,99,43,8,0,10000,500,7,1145,1,0,0x008CD22E,Thndr SC+ SB2,0x00910010,A Haven Poogie Decoration.\nCompatible with all outfits.
3864,4,5,99,43,8,0,10000,500,7,1146,1,0,0x008CD23C,Thndr SC+ SB3,0x00910048,A Haven Poogie Decoration.\nCompatible with all outfits.
3865,4,5,99,43,8,0,10000,500,7,1147,1,0,0x008CD24A,Fire Res SB1,0x00910080,A Haven Poogie Decoration.\nCompatible with all outfits.
3866,4,5,99,43,8,0,10000,500,7,1148,1,0,0x008CD257,Fire Res SB2,0x009100B8,A Haven Poogie Decoration.\nCompatible with all outfits.
3867,4,5,99,43,8,0,10000,500,7,1149,1,0,0x008CD264,Fire Res SB3,0x009100F0,A Haven Poogie Decoration.\nCompatible with all outfits.
3868,4,5,99,43,8,0,10000,500,7,1150,1,0,0x008CD271,Water Res SB1,0x00910128,A Haven Poogie Decoration.\nCompatible with all outfits.
3869,4,5,99,43,8,0,10000,500,7,1151,1,0,0x008CD27F,Water Res SB2,0x00910160,A Haven Poogie Decoration.\nCompatible with all outfits.
3870,4,5,99,43,8,0,10000,500,7,1152,1,0,0x008CD28D,Water Res SB3,0x00910198,A Haven Poogie Decoration.\nCompatible with all outfits.
3871,4,5,99,43,8,0,10000,500,7,1153,1,0,0x008CD29B,Ice Res SB1,0x009101D0,A Haven Poogie Decoration.\nCompatible with all outfits.
3872,4,5,99,43,8,0,10000,500,7,1154,1,0,0x008CD2A7,Ice Res SB2,0x00910208,A Haven Poogie Decoration.\nCompatible with all outfits.
3873,4,5,99,43,8,0,10000,500,7,1155,1,0,0x008CD2B3,Ice Res SB3,0x00910240,A Haven Poogie Decoration.\nCompatible with all outfits.
3874,4,5,99,43,8,0,10000,500,7,1156,1,0,0x008CD2BF,ThunderRes SB1,0x00910278,A Haven Poogie Decoration.\nCompatible with all outfits.
3875,4,5,99,43,8,0,10000,500,7,1157,1,0,0x008CD2CE,ThunderRes SB2,0x009102B0,A Haven Poogie Decoration.\nCompatible with all outfits.
3876,4,5,99,43,8,0,10000,500,7,1158,1,0,0x008CD2DD,ThunderRes SB3,0x009102E8,A Haven Poogie Decoration.\nCompatible with all outfits.
3877,3,4,99,43,8,0,1000,50,7,1159,1,0,0x008CD2EC,Fire Atk SC1,0x00910320,A Haven Poogie Decoration.\nCompatible with all outfits.
3878,3,4,99,43,8,0,1000,50,7,1160,1,0,0x008CD2F9,Fire Atk SC2,0x00910358,A Haven Poogie Decoration.\nCompatible with all outfits.
3879,3,4,99,43,8,0,1000,50,7,1161,1,0,0x008CD306,Fire Atk SC3,0x00910390,A Haven Poogie Decoration.\nCompatible with all outfits.
3880,3,4,99,43,8,0,1000,50,7,1162,1,0,0x008CD313,Fire Atk SC4,0x009103C8,A Haven Poogie Decoration.\nCompatible with all outfits.
3881,3,4,99,43,8,0,1000,50,7,1163,1,0,0x008CD320,Fire Atk SC5,0x00910400,A Haven Poogie Decoration.\nCompatible with all outfits.
3882,3,4,99,43,8,0,1000,50,7,1164,1,0,0x008CD32D,Water Atk SC1,0x00910438,A Haven Poogie Decoration.\nCompatible with all outfits.
3883,3,4,99,43,8,0,1000,50,7,1165,1,0,0x008CD33B,Water Atk SC2,0x00910470,A Haven Poogie Decoration.\nCompatible with all outfits.
3884,3,4,99,43,8,0,1000,50,7,1166,1,0,0x008CD349,Water Atk SC3,0x009104A8,A Haven Poogie Decoration.\nCompatible with all outfits.
3885,3,4,99,43,8,0,1000,50,7,1167,1,0,0x008CD357,Water Atk SC4,0x009104E0,A Haven Poogie Decoration.\nCompatible with all outfits.
3886,3,4,99,43,8,0,1000,50,7,1168,1,0,0x008CD365,Water Atk SC5,0x00910518,A Haven Poogie Decoration.\nCompatible with all outfits.
3887,3,4,99,43,8,0,1000,50,7,1169,1,0,0x008CD373,Thunder Atk SC1,0x00910550,A Haven Poogie Decoration.\nCompatible with all outfits.
3888,3,4,99,43,8,0,1000,50,7,1170,1,0,0x008CD383,Thunder Atk SC2,0x00910588,A Haven Poogie Decoration.\nCompatible with all outfits.
3889,3,4,99,43,8,0,1000,50,7,1171,1,0,0x008CD393,Thunder Atk SC3,0x009105C0,A Haven Poogie Decoration.\nCompatible with all outfits.
3890,3,4,99,43,8,0,1000,50,7,1172,1,0,0x008CD3A3,Thunder Atk SC4,0x009105F8,A Haven Poogie Decoration.\nCompatible with all outfits.
3891,3,4,99,43,8,0,1000,50,7,1173,1,0,0x008CD3B3,Thunder Atk SC5,0x00910630,A Haven Poogie Decoration.\nCompatible with all outfits.
3892,3,4,99,43,8,0,1000,50,7,1174,1,0,0x008CD3C3,Ice Atk SC1,0x00910668,A Haven Poogie Decoration.\nCompatible with all outfits.
3893,3,4,99,43,8,0,1000,50,7,1175,1,0,0x008CD3CF,Ice Atk SC2,0x009106A0,A Haven Poogie Decoration.\nCompatible with all outfits.
3894,3,4,99,43,8,0,1000,50,7,1176,1,0,0x008CD3DB,Ice Atk SC3,0x009106D8,A Haven Poogie Decoration.\nCompatible with all outfits.
3895,3,4,99,43,8,0,1000,50,7,1177,1,0,0x008CD3E7,Ice Atk SC4,0x00910710,A Haven Poogie Decoration.\nCompatible with all outfits.
3896,3,4,99,43,8,0,1000,50,7,1178,1,0,0x008CD3F3,Ice Atk SC5,0x00910748,A Haven Poogie Decoration.\nCompatible with all outfits.
3897,3,4,99,43,8,0,1000,50,7,1179,1,0,0x008CD3FF,DragonAtk SC1,0x00910780,A Haven Poogie Decoration.\nCompatible with all outfits.
3898,3,4,99,43,8,0,1000,50,7,1180,1,0,0x008CD40D,DragonAtk SC2,0x009107B8,A Haven Poogie Decoration.\nCompatible with all outfits.
3899,3,4,99,43,8,0,1000,50,7,1181,1,0,0x008CD41B,DragonAtk SC3,0x009107F0,A Haven Poogie Decoration.\nCompatible with all outfits.
3900,3,4,99,43,8,0,1000,50,7,1182,1,0,0x008CD429,DragonAtk SC4,0x00910828,A Haven Poogie Decoration.\nCompatible with all outfits.
3901,3,4,99,43,8,0,1000,50,7,1183,1,0,0x008CD437,DragonAtk SC5,0x00910860,A Haven Poogie Decoration.\nCompatible with all outfits.
3902,3,4,99,43,8,0,1000,50,7,1184,1,0,0x008CD445,Bomb SC+ SC7,0x00910898,A Haven Poogie Decoration.\nCompatible with all outfits.
3903,3,4,99,43,8,0,1000,50,7,1185,1,0,0x008CD452,Bomb SC+ SC8,0x009108D0,A Haven Poogie Decoration.\nCompatible with all outfits.
3904,3,4,99,43,8,0,1000,50,7,1186,1,0,0x008CD45F,Bomb SC+ SC9,0x00910908,A Haven Poogie Decoration.\nCompatible with all outfits.
3905,3,4,99,43,8,0,1000,50,7,1187,1,0,0x008CD46C,Bomb SC+ SC10,0x00910940,A Haven Poogie Decoration.\nCompatible with all outfits.
3906,3,4,99,43,8,0,1000,50,7,1188,1,0,0x008CD47A,Bomb SC+ SC11,0x00910978,A Haven Poogie Decoration.\nCompatible with all outfits.
3907,3,4,99,43,8,0,1000,50,7,1189,1,0,0x008CD488,Escapist SC1,0x009109B0,A Haven Poogie Decoration.\nCompatible with all outfits.
3908,3,4,99,43,8,0,1000,50,7,1190,1,0,0x008CD495,Escapist SC2,0x009109E8,A Haven Poogie Decoration.\nCompatible with all outfits.
3909,3,4,99,43,8,0,1000,50,7,1191,1,0,0x008CD4A2,Escapist SC3,0x00910A20,A Haven Poogie Decoration.\nCompatible with all outfits.
3910,3,4,99,43,8,0,1000,50,7,1192,1,0,0x008CD4AF,Escapist SC4,0x00910A58,A Haven Poogie Decoration.\nCompatible with all outfits.
3911,3,4,99,43,8,0,1000,50,7,1193,1,0,0x008CD4BC,Escapist SC5,0x00910A90,A Haven Poogie Decoration.\nCompatible with all outfits.
3912,3,4,99,43,8,0,1000,50,7,1194,1,0,0x008CD4C9,Health SC6,0x00910AC8,A Haven Poogie Decoration.\nCompatible with all outfits.
3913,3,4,99,43,8,0,1000,50,7,1195,1,0,0x008CD4D4,Health SC7,0x00910B00,A Haven Poogie Decoration.\nCompatible with all outfits.
3914,3,4,99,43,8,0,1000,50,7,1196,1,0,0x008CD4DF,Health SC8,0x00910B38,A Haven Poogie Decoration.\nCompatible with all outfits.
3915,3,4,99,43,8,0,1000,50,7,1197,1,0,0x008CD4EA,Health SC9,0x00910B70,A Haven Poogie Decoration.\nCompatible with all outfits.
3916,3,4,99,43,8,0,1000,50,7,1198,1,0,0x008CD4F5,Health SC10,0x00910BA8,A Haven Poogie Decoration.\nCompatible with all outfits.
3917,3,4,99,43,8,0,1000,50,7,1199,1,0,0x008CD501,Normal S+ SC1,0x00910BE0,A Haven Poogie Decoration.\nCompatible with all outfits.
3918,3,4,99,43,8,0,1000,50,7,1200,1,0,0x008CD50F,Normal S+ SC2,0x00910C18,A Haven Poogie Decoration.\nCompatible with all outfits.
3919,3,4,99,43,8,0,1000,50,7,1201,1,0,0x008CD51D,Normal S+ SC3,0x00910C50,A Haven Poogie Decoration.\nCompatible with all outfits.
3920,3,4,99,43,8,0,1000,50,7,1202,1,0,0x008CD52B,Normal S+ SC4,0x00910C88,A Haven Poogie Decoration.\nCompatible with all outfits.
3921,3,4,99,43,8,0,1000,50,7,1203,1,0,0x008CD539,Normal S+ SC5,0x00910CC0,A Haven Poogie Decoration.\nCompatible with all outfits.
3922,3,4,99,43,8,0,1000,50,7,1204,1,0,0x008CD547,Pierce S+ SC1,0x00910CF8,A Haven Poogie Decoration.\nCompatible with all outfits.
3923,3,4,99,43,8,0,1000,50,7,1205,1,0,0x008CD555,Pierce S+ SC2,0x00910D30,A Haven Poogie Decoration.\nCompatible with all outfits.
3924,3,4,99,43,8,0,1000,50,7,1206,1,0,0x008CD563,Pierce S+ SC3,0x00910D68,A Haven Poogie Decoration.\nCompatible with all outfits.
3925,3,4,99,43,8,0,1000,50,7,1207,1,0,0x008CD571,Pierce S+ SC4,0x00910DA0,A Haven Poogie Decoration.\nCompatible with all outfits.
3926,3,4,99,43,8,0,1000,50,7,1208,1,0,0x008CD57F,Pierce S+ SC5,0x00910DD8,A Haven Poogie Decoration.\nCompatible with all outfits.
3927,3,4,99,43,8,0,1000,50,7,1209,1,0,0x008CD58D,Auto-Guard SC6,0x00910E10,A Haven Poogie Decoration.\nCompatible with all outfits.
3928,3,4,99,43,8,0,1000,50,7,1210,1,0,0x008CD59C,Auto-Guard SC7,0x00910E48,A Haven Poogie Decoration.\nCompatible with all outfits.
3929,3,4,99,43,8,0,1000,50,7,1211,1,0,0x008CD5AB,Auto-Guard SC8,0x00910E80,A Haven Poogie Decoration.\nCompatible with all outfits.
3930,3,4,99,43,8,0,1000,50,7,1212,1,0,0x008CD5BA,Auto-Guard SC9,0x00910EB8,A Haven Poogie Decoration.\nCompatible with all outfits.
3931,3,4,99,43,8,0,1000,50,7,1213,1,0,0x008CD5C9,Auto-Guard SC10,0x00910EF0,A Haven Poogie Decoration.\nCompatible with all outfits.
3932,3,4,99,43,8,0,1000,50,7,1214,1,0,0x008CD5D9,Sleep Res SC1,0x00910F28,A Haven Poogie Decoration.\nCompatible with all outfits.
3933,3,4,99,43,8,0,1000,50,7,1215,1,0,0x008CD5E7,Sleep Res SC2,0x00910F60,A Haven Poogie Decoration.\nCompatible with all outfits.
3934,3,4,99,43,8,0,1000,50,7,1216,1,0,0x008CD5F5,Sleep Res SC3,0x00910F98,A Haven Poogie Decoration.\nCompatible with all outfits.
3935,3,4,99,43,8,0,1000,50,7,1217,1,0,0x008CD603,Sleep Res SC4,0x00910FD0,A Haven Poogie Decoration.\nCompatible with all outfits.
3936,3,4,99,43,8,0,1000,50,7,1218,1,0,0x008CD611,Sleep Res SC5,0x00911008,A Haven Poogie Decoration.\nCompatible with all outfits.
3937,4,5,99,10,8,0,0,0,0,0,0,0,0x008CD61F,Smooth Vertebrae,0x00911040,A nearly weightless bone\nfragment. It may be used\nfor armor or ornaments.
3938,4,5,99,43,2,0,0,0,0,0,0,0,0x008CD630,Jade Jewel,0x0091108A,An indispensable item used\nin Decorations. Its clear\nhue is a hit among hunters.
3939,4,5,99,43,1,0,0,0,0,0,0,0,0x008CD63B,Arhat Jewel,0x009110DB,An indispensable item used\nin Decorations. Widely known\nfor its vivid crimson hue.
3940,4,5,99,43,3,0,0,0,0,0,0,0,0x008CD647,Sage Jewel,0x0091112E,An indispensable item used\nin Decorations. Exceedingly\nrare and valuable.
3941,4,5,99,43,7,0,0,0,0,0,0,0,0x008CD652,Oxhorn Jewel,0x00911178,An indispensable item used\nin Decorations. Exceedingly\nrare and valuable.
3942,4,5,99,43,4,0,0,0,0,0,0,0,0x008CD65F,Tigrine Jewel,0x009111C2,An indispensable item used\nin Decorations. Exceedingly\nrare and valuable.
3943,4,5,99,43,0,0,0,0,0,0,0,0,0x008CD66D,Rabbit Ear Jewel,0x0091120C,An indispensable item used\nin Decorations. Exceedingly\nrare and valuable.
3944,4,5,99,43,10,0,0,0,0,0,0,0,0x008CD67E,Longan Jewel,0x00911256,An indispensable item used\nin Decorations. Exceedingly\nrare and valuable.
3945,4,5,99,43,2,0,0,0,0,0,0,0,0x008CD68B,Ophidian Jewel,0x009112A0,An indispensable item used\nin Decorations. Exceedingly\nrare and valuable.
3946,4,5,99,43,7,0,0,0,0,0,0,0,0x008CD69A,Equine Jewel,0x009112EA,An indispensable item used\nin Decorations. Exceedingly\nrare and valuable.
3947,4,5,99,43,8,0,0,0,0,0,0,0,0x008CD6A7,White Jewel,0x00911334,An indispensable item used\nin Decorations. Exceedingly\nrare and valuable.
3948,4,5,99,43,1,0,0,0,0,0,0,0,0x008CD6B3,Simian Jewel,0x0091137E,An indispensable item used\nin Decorations. Exceedingly\nrare and valuable.
3949,4,5,99,43,6,0,0,0,0,0,0,0,0x008CD6C0,Gallus Jewel,0x009113C8,An indispensable item used\nin Decorations. Exceedingly\nrare and valuable.
3950,4,5,99,43,5,0,0,0,0,0,0,0,0x008CD6CD,Canine Jewel,0x00911412,An indispensable item used\nin Decorations. Exceedingly\nrare and valuable.
3951,4,5,99,43,0,0,0,0,0,0,0,0,0x000D3A25,ダミー101801,0x0000276D,ダミー
3952,6,7,99,43,10,0,100000,100,7,1219,0,0,0x008CD6DA,Fasting Jewel+,0x0091145C,A Decoration for experts\nenchanted by rich skill\ncombinations.
3953,6,7,99,43,8,0,100000,100,7,1220,0,0,0x008CD6E9,Focus Jewel+,0x0091149B,A Decoration for experts\nenchanted by rich skill\ncombinations.
3954,6,7,99,43,1,0,100000,100,7,1221,0,0,0x008CD6F6,Guts Jewel+,0x009114DA,A Decoration for experts\nenchanted by rich skill\ncombinations.
3955,6,7,99,43,2,0,100000,100,7,1222,0,0,0x008CD702,Trapmaster Jwl+,0x00911519,A Decoration for experts\nenchanted by rich skill\ncombinations.
3956,6,7,99,43,1,0,100000,100,7,1223,0,0,0x008CD712,Blaze Jewel+,0x00911558,A Decoration for experts\nenchanted by rich skill\ncombinations.
3957,6,7,99,43,6,0,100000,100,7,1224,0,0,0x008CD71F,Stream Jewel+,0x00911597,A Decoration for experts\nenchanted by rich skill\ncombinations.
3958,6,7,99,43,4,0,100000,100,7,1225,0,0,0x008CD72D,Bolt Jewel+,0x009115D6,A Decoration for experts\nenchanted by rich skill\ncombinations.
3959,6,7,99,43,3,0,100000,100,7,1226,0,0,0x008CD739,Frost Jewel+,0x00911615,A Decoration for experts\nenchanted by rich skill\ncombinations.
3960,6,7,99,43,5,0,100000,100,7,1227,0,0,0x008CD746,Dragon Jewel+,0x00911654,A Decoration for experts\nenchanted by rich skill\ncombinations.
3961,6,7,99,43,7,0,100000,100,7,1228,0,0,0x008CD754,BombCryst Jwl+,0x00911693,A Decoration for experts\nenchanted by rich skill\ncombinations.
3962,6,7,99,43,5,0,100000,100,7,1229,0,0,0x008CD763,DragonCryst Jwl+,0x009116D2,A Decoration for experts\nenchanted by rich skill\ncombinations.
3963,4,5,99,43,0,0,0,0,0,0,0,0,0x000D3A95,ダミー101802,0x0000276D,ダミー
3964,4,5,99,24,1,0,0,0,4,0,0,0,0x008CD774,EZ Green Elixir,0x00911711,A Skill Match-exclusive\npotion. Drinking it boosts\nyour power. ~C05(Supply Item) 
3965,4,5,99,24,4,0,0,0,4,0,0,0,0x008CD784,Double Point Pill,0x00911763,A Skill Match-exclusive\npotion. Drinking it doubles\nyour points. ~C05(Supply Item) 
3966,4,5,99,1,4,0,0,0,4,0,0,0,0x008CD796,Small Point Ball,0x009117B7,A Skill Match-exclusive hand\ngrenade. Try throwing it at\nthe monster... ~C05(Supply Item)
3967,4,5,99,1,4,0,0,0,4,0,0,0,0x008CD7A7,Medium Point Ball,0x00911811,A Skill Match-exclusive hand\ngrenade. Try throwing it at\nthe monster... ~C05(Supply Item)
3968,4,5,99,1,4,0,0,0,4,0,0,0,0x008CD7B9,Large Point Ball,0x0091186B,A Skill Match-exclusive hand\ngrenade. Try throwing it at\nthe monster... ~C05(Supply Item)
3969,4,5,99,1,3,0,0,0,4,0,0,0,0x008CD7CA,Return Ball,0x009118C5,A Skill Match-exclusive hand\ngrenade. Try throwing it at\nan ally... ~C05(Supply Item)
3970,4,5,99,30,4,0,0,0,4,0,0,0,0x008CD7D6,Point Thief Flute,0x0091191B,A flute that reduces the\namount of points gained by\nother hunters. ~C05(Supply Item)
3971,4,5,99,34,0,0,0,0,0,0,0,0,0x008CD7E8,Fertility Coin,0x00103084,採集を極めたハンターの証。\nその採集量はギルドの発展に\n貢献したと称えられるほど。
3972,4,5,99,37,7,0,0,0,0,0,0,0,0x008CD7F7,Transcendent Seal 1,0x00911970,A medal of honor awarded for\nconquering adversities. Used\nto craft a special earring.
3973,4,5,99,37,7,0,0,0,0,0,0,0,0x008CD80B,Transcendent Seal 2,0x009119C6,A medal of honor awarded for\nconquering adversities. Used\nto craft a special earring.
3974,4,5,99,37,7,0,0,0,0,0,0,0,0x008CD81F,Transcendent Seal 3,0x00911A1C,A medal of honor awarded for\nconquering adversities. Used\nto craft a special earring.
3975,4,5,99,37,7,0,0,0,0,0,0,0,0x008CD833,Transcendent Seal 4,0x00911A72,A medal of honor awarded for\nconquering adversities. Used\nto craft a special earring.
3976,4,5,99,37,7,0,0,0,0,0,0,0,0x008CD847,Transcendent Seal 5,0x00911AC8,A medal of honor awarded for\nconquering adversities. Used\nto craft a special earring.
3977,4,5,99,37,7,0,0,0,0,0,0,0,0x008CD85B,Transcendent Seal 6,0x00911B1E,A medal of honor awarded for\nconquering adversities. Used\nto craft a special earring.
3978,4,5,99,37,7,0,0,0,0,0,0,0,0x008CD86F,Transcendent Seal 7,0x00911B74,A medal of honor awarded for\nconquering adversities. Used\nto craft a special earring.
3979,4,5,99,37,7,0,0,0,0,0,0,0,0x008CD883,Transcendent Seal 8,0x00911BCA,A medal of honor awarded for\nconquering adversities. Used\nto craft a special earring.
3980,4,5,99,37,7,0,0,0,0,0,0,0,0x008CD897,Transcendent Seal 9,0x00911C20,A medal of honor awarded for\nconquering adversities. Used\nto craft a special earring.
3981,4,5,99,37,7,0,0,0,0,0,0,0,0x008CD8AB,Transcendent Seal 10,0x00911C76,A medal of honor awarded for\nconquering adversities. Used\nto craft a special earring.
3982,4,5,99,37,3,0,0,0,0,0,0,0,0x008CD8C0,Moldeno P Tkt,0x00103122,見知らぬ文明の文字で書かれた\n設計図。ただならぬ雰囲気が\n技術の高さを物語っている。
3983,4,5,99,37,10,0,0,0,0,0,0,0,0x008CD8CE,Stenolexis Tkt,0x00103122,見知らぬ文明の文字で書かれた\n設計図。ただならぬ雰囲気が\n技術の高さを物語っている。
3984,4,5,99,23,10,0,0,2300,0,0,0,0,0x008CD8DD,Rukodiora Scale,0x00911CCC,"A gleaming Rukodiora scale.\nIncredibly hard to work, it\nbrings workshops to tears."
3985,4,5,99,31,7,0,0,1800,0,0,0,0,0x008CD8ED,Rukodiora Claw,0x00911D1F,"An airy, yet razor sharp\nclaw. Touching it means\nlosing your fingers."
3986,4,5,99,31,7,0,0,3200,0,0,0,0,0x008CD8FC,Rukodiora Horn,0x00911D65,A delicate horn with a touch\nthat seems to draw you in.\nHighly difficult to extract.
3987,4,5,99,9,7,0,0,4300,0,0,0,0,0x008CD90B,Rukodiora Wing,0x00911DBA,A wing that retains a faint\nglow even after extraction.\nUsed in armor and jewelry.
3988,4,5,99,9,7,0,0,4800,0,0,0,0,0x008CD91A,Rukodiora Tail,0x00911E0D,A highly elastic tail that\ntail is slowly catching on\nas a cushioning material.
3989,4,5,99,1,10,0,0,15800,0,0,0,0,0x008CD929,Rukodiora Gem,0x00911E5D,A special gem formed inside\nRukodiora. It transforms the\ntraits of other materials.
3990,4,5,99,23,10,0,0,4000,0,0,0,0,0x008CD937,Rukodiora Scale+,0x00911EB1,The scale of an electrified\nRukodiora. It seems to be\ngenerating its own charge.
3991,4,5,99,31,7,0,0,3100,0,0,0,0,0x008CD948,Rukodiora Claw+,0x00911F02,A sharper Rukodiora claw.\nCapable of slicing through\nsteel even in its raw form.
3992,4,5,99,31,7,0,0,6500,0,0,0,0,0x008CD958,Rukodiora Horn+,0x00911F53,A horn that shines on even\nwhen extracted. The reason\nfor this is unknown.
3993,4,5,99,32,7,0,0,6900,0,0,0,0,0x008CD968,Rukodiora Webbing,0x00911F9E,"A wing membrane with a faint\nglow. Despite its electric\ncharge, it does not shock."
3994,4,5,99,9,7,0,0,8800,0,0,0,0,0x008CD97A,Rukodiora Tail+,0x00911FF1,A supple Rukodiora tail.\nEven the sharpest blades\nstruggle to wound it.
3995,4,5,99,1,5,0,0,6000,1,0,0,0,0x008CD98A,E.Dragon Jewel,0x00912039,A rare gem formed inside\nelder dragons. Prized as\na versatile catalyst.
3996,4,5,99,37,5,0,0,10000,0,0,0,0,0x008CD999,Rukodiora Cert.,0x00912081,A certificate given only to\nthose who've triumphed over\nthe mightiest of dragons.
3997,4,5,99,37,0,0,0,0,0,0,0,0,0x008CD9A9,Famitsu Ticket,0x009120D3,Instructions on forging\nvarious equipment. Bring\nthem to the Smithy!
3998,4,5,99,34,2,0,0,0,0,0,0,0,0x008CD9B8,Pawprint Medal,0x00912118,A lynian medal stamped with\na pawprint. Its engraving\nis unfamiliar.
3999,4,5,99,27,0,0,0,0,0,0,0,0,0x008CD9C7,White Caldite,0x0091215D,An ore said to contain the\npower of flame. Its color\nchanges with viewing angle.
4000,4,5,99,27,1,0,0,0,0,0,0,0,0x008CD9D5,Vermillion Caldite,0x009121AE,An ore said to contain the\npower of flame. Its color\nchanges with viewing angle.
4001,4,5,99,27,4,0,0,0,0,0,0,0,0x008CD9E8,Yellow Caldite,0x009121FF,An ore said to contain the\npower of flame. Its color\nchanges with viewing angle.
4002,4,5,99,37,4,0,0,0,0,0,0,0,0x008CD9F7,Champion Ticket,0x00912250,A ticket given to hunters\nwho've triumphed in VS\nTournaments.
4003,4,5,99,9,10,0,0,0,0,0,0,0,0x008CDA07,Flaming Blk Shl,0x0091228E,A sturdy shell found on a\nLavasioth's body. Emblazed\nby scorching hot lava.
4004,4,5,99,9,1,0,0,0,0,0,0,0,0x008CDA17,Boiling Red Shl,0x009122DA,A sturdy shell found on a\nLavasioth's body. Boiled in\nscorching hot lava.
4005,4,5,99,33,2,0,0,0,0,0,0,0,0x008CDA27,Floodgate Key,0x001035E3,とある武器の封印を解く鍵。\n製造されてから長い年月が\n経過しているようだ。
4006,4,5,99,27,5,0,0,0,0,0,0,0,0x008CDA35,Toxic Clay,0x0010362C,毒性を帯びた美しい粘土。\nこねるとなまめかしい光沢を\n楽しめるが、触るのは危険。
4007,4,5,99,27,10,0,0,0,0,0,0,0,0x008CDA40,Sturdy Clay,0x0010367B,衝撃に対して非常に強い粘土。\n時間をかけて力を加え続ける\nことで、徐々に変形する。
4008,4,5,99,1,2,0,0,0,0,0,0,0,0x008CDA4C,Song of Peaks,0x00912324,An idea beyond the reach\nof human thought. Revealed\nby listening to nature.
4009,4,5,99,1,2,0,0,0,0,0,0,0,0x008CDA5A,Song of Lakes,0x00912370,An idea beyond the reach\nof human thought. Revealed\nby listening to nature.
4010,4,5,99,1,2,0,0,0,0,0,0,0,0x008CDA68,Song of the Wild,0x009123BC,An idea beyond the reach\nof human thought. Revealed\nby listening to nature.
4011,4,5,99,29,3,0,0,0,0,0,0,0,0x008CDA79,Fleeting Design,0x0010371D,流水の模様が描かれた生地。\n世の真理を表し、手に取る\nだけで世界観が変わるとか。
4012,4,5,99,18,4,0,0,0,0,0,0,0,0x008CDA89,Wind Chime,0x0010376C,風に吹かれると、物悲しい\n音色を奏でる小さな鈴。\nある人物の形見だという。
4013,4,5,99,41,8,0,0,0,0,0,0,0,0x008CDA94,Maiden's Fantasy,0x00912408,A passionate weapon design\nthat defies all established\ncrafting conventions.
4014,4,5,99,37,0,0,0,0,0,0,0,0,0x008CDAA5,Nost Force Tkt,0x00912455,Instructions on forging the\nEminent Force. Bring them to\nthe Smithy!
4015,4,5,99,37,10,0,0,0,0,0,0,0,0x008CDAB4,Nost Baum Tkt,0x0091249A,Instructions on forging the\nEminent Tree. Bring them to\nthe Smithy!
4016,4,5,99,37,0,0,0,0,0,0,0,0,0x008CDAC2,J.Wisdom Ticket,0x009124DE,Instructions on forging the\nWise Jewel. Bring them to\nthe Smithy!
4017,4,5,99,37,10,0,0,0,0,0,0,0,0x008CDAD2,C.Wisdom Ticket,0x00912520,Instructions on forging the\nWise Crystal. Bring them to\nthe Smithy!
4018,4,5,99,37,0,0,0,0,0,0,0,0,0x008CDAE2,Azuma Leaf Tkt,0x00912564,Instructions on forging the\nAzuma Leaf. Bring them to\nthe Smithy!
4019,4,5,99,37,0,0,0,0,0,0,0,0,0x008CDAF1,Azuma Derife Tkt,0x009125A6,Instructions on forging the\nAzuma Leaf+. Bring them to\nthe Smithy!
4020,4,5,99,37,0,0,0,0,0,0,0,0,0x008CDB02,H.Queen Ticket,0x009125E9,Instructions on forging the\nHonorable Queen. Bring them\nto the Smithy!
4021,4,5,99,37,10,0,0,0,0,0,0,0,0x008CDB11,Azuma Rose Tkt,0x00912630,Instructions on forging the\nAzuma Rose. Bring them to\nthe Smithy!
4022,4,5,99,37,10,0,0,0,0,0,0,0,0x008CDB20,Azuma Derose Tkt,0x00912672,Instructions on forging the\nAzuma Rose+. Bring them to\nthe Smithy!
4023,4,5,99,37,10,0,0,0,0,0,0,0,0x008CDB31,D.Queen Ticket,0x009126B5,Instructions on forging the\nDemonic Queen. Bring them to\nthe Smithy!
4024,4,5,99,37,6,0,0,0,0,0,0,0,0x008CDB40,Edio Ticket H,0x009126FA,Instructions on forging the\nEdio armor. Bring them to\nthe Smithy!
4025,4,5,99,37,6,0,0,0,0,0,0,0,0x008CDB4E,Edio Ticket C,0x0091273C,Instructions on forging the\nEdio armor. Bring them to\nthe Smithy!
4026,4,5,99,37,6,0,0,0,0,0,0,0,0x008CDB5C,Edio Ticket A,0x0091277E,Instructions on forging the\nEdio armor. Bring them to\nthe Smithy!
4027,4,5,99,37,6,0,0,0,0,0,0,0,0x008CDB6A,Edio Ticket W,0x009127C0,Instructions on forging the\nEdio armor. Bring them to\nthe Smithy!
4028,4,5,99,37,6,0,0,0,0,0,0,0,0x008CDB78,Edio Ticket L,0x00912802,Instructions on forging the\nEdio armor. Bring them to\nthe Smithy!
4029,4,5,99,37,3,0,0,0,0,0,0,0,0x008CDB86,Arbitro Ticket H,0x00912844,Instructions on forging the\nArbitro armor. Bring them to\nthe Smithy!
4030,4,5,99,37,3,0,0,0,0,0,0,0,0x008CDB97,Arbitro Ticket C,0x00912889,Instructions on forging the\nArbitro armor. Bring them to\nthe Smithy!
4031,4,5,99,37,3,0,0,0,0,0,0,0,0x008CDBA8,Arbitro Ticket A,0x009128CE,Instructions on forging the\nArbitro armor. Bring them to\nthe Smithy!
4032,4,5,99,37,3,0,0,0,0,0,0,0,0x008CDBB9,Arbitro Ticket W,0x00912913,Instructions on forging the\nArbitro armor. Bring them to\nthe Smithy!
4033,4,5,99,37,3,0,0,0,0,0,0,0,0x008CDBCA,Arbitro Ticket L,0x00912958,Instructions on forging the\nArbitro armor. Bring them to\nthe Smithy!
4034,4,5,99,10,4,0,0,0,0,0,0,0,0x008CDBDB,Large Rancorbone,0x00103AF2,常に禍々しいオーラを放って\nいる大きな骨。耳を近づける\nと怨嗟の声が聞こえてくる。
4035,4,5,99,5,10,0,0,0,0,0,0,0,0x008CDBEC,Lavasioth Doll,0x00103B43,ある時期になると登場する、\nヴォルガノスによく似た人形。\n人形だから食べられない。
4036,4,5,99,18,7,0,0,0,0,0,0,0,0x008CDBFB,Migratory Seeds,0x00103B94,遥か彼方より飛来した種。\nメゼポルタ広場で栽培して\nいるものではないだろう。
4037,4,5,99,37,5,0,0,0,0,0,0,0,0x008CDC0B,Drgnstriker Tkt,0x00103BDF,最新型撃龍鎚【壊貫】の研究\n結果をまとめた書類。\nその内容を親方に報告だ！
4038,4,5,99,36,4,0,0,0,0,0,0,0,0x008CDC1B,Master's Tome 3,0x00103C28,偶然に発見した別冊の本。\nどうやら、とある武器の強化\n方法が記載されているようだ。
4039,4,5,99,33,3,0,0,0,0,0,0,0,0x008CDC2B,Hunter's Tome 2,0x00103C79,正義感の強い狩人の座右の銘。\n狩人にとって最も大切なもの\nを思い出させてくれる。
4040,4,5,99,37,1,0,0,0,0,0,0,0,0x008CDC3B,Secret Design 2,0x00103CC8,新しい秘密兵器の生産方法が\n書かれている図面。１枚では\n読み取ることができない。
4041,4,5,99,23,10,0,0,0,0,0,0,0,0x008CDC4B,Magnetized Scale,0x0091299D,A magnetized scale capable\nof binding matter together.\nNot suitable for crafting.
4042,4,5,99,37,1,0,0,0,0,0,0,0,0x008CDC5C,SSFⅣ Tkt: Head 2,0x009129EF,Instructions on forging the\nSSFIV armor. Bring them to\nthe Smithy!
4043,4,5,99,37,1,0,0,0,0,0,0,0,0x008CDC6E,SSFⅣ Tkt: Chest 2,0x00912A32,Instructions on forging the\nSSFIV armor. Bring them to\nthe Smithy!
4044,4,5,99,37,1,0,0,0,0,0,0,0,0x008CDC81,SSFⅣ Tkt: Arms 2,0x00912A75,Instructions on forging the\nSSFIV armor. Bring them to\nthe Smithy!
4045,4,5,99,37,1,0,0,0,0,0,0,0,0x008CDC93,SSFⅣ Tkt: Waist 2,0x00912AB8,Instructions on forging the\nSSFIV armor. Bring them to\nthe Smithy!
4046,4,5,99,37,1,0,0,0,0,0,0,0,0x008CDCA6,SSFⅣ Tkt: Legs 2,0x00912AFB,Instructions on forging the\nSSFIV armor. Bring them to\nthe Smithy!
4047,4,5,99,37,2,0,0,0,0,0,0,0,0x008CDCB8,SSFⅣ Tkt: Head X,0x00912B3E,Instructions on forging the\nSSFIV armor. Bring them to\nthe Smithy!
4048,4,5,99,37,2,0,0,0,0,0,0,0,0x008CDCCA,SSFⅣ Tkt: Chest X,0x00912B81,Instructions on forging the\nSSFIV armor. Bring them to\nthe Smithy!
4049,4,5,99,37,2,0,0,0,0,0,0,0,0x008CDCDD,SSFⅣ Tkt: Arms X,0x00912BC4,Instructions on forging the\nSSFIV armor. Bring them to\nthe Smithy!
4050,4,5,99,37,2,0,0,0,0,0,0,0,0x008CDCEF,SSFⅣ Tkt: Waist X,0x00912C07,Instructions on forging the\nSSFIV armor. Bring them to\nthe Smithy!
4051,4,5,99,37,2,0,0,0,0,0,0,0,0x008CDD02,SSFⅣ Tkt: Legs X,0x00912C4A,Instructions on forging the\nSSFIV armor. Bring them to\nthe Smithy!
4052,4,5,99,37,3,0,0,0,0,0,0,0,0x008CDD14,SSFⅣ Tkt: Head F,0x00912C8D,Instructions on forging the\nSSFIV armor. Bring them to\nthe Smithy!
4053,4,5,99,37,3,0,0,0,0,0,0,0,0x008CDD26,SSFⅣ Tkt: Chest F,0x00912CD0,Instructions on forging the\nSSFIV armor. Bring them to\nthe Smithy!
4054,4,5,99,37,3,0,0,0,0,0,0,0,0x008CDD39,SSFⅣ Tkt: Arms F,0x00912D13,Instructions on forging the\nSSFIV armor. Bring them to\nthe Smithy!
4055,4,5,99,37,3,0,0,0,0,0,0,0,0x008CDD4B,SSFⅣ Tkt: Waist F,0x00912D56,Instructions on forging the\nSSFIV armor. Bring them to\nthe Smithy!
4056,4,5,99,37,3,0,0,0,0,0,0,0,0x008CDD5E,SSFⅣ Tkt: Legs F,0x00912D99,Instructions on forging the\nSSFIV armor. Bring them to\nthe Smithy!
4057,4,5,99,27,0,0,0,0,0,0,0,0,0x008CDD70,PureWhtMeteorite,0x00103D68,稀に出土する不純物の混入が\n少ない白星鉄。結晶に近い\n純白の鉱石はとても美しい。
4058,4,5,99,34,7,0,0,0,0,0,0,0,0x008CDD81,Earth Medal,0x00912DDC,A medal symbolizing the\nearth. Adorned with a\nnature-themed pattern.
4059,4,5,99,34,3,0,0,0,0,0,0,0,0x008CDD8D,Marine Medal,0x00912E21,A medal symbolizing the\nocean. Adorned with a\nnature-themed pattern.
4060,4,5,99,34,6,0,0,0,0,0,0,0,0x008CDD9A,Sky Medal,0x00912E66,A medal symbolizing the sky. \nAdorned with a nature-themed\npattern.
4061,4,5,99,1,1,0,0,0,0,0,0,0,0x008CDDA4,SecretFlareJewel,0x00103E86,特殊な鉱石から生産された\n防具をさらに強化する素材。\n宝玉の色によって変化する。
4062,4,5,99,1,0,0,0,0,0,0,0,0,0x008CDDB5,SecretBlastJewel,0x00103E86,特殊な鉱石から生産された\n防具をさらに強化する素材。\n宝玉の色によって変化する。
4063,4,5,99,1,10,0,0,0,0,0,0,0,0x008CDDC6,SecretPierceJwl,0x00103E86,特殊な鉱石から生産された\n防具をさらに強化する素材。\n宝玉の色によって変化する。
4064,4,5,99,33,3,0,0,0,0,0,0,0,0x008CDDD6,Blue Sky Cloth,0x00103ED5,吸い込まれそうなほどに、\n蒼みを帯びた反物。さらに\nエンブレムが描かれている。
4065,4,5,99,33,3,0,0,0,0,0,0,0,0x008CDDE5,Welkin Cloth,0x00103F22,思わず見とれてしまうほどに、\n蒼みを帯びた反物。さらに\nエンブレムが描かれている。
4066,4,5,99,37,3,0,0,0,0,0,0,0,0x008CDDF2,BP10 Ticket 1,0x00912EAA,"A ticket made of special,\nrare paper. Can be exchanged\nfor a special item."
4067,4,5,99,37,3,0,0,0,0,0,0,0,0x008CDE00,BP10 Ticket 2,0x00912EF5,"A ticket made of special,\nrare paper. Can be exchanged\nfor a special item."
4068,4,5,99,37,3,0,0,0,0,0,0,0,0x008CDE0E,BP10 Ticket 3,0x00912F40,"A ticket made of special,\nrare paper. Can be exchanged\nfor a special item."
4069,4,5,99,37,3,0,0,0,0,0,0,0,0x008CDE1C,BP10 Ticket 4,0x00912F8B,"A ticket made of special,\nrare paper. Can be exchanged\nfor a special item."
4070,4,5,99,37,3,0,0,0,0,0,0,0,0x008CDE2A,BP10 Ticket 5,0x00912FD6,"A ticket made of special,\nrare paper. Can be exchanged\nfor a special item."
4071,4,5,99,37,3,0,0,0,0,0,0,0,0x008CDE38,BP10 Ticket 6,0x00913021,"A ticket made of special,\nrare paper. Can be exchanged\nfor a special item."
4072,4,5,99,37,3,0,0,0,0,0,0,0,0x008CDE46,BP10 Ticket 7,0x0091306C,"A ticket made of special,\nrare paper. Can be exchanged\nfor a special item."
4073,4,5,99,37,3,0,0,0,0,0,0,0,0x008CDE54,BP10 Ticket 8,0x009130B7,"A ticket made of special,\nrare paper. Can be exchanged\nfor a special item."
4074,4,5,99,37,3,0,0,0,0,0,0,0,0x008CDE62,Dancing E. Tkt,0x00913102,"A ticket depicting a swift,\ndynamic hunter. Bring it to\nthe Smithy!"
4075,4,5,99,37,1,0,0,0,0,0,0,0,0x008CDE71,Amenike E. Tkt,0x00913146,A ticket depicting two burly\nhunters holding hands. Bring\nit to the Smithy!
4076,4,5,99,37,7,0,0,0,0,0,0,0,0x008CDE80,Kusanagi Ticket,0x00913192,Instructions on forging the\nKusanagi Blade. Bring them\nto the Smithy!
4077,4,5,99,37,2,0,0,0,0,0,0,0,0x008CDE90,Spider C Ticket,0x009131D8,Instructions on forging the\nSpider Blade. Bring them to\nthe Smithy!
4078,4,5,99,37,3,0,0,0,0,0,0,0,0x008CDEA0,Toyama Ticket,0x0091321C,Instructions on forging the\nEnzan. Bring them to the\nSmithy!
4079,4,5,99,37,1,0,0,0,0,0,0,0,0x008CDEAE,Kogarasumaru Tkt,0x00913259,Instructions on forging the\nKogarasu-maru. Bring them to\nthe Smithy!
4080,4,5,99,37,10,0,0,0,0,0,0,0,0x008CDEBF,Randa Tkt: Head,0x0091329E,Instructions on forging the\nRanda armor. Bring them to\nthe Smithy!
4081,4,5,99,37,10,0,0,0,0,0,0,0,0x008CDECF,Randa Tkt: Chest,0x009132E1,Instructions on forging the\nRanda armor. Bring them to\nthe Smithy!
4082,4,5,99,37,10,0,0,0,0,0,0,0,0x008CDEE0,Randa Tkt: Arms,0x00913324,Instructions on forging the\nRanda armor. Bring them to\nthe Smithy!
4083,4,5,99,37,10,0,0,0,0,0,0,0,0x008CDEF0,Randa Tkt: Waist,0x00913367,Instructions on forging the\nRanda armor. Bring them to\nthe Smithy!
4084,4,5,99,37,10,0,0,0,0,0,0,0,0x008CDF01,Randa Tkt: Legs,0x009133AA,Instructions on forging the\nRanda armor. Bring them to\nthe Smithy!
4085,4,5,99,37,1,0,0,0,0,0,0,0,0x008CDF11,Kokyu Ticket,0x009133ED,Instructions on forging the\nMelynx Kokyu. Bring them to\nthe Smithy!
4086,4,5,99,37,1,0,0,0,0,0,0,0,0x008CDF1E,Lute Ticket,0x00913431,Instructions on forging the\nGold Cat Lute. Bring them\nto the Smithy!
4087,4,5,99,37,1,0,0,0,0,0,0,0,0x008CDF2A,Nyanshin Ticket,0x00913476,Instructions on forging the\nRed Cat Sanshin. Bring them\nto the Smithy!
4088,4,5,99,1,2,0,0,0,0,0,0,0,0x008CDF3A,Song of Forests,0x009134BD,An idea beyond the reach\nof human thought. Revealed\nby listening to nature.
4089,4,5,99,1,2,0,0,0,0,0,0,0,0x008CDF4A,Song of Cliffs,0x00913509,An idea beyond the reach\nof human thought. Revealed\nby listening to nature.
4090,4,5,99,1,2,0,0,0,0,0,0,0,0x008CDF59,Song of Dunes,0x00913555,An idea beyond the reach\nof human thought. Revealed\nby listening to nature.
4091,4,5,99,1,2,0,0,0,0,0,0,0,0x008CDF67,Song of Oceans,0x009135A1,An idea beyond the reach\nof human thought. Revealed\nby listening to nature.
4092,4,5,99,1,2,0,0,0,0,0,0,0,0x008CDF76,Song of Meadows,0x009135ED,An idea beyond the reach\nof human thought. Revealed\nby listening to nature.
4093,4,5,99,27,0,0,0,0,0,0,0,0,0x008CDF86,Carved Lux Stone,0x00913639,A stone with a mysterious\nengraving. Radiates with a\ndivine glow.
4094,4,5,99,27,10,0,0,0,0,0,0,0,0x008CDF97,Carved Nox Stone,0x0091367B,A stone with a mysterious\nengraving. Enveloped in a\nstagnant aura.
4095,4,5,99,27,2,0,0,0,0,0,0,0,0x008CDFA8,Carved Grn Stone,0x009136BE,A stone with a mysterious\nengraving. Enveloped in a\nrefreshing aura.
4096,4,5,99,27,4,0,0,0,0,0,0,0,0x008CDFB9,Carved Ylw Stone,0x00913703,A stone with a mysterious\nengraving. Enveloped in a\npeaceful aura.
4097,4,5,99,27,3,0,0,0,0,0,0,0,0x008CDFCA,Carved Blu Stone,0x00913746,A stone with a mysterious\nengraving. Enveloped in a\ncold aura.
4098,4,5,99,27,10,0,0,0,0,0,0,0,0x008CDFDB,Carved Blk Stone,0x00913785,A stone with a mysterious\nengraving. Enveloped in a\ncalm and quiet aura.
4099,4,5,99,27,1,0,0,0,0,0,0,0,0x008CDFEC,Carved Red Stone,0x009137CE,A stone with a mysterious\nengraving. Enveloped in a\nviolent aura.
4100,4,5,99,27,0,0,0,0,0,0,0,0,0x008CDFFD,Carved Wht Stone,0x00913810,A stone with a mysterious\nengraving. Enveloped in a\nwarm aura.
4101,4,5,99,37,7,0,0,0,0,0,0,0,0x008CE00E,N.Sabers Ticket,0x0091384F,Instructions on forging the\nNaranja Severers. Bring them\nto the Smithy!
4102,4,5,99,37,10,0,0,0,0,0,0,0,0x008CE01E,S.Sabers Ticket,0x00913897,Instructions on forging the\nDark Severers. Bring them\nto the Smithy!
4103,4,5,99,37,2,0,0,0,0,0,0,0,0x008CE02E,V.Sabers Ticket,0x009138DC,Instructions on forging the\nVeiled Severers. Bring them\nto the Smithy!
4104,4,5,99,35,4,0,0,0,0,0,0,0,0x008CE03E,Blush Base,0x00913923,Used to craft various Poogie\nDecorations. Bring it to the\nSmithy!
4105,4,5,99,35,1,0,0,0,0,0,0,0,0x008CE049,Birch Base,0x00913965,Used to craft various Poogie\nDecorations. Bring it to the\nSmithy!
4106,4,5,99,35,0,0,0,0,0,0,0,0,0x008CE054,Silken Base,0x009139A7,Used to craft various Poogie\nDecorations. Bring it to the\nSmithy!
4107,4,5,99,35,7,0,0,0,0,0,0,0,0x008CE060,Tanned Base,0x009139E9,Used to craft various Poogie\nDecorations. Bring it to the\nSmithy!
4108,4,5,99,43,4,0,0,0,0,0,0,0,0x008CE06C,Suilline Jewel,0x00913A2B,An indispensable item used\nin Decorations. Exceedingly\nrare and valuable.
4109,4,5,99,43,8,0,0,0,0,0,0,0,0x008CE07B,Mastodon Jewel,0x00913A75,An indispensable item used\nin Decorations. Exceedingly\nrare and valuable.
4110,4,5,99,43,3,0,0,0,0,0,0,0,0x008CE08A,Leonine Jewel,0x00913ABF,An indispensable item used\nin Decorations. Exceedingly\nrare and valuable.
4111,4,5,99,43,10,0,0,0,0,0,0,0,0x008CE098,Ursine Jewel,0x00913B09,An indispensable item used\nin Decorations. Exceedingly\nrare and valuable.
4112,4,5,99,43,6,0,0,0,0,0,0,0,0x008CE0A5,Rhinoceros Jewel,0x00913B53,An indispensable item used\nin Decorations. Exceedingly\nrare and valuable.
4113,4,5,99,43,2,0,0,0,0,0,0,0,0x008CE0B6,Tanuki Jewel,0x00913B9D,An indispensable item used\nin Decorations. Exceedingly\nrare and valuable.
4114,4,5,99,43,7,0,0,0,0,0,0,0,0x008CE0C3,Panthera Jewel,0x00913BE7,An indispensable item used\nin Decorations. Exceedingly\nrare and valuable.
4115,4,5,99,43,0,0,0,0,0,0,0,0,0x008CE0D2,Alligator Jewel,0x00913C31,An indispensable item used\nin Decorations. Exceedingly\nrare and valuable.
4116,4,5,99,43,1,0,0,0,0,0,0,0,0x008CE0E2,Foxtail Jewel,0x00913C7B,An indispensable item used\nin Decorations. Exceedingly\nrare and valuable.
4117,4,5,99,43,5,0,0,0,0,0,0,0,0x008CE0F0,Lupine Jewel,0x00913CC5,An indispensable item used\nin Decorations. Exceedingly\nrare and valuable.
4118,4,5,99,43,4,0,0,0,7,1230,2,0,0x008CE0FD,Attack 2 PA1,0x00913D0F,A Haven Poogie Decoration.\nIncompatible with certain\noutfits.
4119,4,5,99,43,4,0,0,0,7,1231,2,0,0x008CE10A,Attack 2 PA2,0x00913D4D,A Haven Poogie Decoration.\nIncompatible with certain\noutfits.
4120,4,5,99,43,4,0,0,0,7,1232,2,0,0x008CE117,Recoil 2 PA1,0x00913D8B,A Haven Poogie Decoration.\nIncompatible with certain\noutfits.
4121,4,5,99,43,4,0,0,0,7,1233,2,0,0x008CE124,Evasion 2 PA1,0x00913DC9,A Haven Poogie Decoration.\nIncompatible with certain\noutfits.
4122,4,5,99,43,4,0,0,0,7,1234,2,0,0x008CE132,Evasion 2 PA2,0x00913E07,A Haven Poogie Decoration.\nIncompatible with certain\noutfits.
4123,4,5,99,43,4,0,0,0,7,1235,2,0,0x008CE140,Precision 2 PA1,0x00913E45,A Haven Poogie Decoration.\nIncompatible with certain\noutfits.
4124,4,5,99,43,4,0,0,0,7,1236,2,0,0x008CE150,Combo Rate 2 PA1,0x00913E83,A Haven Poogie Decoration.\nIncompatible with certain\noutfits.
4125,4,5,99,43,4,0,0,0,7,1237,2,0,0x008CE161,Combo Rate 2 PA2,0x00913EC1,A Haven Poogie Decoration.\nIncompatible with certain\noutfits.
4126,4,5,99,43,4,0,0,0,7,1238,2,0,0x008CE172,DragonAtk 2 PA1,0x00913EFF,A Haven Poogie Decoration.\nIncompatible with certain\noutfits.
4127,4,5,99,43,4,0,0,0,7,1239,2,0,0x008CE182,DragonAtk 2 PA2,0x00913F3D,A Haven Poogie Decoration.\nIncompatible with certain\noutfits.
4128,4,5,99,43,4,0,0,0,7,1240,2,0,0x008CE192,Artillery 2 PA1,0x00913F7B,A Haven Poogie Decoration.\nIncompatible with certain\noutfits.
4129,4,5,99,43,4,0,0,0,7,1241,2,0,0x008CE1A2,Artillery 2 PA2,0x00913FB9,A Haven Poogie Decoration.\nIncompatible with certain\noutfits.
4130,4,5,99,43,4,0,0,0,7,1242,2,0,0x008CE1B2,Protection 2 PB1,0x00913FF7,A Haven Poogie Decoration.\nIncompatible with certain\noutfits.
4131,4,5,99,43,4,0,0,0,7,1243,2,0,0x008CE1C3,Protection 2 PB2,0x00914035,A Haven Poogie Decoration.\nIncompatible with certain\noutfits.
4132,4,5,99,43,4,0,0,0,7,1244,2,0,0x008CE1D4,Potential 2 PB1,0x00914073,A Haven Poogie Decoration.\nIncompatible with certain\noutfits.
4133,4,5,99,43,4,0,0,0,7,1245,2,0,0x008CE1E4,Potential 2 PB2,0x009140B1,A Haven Poogie Decoration.\nIncompatible with certain\noutfits.
4134,4,5,99,43,4,0,0,0,7,1246,2,0,0x008CE1F4,Fasting 2 PB1,0x009140EF,A Haven Poogie Decoration.\nIncompatible with certain\noutfits.
4135,4,5,99,43,4,0,0,0,7,1247,2,0,0x008CE202,Fasting 2 PB2,0x0091412D,A Haven Poogie Decoration.\nIncompatible with certain\noutfits.
4136,4,5,99,43,4,0,0,0,7,1248,2,0,0x008CE210,Stamina 2 PB1,0x0091416B,A Haven Poogie Decoration.\nIncompatible with certain\noutfits.
4137,4,5,99,43,4,0,0,0,7,1249,2,0,0x008CE21E,Stamina 2 PB2,0x009141A9,A Haven Poogie Decoration.\nIncompatible with certain\noutfits.
4138,4,5,99,43,4,0,0,0,7,1250,2,0,0x008CE22C,Normal Up 2 PB1,0x009141E7,A Haven Poogie Decoration.\nIncompatible with certain\noutfits.
4139,4,5,99,43,4,0,0,0,7,1251,2,0,0x008CE23C,Normal Up 2 PB2,0x00914225,A Haven Poogie Decoration.\nIncompatible with certain\noutfits.
4140,4,5,99,43,4,0,0,0,7,1252,2,0,0x008CE24C,Recoil 2 PB1,0x00914263,A Haven Poogie Decoration.\nIncompatible with certain\noutfits.
4141,4,5,99,43,4,0,0,0,7,1253,2,0,0x008CE259,Recoil 2 PB2,0x009142A1,A Haven Poogie Decoration.\nIncompatible with certain\noutfits.
4142,4,5,99,43,4,0,0,0,7,1254,2,0,0x008CE266,Fire Atk 2 PB1,0x009142DF,A Haven Poogie Decoration.\nIncompatible with certain\noutfits.
4143,4,5,99,43,4,0,0,0,7,1255,2,0,0x008CE275,Fire Atk 2 PB2,0x0091431D,A Haven Poogie Decoration.\nIncompatible with certain\noutfits.
4144,4,5,99,43,4,0,0,0,7,1256,2,0,0x008CE284,Water Atk 2 PB1,0x0091435B,A Haven Poogie Decoration.\nIncompatible with certain\noutfits.
4145,4,5,99,43,4,0,0,0,7,1257,2,0,0x008CE294,Water Atk 2 PB2,0x00914399,A Haven Poogie Decoration.\nIncompatible with certain\noutfits.
4146,4,5,99,43,4,0,0,0,7,1258,2,0,0x008CE2A4,Thunder Atk 2 PB1,0x009143D7,A Haven Poogie Decoration.\nIncompatible with certain\noutfits.
4147,4,5,99,43,4,0,0,0,7,1259,2,0,0x008CE2B6,Thunder Atk 2 PB2,0x00914415,A Haven Poogie Decoration.\nIncompatible with certain\noutfits.
4148,4,5,99,43,4,0,0,0,7,1260,2,0,0x008CE2C8,Ice Atk 2 PB1,0x00914453,A Haven Poogie Decoration.\nIncompatible with certain\noutfits.
4149,4,5,99,43,4,0,0,0,7,1261,2,0,0x008CE2D6,Ice Atk 2 PB2,0x00914491,A Haven Poogie Decoration.\nIncompatible with certain\noutfits.
4150,4,5,99,43,4,0,0,0,7,1262,2,0,0x008CE2E4,DragonAtk 2 PB1,0x009144CF,A Haven Poogie Decoration.\nIncompatible with certain\noutfits.
4151,4,5,99,43,4,0,0,0,7,1263,2,0,0x008CE2F4,DragonAtk 2 PB2,0x0091450D,A Haven Poogie Decoration.\nIncompatible with certain\noutfits.
4152,4,5,99,43,4,0,0,0,7,1264,2,0,0x008CE304,Ammo Mixer 2 PB1,0x0091454B,A Haven Poogie Decoration.\nIncompatible with certain\noutfits.
4153,4,5,99,43,4,0,0,0,7,1265,2,0,0x008CE315,Ammo Mixer 2 PB2,0x00914589,A Haven Poogie Decoration.\nIncompatible with certain\noutfits.
4154,3,4,99,43,4,0,0,0,7,1266,2,0,0x008CE326,FastCharge 2 PC1,0x009145C7,A Haven Poogie Decoration.\nIncompatible with certain\noutfits.
4155,3,4,99,43,4,0,0,0,7,1267,2,0,0x008CE337,FastCharge 2 PC2,0x00914605,A Haven Poogie Decoration.\nIncompatible with certain\noutfits.
4156,3,4,99,43,4,0,0,0,7,1268,2,0,0x008CE348,FastCharge 2 PC3,0x00914643,A Haven Poogie Decoration.\nIncompatible with certain\noutfits.
4157,3,4,99,43,4,0,0,0,7,1269,2,0,0x008CE359,Guts 2 PC1,0x00914681,A Haven Poogie Decoration.\nIncompatible with certain\noutfits.
4158,3,4,99,43,4,0,0,0,7,1270,2,0,0x008CE364,Guts 2 PC2,0x009146BF,A Haven Poogie Decoration.\nIncompatible with certain\noutfits.
4159,3,4,99,43,4,0,0,0,7,1271,2,0,0x008CE36F,Guts 2 PC3,0x009146FD,A Haven Poogie Decoration.\nIncompatible with certain\noutfits.
4160,3,4,99,43,4,0,0,0,7,1272,2,0,0x008CE37A,SpeedSetup 2 PC1,0x0091473B,A Haven Poogie Decoration.\nIncompatible with certain\noutfits.
4161,3,4,99,43,4,0,0,0,7,1273,2,0,0x008CE38B,SpeedSetup 2 PC2,0x00914779,A Haven Poogie Decoration.\nIncompatible with certain\noutfits.
4162,3,4,99,43,4,0,0,0,7,1274,2,0,0x008CE39C,SpeedSetup 2 PC3,0x009147B7,A Haven Poogie Decoration.\nIncompatible with certain\noutfits.
4163,3,4,99,43,4,0,0,0,7,1275,2,0,0x008CE3AD,Para SC+ 2 PC1,0x009147F5,A Haven Poogie Decoration.\nIncompatible with certain\noutfits.
4164,3,4,99,43,4,0,0,0,7,1276,2,0,0x008CE3BC,Para SC+ 2 PC2,0x00914833,A Haven Poogie Decoration.\nIncompatible with certain\noutfits.
4165,3,4,99,43,4,0,0,0,7,1277,2,0,0x008CE3CB,Para SC+ 2 PC3,0x00914871,A Haven Poogie Decoration.\nIncompatible with certain\noutfits.
4166,3,4,99,43,4,0,0,0,7,1278,2,0,0x008CE3DA,PoisonSC+ 2 PC1,0x009148AF,A Haven Poogie Decoration.\nIncompatible with certain\noutfits.
4167,3,4,99,43,4,0,0,0,7,1279,2,0,0x008CE3EA,PoisonSC+ 2 PC2,0x009148ED,A Haven Poogie Decoration.\nIncompatible with certain\noutfits.
4168,3,4,99,43,4,0,0,0,7,1280,2,0,0x008CE3FA,PoisonSC+ 2 PC3,0x0091492B,A Haven Poogie Decoration.\nIncompatible with certain\noutfits.
4169,3,4,99,43,4,0,0,0,7,1281,2,0,0x008CE40A,Sleep SC+ 2 PC1,0x00914969,A Haven Poogie Decoration.\nIncompatible with certain\noutfits.
4170,3,4,99,43,4,0,0,0,7,1282,2,0,0x008CE41A,Sleep SC+ 2 PC2,0x009149A7,A Haven Poogie Decoration.\nIncompatible with certain\noutfits.
4171,3,4,99,43,4,0,0,0,7,1283,2,0,0x008CE42A,Sleep SC+ 2 PC3,0x009149E5,A Haven Poogie Decoration.\nIncompatible with certain\noutfits.
4172,3,4,99,43,4,0,0,0,7,1284,2,0,0x008CE43A,Precision 2 PC1,0x00914A23,A Haven Poogie Decoration.\nIncompatible with certain\noutfits.
4173,3,4,99,43,4,0,0,0,7,1285,2,0,0x008CE44A,Precision 2 PC2,0x00914A61,A Haven Poogie Decoration.\nIncompatible with certain\noutfits.
4174,3,4,99,43,4,0,0,0,7,1286,2,0,0x008CE45A,Precision 2 PC3,0x00914A9F,A Haven Poogie Decoration.\nIncompatible with certain\noutfits.
4175,3,4,99,43,4,0,0,0,7,1287,2,0,0x008CE46A,Loading 2 PC1,0x00914ADD,A Haven Poogie Decoration.\nIncompatible with certain\noutfits.
4176,3,4,99,43,4,0,0,0,7,1288,2,0,0x008CE478,Loading 2 PC2,0x00914B1B,A Haven Poogie Decoration.\nIncompatible with certain\noutfits.
4177,3,4,99,43,4,0,0,0,7,1289,2,0,0x008CE486,Loading 2 PC3,0x00914B59,A Haven Poogie Decoration.\nIncompatible with certain\noutfits.
4178,3,4,99,43,4,0,0,0,7,1290,2,0,0x008CE494,Sharpener 2 PC1,0x00914B97,A Haven Poogie Decoration.\nIncompatible with certain\noutfits.
4179,3,4,99,43,4,0,0,0,7,1291,2,0,0x008CE4A4,Sharpener 2 PC2,0x00914BD5,A Haven Poogie Decoration.\nIncompatible with certain\noutfits.
4180,3,4,99,43,4,0,0,0,7,1292,2,0,0x008CE4B4,Sharpener 2 PC3,0x00914C13,A Haven Poogie Decoration.\nIncompatible with certain\noutfits.
4181,3,4,99,43,4,0,0,0,7,1293,2,0,0x008CE4C4,Sharpness 2 PC1,0x00914C51,A Haven Poogie Decoration.\nIncompatible with certain\noutfits.
4182,3,4,99,43,4,0,0,0,7,1294,2,0,0x008CE4D4,Sharpness 2 PC2,0x00914C8F,A Haven Poogie Decoration.\nIncompatible with certain\noutfits.
4183,3,4,99,43,4,0,0,0,7,1295,2,0,0x008CE4E4,Sharpness 2 PC3,0x00914CCD,A Haven Poogie Decoration.\nIncompatible with certain\noutfits.
4184,3,4,99,43,4,0,0,0,7,1296,2,0,0x008CE4F4,Bomb SC+ 2 PC1,0x00914D0B,A Haven Poogie Decoration.\nIncompatible with certain\noutfits.
4185,3,4,99,43,4,0,0,0,7,1297,2,0,0x008CE503,Bomb SC+ 2 PC2,0x00914D49,A Haven Poogie Decoration.\nIncompatible with certain\noutfits.
4186,3,4,99,43,4,0,0,0,7,1298,2,0,0x008CE512,Bomb SC+ 2 PC3,0x00914D87,A Haven Poogie Decoration.\nIncompatible with certain\noutfits.
4187,3,4,99,43,4,0,0,0,7,1299,2,0,0x008CE521,Fire SC+ 2 PC1,0x00914DC5,A Haven Poogie Decoration.\nIncompatible with certain\noutfits.
4188,3,4,99,43,4,0,0,0,7,1300,2,0,0x008CE530,Fire SC+ 2 PC2,0x00914E03,A Haven Poogie Decoration.\nIncompatible with certain\noutfits.
4189,3,4,99,43,4,0,0,0,7,1301,2,0,0x008CE53F,Fire SC+ 2 PC3,0x00914E41,A Haven Poogie Decoration.\nIncompatible with certain\noutfits.
4190,3,4,99,43,4,0,0,0,7,1302,2,0,0x008CE54E,Water SC+ 2 PC1,0x00914E7F,A Haven Poogie Decoration.\nIncompatible with certain\noutfits.
4191,3,4,99,43,4,0,0,0,7,1303,2,0,0x008CE55E,Water SC+ 2 PC2,0x00914EBD,A Haven Poogie Decoration.\nIncompatible with certain\noutfits.
4192,3,4,99,43,4,0,0,0,7,1304,2,0,0x008CE56E,Water SC+ 2 PC3,0x00914EFB,A Haven Poogie Decoration.\nIncompatible with certain\noutfits.
4193,3,4,99,43,4,0,0,0,7,1305,2,0,0x008CE57E,Thndr SC+ 2 PC1,0x00914F39,A Haven Poogie Decoration.\nIncompatible with certain\noutfits.
4194,3,4,99,43,4,0,0,0,7,1306,2,0,0x008CE58E,Thndr SC+ 2 PC2,0x00914F77,A Haven Poogie Decoration.\nIncompatible with certain\noutfits.
4195,3,4,99,43,4,0,0,0,7,1307,2,0,0x008CE59E,Thndr SC+ 2 PC3,0x00914FB5,A Haven Poogie Decoration.\nIncompatible with certain\noutfits.
4196,3,4,99,43,4,0,0,0,7,1308,2,0,0x008CE5AE,Ice SC+ 2 PC1,0x00914FF3,A Haven Poogie Decoration.\nIncompatible with certain\noutfits.
4197,3,4,99,43,4,0,0,0,7,1309,2,0,0x008CE5BC,Ice SC+ 2 PC2,0x00915031,A Haven Poogie Decoration.\nIncompatible with certain\noutfits.
4198,3,4,99,43,4,0,0,0,7,1310,2,0,0x008CE5CA,Ice SC+ 2 PC3,0x0091506F,A Haven Poogie Decoration.\nIncompatible with certain\noutfits.
4199,3,4,99,43,4,0,0,0,7,1311,2,0,0x008CE5D8,Drgn SC+ 2 PC1,0x009150AD,A Haven Poogie Decoration.\nIncompatible with certain\noutfits.
4200,3,4,99,43,4,0,0,0,7,1312,2,0,0x008CE5E7,Drgn SC+ 2 PC2,0x009150EB,A Haven Poogie Decoration.\nIncompatible with certain\noutfits.
4201,3,4,99,43,4,0,0,0,7,1313,2,0,0x008CE5F6,Drgn SC+ 2 PC3,0x00915129,A Haven Poogie Decoration.\nIncompatible with certain\noutfits.
4202,3,4,99,43,4,0,0,0,7,1314,2,0,0x008CE605,Maestro 2 PC1,0x00915167,A Haven Poogie Decoration.\nIncompatible with certain\noutfits.
4203,3,4,99,43,4,0,0,0,7,1315,2,0,0x008CE613,Maestro 2 PC2,0x009151A5,A Haven Poogie Decoration.\nIncompatible with certain\noutfits.
4204,3,4,99,43,4,0,0,0,7,1316,2,0,0x008CE621,Maestro 2 PC3,0x009151E3,A Haven Poogie Decoration.\nIncompatible with certain\noutfits.
4205,3,4,99,43,4,0,0,0,7,1317,2,0,0x008CE62F,Acrobat 2 PC1,0x00915221,A Haven Poogie Decoration.\nIncompatible with certain\noutfits.
4206,3,4,99,43,4,0,0,0,7,1318,2,0,0x008CE63D,Acrobat 2 PC2,0x0091525F,A Haven Poogie Decoration.\nIncompatible with certain\noutfits.
4207,3,4,99,43,4,0,0,0,7,1319,2,0,0x008CE64B,Acrobat 2 PC3,0x0091529D,A Haven Poogie Decoration.\nIncompatible with certain\noutfits.
4208,3,4,99,43,4,0,0,0,7,1320,2,0,0x008CE659,Bond 2 PC1,0x009152DB,A Haven Poogie Decoration.\nIncompatible with certain\noutfits.
4209,3,4,99,43,4,0,0,0,7,1321,2,0,0x008CE664,Bond 2 PC2,0x00915319,A Haven Poogie Decoration.\nIncompatible with certain\noutfits.
4210,3,4,99,43,4,0,0,0,7,1322,2,0,0x008CE66F,Bond 2 PC3,0x00915357,A Haven Poogie Decoration.\nIncompatible with certain\noutfits.
4211,3,4,99,43,4,0,0,0,7,1323,2,0,0x008CE67A,SpdGather 2 PC1,0x00915395,A Haven Poogie Decoration.\nIncompatible with certain\noutfits.
4212,3,4,99,43,4,0,0,0,7,1324,2,0,0x008CE68A,SpdGather 2 PC2,0x009153D3,A Haven Poogie Decoration.\nIncompatible with certain\noutfits.
4213,3,4,99,43,4,0,0,0,7,1325,2,0,0x008CE69A,SpdGather 2 PC3,0x00915411,A Haven Poogie Decoration.\nIncompatible with certain\noutfits.
4214,4,5,99,43,8,0,100000,5000,7,1326,1,0,0x008CE6AA,Status 2 SA1,0x0091544F,A Haven Poogie Decoration.\nCompatible with all outfits.
4215,4,5,99,43,8,0,100000,5000,7,1327,1,0,0x008CE6B7,Status 2 SA2,0x00915487,A Haven Poogie Decoration.\nCompatible with all outfits.
4216,4,5,99,43,8,0,100000,5000,7,1328,1,0,0x008CE6C4,Sharpness 2 SA1,0x009154BF,A Haven Poogie Decoration.\nCompatible with all outfits.
4217,4,5,99,43,8,0,100000,5000,7,1329,1,0,0x008CE6D4,Sharpness 2 SA2,0x009154F7,A Haven Poogie Decoration.\nCompatible with all outfits.
4218,4,5,99,43,8,0,100000,5000,7,1330,1,0,0x008CE6E4,Recoil 2 SA1,0x0091552F,A Haven Poogie Decoration.\nCompatible with all outfits.
4219,4,5,99,43,8,0,100000,5000,7,1331,1,0,0x008CE6F1,Recoil 2 SA2,0x00915567,A Haven Poogie Decoration.\nCompatible with all outfits.
4220,4,5,99,43,8,0,100000,5000,7,1332,1,0,0x008CE6FE,Psychic 2 SA1,0x0091559F,A Haven Poogie Decoration.\nCompatible with all outfits.
4221,4,5,99,43,8,0,100000,5000,7,1333,1,0,0x008CE70C,Artillery 2 SA1,0x009155D7,A Haven Poogie Decoration.\nCompatible with all outfits.
4222,4,5,99,43,8,0,100000,5000,7,1334,1,0,0x008CE71C,SpdGather SA1,0x0091560F,A Haven Poogie Decoration.\nCompatible with all outfits.
4223,4,5,99,43,8,0,100000,5000,7,1335,1,0,0x008CE72A,Perception 2 SA1,0x00915647,A Haven Poogie Decoration.\nCompatible with all outfits.
4224,4,5,99,43,8,0,100000,5000,7,1336,1,0,0x008CE73B,BombBoost 2 SA1,0x0091567F,A Haven Poogie Decoration.\nCompatible with all outfits.
4225,4,5,99,43,8,0,100000,5000,7,1337,1,0,0x008CE74B,Defense 2 SA1,0x009156B7,A Haven Poogie Decoration.\nCompatible with all outfits.
4226,4,5,99,43,8,0,10000,500,7,1338,1,0,0x008CE759,Para Res 2 SB1,0x009156EF,A Haven Poogie Decoration.\nCompatible with all outfits.
4227,4,5,99,43,8,0,10000,500,7,1339,1,0,0x008CE768,Para Res 2 SB2,0x00915727,A Haven Poogie Decoration.\nCompatible with all outfits.
4228,4,5,99,43,8,0,10000,500,7,1340,1,0,0x008CE777,Stun Res 2 SB1,0x0091575F,A Haven Poogie Decoration.\nCompatible with all outfits.
4229,4,5,99,43,8,0,10000,500,7,1341,1,0,0x008CE786,Stun Res 2 SB2,0x00915797,A Haven Poogie Decoration.\nCompatible with all outfits.
4230,4,5,99,43,8,0,10000,500,7,1342,1,0,0x008CE795,Poison Res 2 SB1,0x009157CF,A Haven Poogie Decoration.\nCompatible with all outfits.
4231,4,5,99,43,8,0,10000,500,7,1343,1,0,0x008CE7A6,Poison Res 2 SB2,0x00915807,A Haven Poogie Decoration.\nCompatible with all outfits.
4232,4,5,99,43,8,0,10000,500,7,1344,1,0,0x008CE7B7,WideRange 2 SB1,0x0091583F,A Haven Poogie Decoration.\nCompatible with all outfits.
4233,4,5,99,43,8,0,10000,500,7,1345,1,0,0x008CE7C7,WideRange 2 SB2,0x00915877,A Haven Poogie Decoration.\nCompatible with all outfits.
4234,4,5,99,43,8,0,10000,500,7,1346,1,0,0x008CE7D7,Transporter 2 SB1,0x009158AF,A Haven Poogie Decoration.\nCompatible with all outfits.
4235,4,5,99,43,8,0,10000,500,7,1347,1,0,0x008CE7E9,Transporter 2 SB2,0x009158E7,A Haven Poogie Decoration.\nCompatible with all outfits.
4236,4,5,99,43,8,0,10000,500,7,1348,1,0,0x008CE7FB,TerrainRes 2 SB1,0x0091591F,A Haven Poogie Decoration.\nCompatible with all outfits.
4237,4,5,99,43,8,0,10000,500,7,1349,1,0,0x008CE80C,TerrainRes 2 SB2,0x00915957,A Haven Poogie Decoration.\nCompatible with all outfits.
4238,4,5,99,43,8,0,10000,500,7,1350,1,0,0x008CE81D,Gluttony 2 SB1,0x0091598F,A Haven Poogie Decoration.\nCompatible with all outfits.
4239,4,5,99,43,8,0,10000,500,7,1351,1,0,0x008CE82C,Gluttony 2 SB2,0x009159C7,A Haven Poogie Decoration.\nCompatible with all outfits.
4240,4,5,99,43,8,0,10000,500,7,1352,1,0,0x008CE83B,Snow. Res 2 SB1,0x009159FF,A Haven Poogie Decoration.\nCompatible with all outfits.
4241,4,5,99,43,8,0,10000,500,7,1353,1,0,0x008CE84B,Snow.Res 2 SB2,0x00915A37,A Haven Poogie Decoration.\nCompatible with all outfits.
4242,4,5,99,43,8,0,10000,500,7,1354,1,0,0x008CE85A,Auto-Guard 2 SB1,0x00915A6F,A Haven Poogie Decoration.\nCompatible with all outfits.
4243,4,5,99,43,8,0,10000,500,7,1355,1,0,0x008CE86B,Auto-Guard 2 SB2,0x00915AA7,A Haven Poogie Decoration.\nCompatible with all outfits.
4244,4,5,99,43,8,0,10000,500,7,1356,1,0,0x008CE87C,Defense 2 SB1,0x00915ADF,A Haven Poogie Decoration.\nCompatible with all outfits.
4245,4,5,99,43,8,0,10000,500,7,1357,1,0,0x008CE88A,Defense 2 SB2,0x00915B17,A Haven Poogie Decoration.\nCompatible with all outfits.
4246,4,5,99,43,8,0,10000,500,7,1358,1,0,0x008CE898,Health 2 SB1,0x00915B4F,A Haven Poogie Decoration.\nCompatible with all outfits.
4247,4,5,99,43,8,0,10000,500,7,1359,1,0,0x008CE8A5,Health 2 SB2,0x00915B87,A Haven Poogie Decoration.\nCompatible with all outfits.
4248,4,5,99,43,8,0,10000,500,7,1360,1,0,0x008CE8B2,Capture Expert,0x00915BBF,A Haven Poogie Decoration.\nCompatible with all outfits.
4249,4,5,99,43,8,0,10000,500,7,1361,1,0,0x008CE8C1,Perception 2 SB2,0x00915BF7,A Haven Poogie Decoration.\nCompatible with all outfits.
4250,3,4,99,43,8,0,1000,50,7,1362,1,0,0x008CE8D2,All Res Up 2 SC1,0x00915C2F,A Haven Poogie Decoration.\nCompatible with all outfits.
4251,3,4,99,43,8,0,1000,50,7,1363,1,0,0x008CE8E3,All Res Up 2 SC2,0x00915C67,A Haven Poogie Decoration.\nCompatible with all outfits.
4252,3,4,99,43,8,0,1000,50,7,1364,1,0,0x008CE8F4,Psychic 2 SC1,0x00915C9F,A Haven Poogie Decoration.\nCompatible with all outfits.
4253,3,4,99,43,8,0,1000,50,7,1365,1,0,0x008CE902,Psychic 2 SC2,0x00915CD7,A Haven Poogie Decoration.\nCompatible with all outfits.
4254,3,4,99,43,8,0,1000,50,7,1366,1,0,0x008CE910,LastingPwr 2 SC1,0x00915D0F,A Haven Poogie Decoration.\nCompatible with all outfits.
4255,3,4,99,43,8,0,1000,50,7,1367,1,0,0x008CE921,LastingPwr 2 SC2,0x00915D47,A Haven Poogie Decoration.\nCompatible with all outfits.
4256,3,4,99,43,8,0,1000,50,7,1368,1,0,0x008CE932,Whim 2 SC1,0x00915D7F,A Haven Poogie Decoration.\nCompatible with all outfits.
4257,3,4,99,43,8,0,1000,50,7,1369,1,0,0x008CE93D,Whim 2 SC2,0x00915DB7,A Haven Poogie Decoration.\nCompatible with all outfits.
4258,3,4,99,43,8,0,1000,50,7,1370,1,0,0x008CE948,Acrobat 2 SC1,0x00915DEF,A Haven Poogie Decoration.\nCompatible with all outfits.
4259,3,4,99,43,8,0,1000,50,7,1371,1,0,0x008CE956,Acrobat 2 SC2,0x00915E27,A Haven Poogie Decoration.\nCompatible with all outfits.
4260,3,4,99,43,8,0,1000,50,7,1372,1,0,0x008CE964,Maestro 2 SC1,0x00915E5F,A Haven Poogie Decoration.\nCompatible with all outfits.
4261,3,4,99,43,8,0,1000,50,7,1373,1,0,0x008CE972,Maestro 2 SC2,0x00915E97,A Haven Poogie Decoration.\nCompatible with all outfits.
4262,3,4,99,43,8,0,1000,50,7,1374,1,0,0x008CE980,TerrainRes 2 SC1,0x00915ECF,A Haven Poogie Decoration.\nCompatible with all outfits.
4263,3,4,99,43,8,0,1000,50,7,1375,1,0,0x008CE991,TerrainRes 2 SC2,0x00915F07,A Haven Poogie Decoration.\nCompatible with all outfits.
4264,3,4,99,43,8,0,1000,50,7,1376,1,0,0x008CE9A2,Gathering 2 SC1,0x00915F3F,A Haven Poogie Decoration.\nCompatible with all outfits.
4265,3,4,99,43,8,0,1000,50,7,1377,1,0,0x008CE9B2,Gathering 2 SC2,0x00915F77,A Haven Poogie Decoration.\nCompatible with all outfits.
4266,3,4,99,43,8,0,1000,50,7,1378,1,0,0x008CE9C2,Pierce S+ 2 SC1,0x00915FAF,A Haven Poogie Decoration.\nCompatible with all outfits.
4267,3,4,99,43,8,0,1000,50,7,1379,1,0,0x008CE9D2,Pierce S+ 2 SC2,0x00915FE7,A Haven Poogie Decoration.\nCompatible with all outfits.
4268,3,4,99,43,8,0,1000,50,7,1380,1,0,0x008CE9E2,Tremor Res 2 SC1,0x0091601F,A Haven Poogie Decoration.\nCompatible with all outfits.
4269,3,4,99,43,8,0,1000,50,7,1381,1,0,0x008CE9F3,Tremor Res 2 SC2,0x00916057,A Haven Poogie Decoration.\nCompatible with all outfits.
4270,3,4,99,43,8,0,1000,50,7,1382,1,0,0x008CEA04,Perception 2 SC1,0x0091608F,A Haven Poogie Decoration.\nCompatible with all outfits.
4271,3,4,99,43,8,0,1000,50,7,1383,1,0,0x008CEA15,Perception 2 SC2,0x009160C7,A Haven Poogie Decoration.\nCompatible with all outfits.
4272,3,4,99,43,8,0,1000,50,7,1384,1,0,0x008CEA26,Perception 2 SC3,0x009160FF,A Haven Poogie Decoration.\nCompatible with all outfits.
4273,3,4,99,43,8,0,1000,50,7,1385,1,0,0x008CEA37,Perception 2 SC4,0x00916137,A Haven Poogie Decoration.\nCompatible with all outfits.
4274,3,4,99,43,8,0,1000,50,7,1386,1,0,0x008CEA48,Escapist 2 SC1,0x0091616F,A Haven Poogie Decoration.\nCompatible with all outfits.
4275,3,4,99,43,8,0,1000,50,7,1387,1,0,0x008CEA57,Escapist 2 SC2,0x009161A7,A Haven Poogie Decoration.\nCompatible with all outfits.
4276,3,4,99,43,8,0,1000,50,7,1388,1,0,0x008CEA66,Escapist 2 SC3,0x009161DF,A Haven Poogie Decoration.\nCompatible with all outfits.
4277,3,4,99,43,8,0,1000,50,7,1389,1,0,0x008CEA75,Escapist 2 SC4,0x00916217,A Haven Poogie Decoration.\nCompatible with all outfits.
4278,3,4,99,43,8,0,1000,50,7,1390,1,0,0x008CEA84,Luck 2 SC1,0x0091624F,A Haven Poogie Decoration.\nCompatible with all outfits.
4279,3,4,99,43,8,0,1000,50,7,1391,1,0,0x008CEA8F,Luck 2 SC2,0x00916287,A Haven Poogie Decoration.\nCompatible with all outfits.
4280,3,4,99,43,8,0,1000,50,7,1392,1,0,0x008CEA9A,Luck 2 SC3,0x009162BF,A Haven Poogie Decoration.\nCompatible with all outfits.
4281,3,4,99,43,8,0,1000,50,7,1393,1,0,0x008CEAA5,Luck 2 SC4,0x009162F7,A Haven Poogie Decoration.\nCompatible with all outfits.
4282,3,4,99,43,8,0,1000,50,7,1394,1,0,0x008CEAB0,Defense 2 SC1,0x0091632F,A Haven Poogie Decoration.\nCompatible with all outfits.
4283,3,4,99,43,8,0,1000,50,7,1395,1,0,0x008CEABE,Defense 2 SC2,0x00916367,A Haven Poogie Decoration.\nCompatible with all outfits.
4284,3,4,99,43,8,0,1000,50,7,1396,1,0,0x008CEACC,Defense 2 SC3,0x0091639F,A Haven Poogie Decoration.\nCompatible with all outfits.
4285,3,4,99,43,8,0,1000,50,7,1397,1,0,0x008CEADA,Defense 2 SC4,0x009163D7,A Haven Poogie Decoration.\nCompatible with all outfits.
4286,3,4,99,43,8,0,1000,50,7,1398,1,0,0x008CEAE8,Rec Speed 2 SC1,0x0091640F,A Haven Poogie Decoration.\nCompatible with all outfits.
4287,3,4,99,43,8,0,1000,50,7,1399,1,0,0x008CEAF8,Rec Speed 2 SC2,0x00916447,A Haven Poogie Decoration.\nCompatible with all outfits.
4288,3,4,99,43,8,0,1000,50,7,1400,1,0,0x008CEB08,Rec Speed 2 SC3,0x0091647F,A Haven Poogie Decoration.\nCompatible with all outfits.
4289,3,4,99,43,8,0,1000,50,7,1401,1,0,0x008CEB18,Rec Speed 2 SC4,0x009164B7,A Haven Poogie Decoration.\nCompatible with all outfits.
4290,3,4,99,43,8,0,1000,50,7,1402,1,0,0x008CEB28,Sleep Res 2 SC1,0x009164EF,A Haven Poogie Decoration.\nCompatible with all outfits.
4291,3,4,99,43,8,0,1000,50,7,1403,1,0,0x008CEB38,Sleep Res 2 SC2,0x00916527,A Haven Poogie Decoration.\nCompatible with all outfits.
4292,3,4,99,43,8,0,1000,50,7,1404,1,0,0x008CEB48,Sleep Res 2 SC3,0x0091655F,A Haven Poogie Decoration.\nCompatible with all outfits.
4293,3,4,99,43,8,0,1000,50,7,1405,1,0,0x008CEB58,Sleep Res 2 SC4,0x00916597,A Haven Poogie Decoration.\nCompatible with all outfits.
4294,3,4,99,43,8,0,1000,50,7,1406,1,0,0x008CEB68,Antiseptic 2 SC1,0x009165CF,A Haven Poogie Decoration.\nCompatible with all outfits.
4295,3,4,99,43,8,0,1000,50,7,1407,1,0,0x008CEB79,Antiseptic 2 SC2,0x00916607,A Haven Poogie Decoration.\nCompatible with all outfits.
4296,3,4,99,43,8,0,1000,50,7,1408,1,0,0x008CEB8A,Antiseptic 2 SC3,0x0091663F,A Haven Poogie Decoration.\nCompatible with all outfits.
4297,3,4,99,43,8,0,1000,50,7,1409,1,0,0x008CEB9B,Antiseptic 2 SC4,0x00916677,A Haven Poogie Decoration.\nCompatible with all outfits.
4298,3,4,99,43,8,0,1000,50,7,1410,1,0,0x008CEBAC,Snow.Res 2 SC1,0x009166AF,A Haven Poogie Decoration.\nCompatible with all outfits.
4299,3,4,99,43,8,0,1000,50,7,1411,1,0,0x008CEBBB,Snow.Res 2 SC2,0x009166E7,A Haven Poogie Decoration.\nCompatible with all outfits.
4300,3,4,99,43,8,0,1000,50,7,1412,1,0,0x008CEBCA,Snow.Res 2 SC3,0x0091671F,A Haven Poogie Decoration.\nCompatible with all outfits.
4301,3,4,99,43,8,0,1000,50,7,1413,1,0,0x008CEBD9,Snow.Res 2 SC4,0x00916757,A Haven Poogie Decoration.\nCompatible with all outfits.
4302,3,4,99,43,8,0,1000,50,7,1414,1,0,0x008CEBE8,Stealth 2 SC1,0x0091678F,A Haven Poogie Decoration.\nCompatible with all outfits.
4303,3,4,99,43,8,0,1000,50,7,1415,1,0,0x008CEBF6,Stealth 2 SC2,0x009167C7,A Haven Poogie Decoration.\nCompatible with all outfits.
4304,3,4,99,43,8,0,1000,50,7,1416,1,0,0x008CEC04,Stealth 2 SC3,0x009167FF,A Haven Poogie Decoration.\nCompatible with all outfits.
4305,3,4,99,43,8,0,1000,50,7,1417,1,0,0x008CEC12,Stealth 2 SC4,0x00916837,A Haven Poogie Decoration.\nCompatible with all outfits.
4306,3,4,99,43,8,0,1000,50,7,1418,1,0,0x008CEC20,Health 2 SC1,0x0091686F,A Haven Poogie Decoration.\nCompatible with all outfits.
4307,3,4,99,43,8,0,1000,50,7,1419,1,0,0x008CEC2D,Health 2 SC2,0x009168A7,A Haven Poogie Decoration.\nCompatible with all outfits.
4308,3,4,99,43,8,0,1000,50,7,1420,1,0,0x008CEC3A,Health 2 SC3,0x009168DF,A Haven Poogie Decoration.\nCompatible with all outfits.
4309,3,4,99,43,8,0,1000,50,7,1421,1,0,0x008CEC47,Health 2 SC4,0x00916917,A Haven Poogie Decoration.\nCompatible with all outfits.
4310,6,7,99,43,5,0,100000,100,7,1422,0,0,0x008CEC54,Poisoncoat Jwl+,0x0091694F,A Decoration for experts\nenchanted by rich skill\ncombinations.
4311,6,7,99,43,4,0,100000,100,7,1423,0,0,0x008CEC64,Paracoat Jewel+,0x0091698E,A Decoration for experts\nenchanted by rich skill\ncombinations.
4312,6,7,99,43,6,0,100000,100,7,1424,0,0,0x008CEC74,Sleep Jewel+,0x009169CD,A Decoration for experts\nenchanted by rich skill\ncombinations.
4313,6,7,99,43,5,0,100000,100,7,1425,0,0,0x008CEC81,PoisonCryst Jwl+,0x00916A0C,A Decoration for experts\nenchanted by rich skill\ncombinations.
4314,6,7,99,43,4,0,100000,100,7,1426,0,0,0x008CEC92,ParaCryst Jewel+,0x00916A4B,A Decoration for experts\nenchanted by rich skill\ncombinations.
4315,6,7,99,43,6,0,100000,100,7,1427,0,0,0x008CECA3,SleepCryst Jwl+,0x00916A8A,A Decoration for experts\nenchanted by rich skill\ncombinations.
4316,6,7,99,43,1,0,100000,100,7,1428,0,0,0x008CECB3,FireCryst Jewel+,0x00916AC9,A Decoration for experts\nenchanted by rich skill\ncombinations.
4317,6,7,99,43,6,0,100000,100,7,1429,0,0,0x008CECC4,WaterCryst Jwl+,0x00916B08,A Decoration for experts\nenchanted by rich skill\ncombinations.
4318,6,7,99,43,4,0,100000,100,7,1430,0,0,0x008CECD4,ThndrCryst Jwl+,0x00916B47,A Decoration for experts\nenchanted by rich skill\ncombinations.
4319,6,7,99,43,3,0,100000,100,7,1431,0,0,0x008CECE4,IceCryst Jewel+,0x00916B86,A Decoration for experts\nenchanted by rich skill\ncombinations.
4320,4,5,99,9,10,0,0,40000,0,0,0,0,0x008CECF4,Daora Windshell,0x00916BC5,"A shell found only on the\nfiercest of Kushala Daora.\nCuriously, it never rusts."
4321,4,5,99,9,10,0,0,50000,0,0,0,0,0x008CED04,Daora Gustshell,0x00916C15,A top-quality shell imbued\nwith the winds of a fierce\nKushala Daora.
4322,4,5,99,9,10,0,0,60000,0,0,0,0,0x008CED14,Daora Galeshell,0x00916C5A,"A rare, stormproof shell\ncarved from an exceptionally\nfierce Kushala Daora."
4323,4,5,99,31,0,0,0,50000,0,0,0,0,0x008CED24,Orgaron Blade,0x00916CA6,An Orgaron fang naturally\nhoned over time. Sharper\nthan most weapons.
4324,4,5,99,31,0,0,0,60000,0,0,0,0,0x008CED32,Orgaron Ripper,0x00916CEC,A fang evolved to rip and\ntear. Not even steel plates\ncould resist its might.
4325,4,5,99,14,0,0,0,50000,0,0,0,0,0x008CED41,Orgaron Purefur,0x00916D3A,Pure white Nono Orgaron fur.\nIt is said that no dye could\never stain it.
4326,4,5,99,14,0,0,0,60000,0,0,0,0,0x008CED51,Orgaron Glowfur,0x00916D83,Shines a dazzling white when\nexposed to light. Extremely\ndifficult to handle.
4327,4,5,99,9,8,0,0,30000,0,0,0,0,0x008CED61,P.Rath Steelshl,0x00916DD1,A hardened Pink Rathian\nShell that requires special\ntools to be processed.
4328,4,5,99,9,8,0,0,40000,0,0,0,0,0x008CED71,P.Rath Gleamshl,0x00916E1C,A gorgeously colored Pink\nRathian shell. A delicate\nand extremely fragile item.
4329,4,5,99,14,8,0,0,30000,0,0,0,0,0x008CED81,Quivering Hide,0x00916E6C,A precious hide that leaves\na lasting impression on its\nbeholder.
4330,4,5,99,14,8,0,0,40000,0,0,0,0,0x008CED90,Crimson Hide,0x00916EAE,"A rare hide that retains its\nluster, no matter how poorly\nor roughly it is handled."
4331,4,5,99,9,3,0,0,40000,0,0,0,0,0x008CED9D,Azure Hypno Pelt,0x00916F02,"A gorgeous, top-quality\npelt found only on certain\nVivid Hypnocatrice."
4332,4,5,99,9,3,0,0,50000,0,0,0,0,0x008CEDAE,Shiny Hypno Pelt,0x00916F49,A sparkling pelt with an\nazure glow. Found only on\ncertain Vivid Hypnocatrice.
4333,4,5,1,25,0,0,0,0,0,0,0,0,0x008CEDBF,Wyvern Egg?,0x00916F98,A mysterious egg that looks\njust like a Wyvern Egg.
4334,4,5,1,25,0,0,0,0,0,0,0,0,0x008CEDCB,Herbivore Egg?,0x00916FCC,A mysterious egg that looks\njust like a Herbivore Egg.
4335,4,5,1,25,0,0,0,0,0,0,0,0,0x008CEDDA,Carnivore Egg?,0x00917003,A mysterious egg that looks\njust like a Carnivore Egg.
4336,4,5,99,37,2,0,0,0,0,0,0,0,0x008CEDE9,Normal Design 1,0x0091703A,A drawing depicting a design\nfor a simple sleeping area.
4337,4,5,99,37,2,0,0,0,0,0,0,0,0x008CEDF9,Normal Design 2,0x00917073,A drawing depicting a design\nfor a simple swimming pool.
4338,4,5,99,37,4,0,0,0,0,0,0,0,0x008CEE09,Miniature Design,0x009170AC,A drawing that makes you\nfeel like a real hunter.\nMonsters not included.
4339,4,5,99,37,10,0,0,0,0,0,0,0,0x000D5142,ダミー３８,0x0000276D,ダミー
4340,4,5,99,24,0,0,0,0,0,0,0,0,0x008CEE1A,Goocoo Tear,0x009170F5,A small Goocoo tear.\nSeems a little salty.\nTry collecting them...?
4341,4,5,99,33,0,0,0,0,0,0,0,0,0x008CEE26,Goocoo Quill,0x00917138,A small Goocoo feather.\nSmooth and beautiful.\nTry collecting them...?
4342,4,5,99,37,6,0,0,0,0,0,0,0,0x008CEE33,Polka Dot Design,0x0091717E,Instructions for making\npolka-dot patterned clothes.\nBeginner friendly!
4343,4,5,99,37,7,0,0,0,0,0,0,0,0x008CEE44,Gunman Design,0x009171C6,"A guide to becoming a real\ngunslinger. Volume 1 of the\n""Easy Gunning"" series."
4344,4,5,99,37,1,0,0,0,0,0,0,0,0x000D517F,ダミー３９,0x0000276D,ダミー
4345,4,5,99,37,3,0,0,0,0,0,0,0,0x008CEE52,Diving Design,0x00917214,Instructions for making\na complete set of swimwear.
4346,4,5,99,37,8,0,0,0,0,0,0,0,0x008CEE60,Fruity Design,0x00917248,Instructions for making\nvarious fruit-shaped bags.\nMade by a famous designer.
4347,4,5,99,37,4,0,0,0,0,0,0,0,0x008CEE6E,Party Design,0x00917296,Instructions for making a\nwildly popular party-themed \nset of clothing.
4348,4,5,99,37,2,0,100,100,0,0,0,0,0x008CEE7B,Tattered Design,0x009172DE,Torn pieces of paper. They\nseem to form a drawing when\nput together. ~C05(Account Item)
4349,4,5,99,37,2,0,100,100,0,0,0,0,0x008CEE8B,Worn-out Design,0x00917336,Torn pieces of paper. They\nseem to form a drawing when\nput together. ~C05(Account Item)
4350,4,5,99,33,8,0,100,100,0,0,0,0,0x008CEE9B,Goocoo Memory,0x0091738E,A fragment of a Goocoo's\nmemories. What could it be\nup to now... ~C05(Account Item)
4351,4,5,99,23,2,0,40000,4000,0,0,0,0,0x008CEEA9,F.Wyvern Plate,0x009173E2,"A flying wyvern plate.\nVery rarely seen, let\nalone obtained."
4352,4,5,99,1,2,0,40000,4000,0,0,0,0,0x008CEEB8,F.Wyvern Jewel,0x0091741F,A rare stone formed inside\na flying wyvern. Treated\nas a jewel.
4353,4,5,5,82,4,0,0,0,0,0,0,0,0x008CEEC7,HG Earplugs+ Berry,0x0091745F,Its effect persists even\nafter fainting. Only one\ncan be eaten per Quest.
4354,4,5,5,82,7,0,0,0,0,0,0,0,0x008CEEDA,Defense Berry,0x009174A9,Its effect persists even\nafter fainting. Only one\ncan be eaten per Quest.
4355,4,5,5,82,10,0,0,0,0,0,0,0,0x008CEEE8,Combo Rate Berry,0x009174F3,Its effect persists even\nafter fainting. Only one\ncan be eaten per Quest.
4356,4,5,5,82,0,0,0,0,0,0,0,0,0x008CEEF9,Acrobat Berry,0x0091753D,Its effect persists even\nafter fainting. Only one\ncan be eaten per Quest.
4357,4,5,5,82,8,0,0,0,0,0,0,0,0x008CEF07,Speed Eating Berry,0x00917587,Its effect persists even\nafter fainting. Only one\ncan be eaten per Quest.
4358,4,5,10,24,7,0,0,0,0,0,0,0,0x008CEF1A,Giga Potion,0x009175D1,Fully restores your Health.\nExtremely valuable.
4359,4,5,5,24,10,0,0,0,0,0,0,0,0x008CEF26,Demonarmor Drug,0x00917601,A drink that boosts both\nyour Attack and Defense.\nExtremely valuable.
4360,4,5,1,37,1,0,0,0,0,0,0,0,0x008CEF36,Guts Ticket+,0x00917647,Fully restores Health and\nprotects you from a lethal\nblow. Breaks upon use.
4361,4,5,99,37,5,0,0,0,0,0,0,0,0x008CEF43,Poisoner Ticket,0x00917693,Instructions on forging the\nPoisoner I. Bring them to\nthe Smithy!
4362,4,5,99,37,2,0,0,0,0,0,0,0,0x008CEF53,Paralypia Ticket,0x009176D5,Instructions on forging\nthe Paralyzing Rapier I.\nBring them to the Smithy!
4363,4,5,99,37,1,0,0,0,0,0,0,0,0x008CEF64,Demon Rapier Tkt,0x00917720,Instructions on forging\nthe Demon's Rapiers I.\nBring them to the Smithy!
4364,4,5,99,37,4,0,0,0,0,0,0,0,0x008CEF75,Cuff Ticket PA2,0x00917769,Used to craft various Poogie\nDecorations. Bring it to the\nSmithy!
4365,4,5,99,37,4,0,0,0,0,0,0,0,0x008CEF85,Cuff Ticket PB2,0x009177AB,Used to craft various Poogie\nDecorations. Bring it to the\nSmithy!
4366,4,5,99,37,4,0,0,0,0,0,0,0,0x008CEF95,Cuff Ticket PC2,0x009177ED,Used to craft various Poogie\nDecorations. Bring it to the\nSmithy!
4367,4,5,99,10,10,0,0,0,0,0,0,0,0x008CEFA5,Sturdy Jawbone,0x0091782F,"An old monster jawbone.\nDespite its age, it has\nnot deteriorated."
4368,4,5,99,27,4,0,0,0,0,0,0,0,0x008CEFB4,Sand Caldite,0x00917871,An ore said to contain the\npower of flame. Its color\nchanges with viewing angle.
4369,4,5,99,27,8,0,0,0,0,0,0,0,0x008CEFC1,Plum Caldite,0x009178C2,An ore said to contain the\npower of flame. Its color\nchanges with viewing angle.
4370,4,5,99,27,5,0,0,0,0,0,0,0,0x008CEFCE,Soot Caldite,0x00917913,An ore said to contain the\npower of flame. Its color\nchanges with viewing angle.
4371,4,5,99,37,4,0,0,0,0,0,0,0,0x008CEFDB,Victor's Ticket,0x00917964,A ticket given to hunters\nwho've triumphed in VS\nTournaments.
4372,4,5,99,37,7,0,0,0,0,0,0,0,0x008CEFEB,TP5 Ticket 1,0x009179A2,A ticket made of strange\npaper. Can be exchanged\nfor a special item.
4373,4,5,99,37,7,0,0,0,0,0,0,0,0x008CEFF8,TP5 Ticket 2,0x009179E7,A ticket made of strange\npaper. Can be exchanged\nfor a special item.
4374,4,5,99,37,7,0,0,0,0,0,0,0,0x008CF005,TP5 Ticket 3,0x00917A2C,A ticket made of strange\npaper. Can be exchanged\nfor a special item.
4375,4,5,99,37,7,0,0,0,0,0,0,0,0x008CF012,TP5 Ticket 4,0x00917A71,A ticket made of strange\npaper. Can be exchanged\nfor a special item.
4376,4,5,99,37,7,0,0,0,0,0,0,0,0x008CF01F,TP5 Ticket 5,0x00917AB6,A ticket made of strange\npaper. Can be exchanged\nfor a special item.
4377,4,5,99,37,6,0,0,0,0,0,0,0,0x008CF02C,Ena Ticket 1,0x00917AFB,Instructions on forging the\nEna Piercing I. Bring them\nto the Smithy!
4378,4,5,99,37,6,0,0,0,0,0,0,0,0x008CF039,Ena Ticket 2,0x00917B41,Instructions on forging the\nEna Piercing II. Bring them\nto the Smithy!
4379,4,5,99,37,6,0,0,0,0,0,0,0,0x008CF046,Ena Ticket 3,0x00917B88,Instructions on forging the\nEna Piercing Ⅲ. Bring them\nto the Smithy!
4380,4,5,99,37,6,0,0,0,0,0,0,0,0x008CF053,Ena Ticket 4,0x00917BCF,Instructions on forging the\nEna Piercing IV. Bring them\nto the Smithy!
4381,4,5,99,37,6,0,0,0,0,0,0,0,0x008CF060,Ena Ticket 5,0x00917C16,Instructions on forging the\nEna Piercing V. Bring them\nto the Smithy!
4382,4,5,99,37,6,0,0,0,0,0,0,0,0x008CF06D,Ena Ticket 6,0x00917C5C,Instructions on forging the\nEna Piercing VI. Bring them\nto the Smithy!
4383,4,5,99,37,6,0,0,0,0,0,0,0,0x008CF07A,Ena Ticket 7,0x00917CA3,Instructions on forging the\nEna Piercing Ⅶ. Bring them\nto the Smithy!
4384,4,5,99,37,6,0,0,0,0,0,0,0,0x008CF087,Ena Ticket 8,0x00917CEA,Instructions on forging the\nEna Piercing Ⅷ. Bring them\nto the Smithy!
4385,4,5,99,37,7,0,0,0,0,0,0,0,0x008CF094,Solente Ticket,0x00917D31,Instructions on forging the\nSunlit Horn. Bring them to\nthe Smithy!
4386,4,5,99,37,10,0,0,0,0,0,0,0,0x008CF0A3,Notte H Ticket,0x00917D74,Instructions on forging the\nMidnight Horn. Bring them to\nthe Smithy!
4387,4,5,99,37,2,0,0,0,0,0,0,0,0x008CF0B2,Plato Horn Ticket,0x00917DB9,Instructions on forging the\nFlourishing Horn. Bring them\nto the Smithy!
4388,4,5,99,35,7,0,0,0,0,0,0,0,0x008CF0C4,Apricot Base,0x00917E01,Used to craft various Poogie\nDecorations. Bring it to the\nSmithy!
4389,4,5,99,35,8,0,0,0,0,0,0,0,0x008CF0D1,Dawn Base,0x00917E43,Used to craft various Poogie\nDecorations. Bring it to the\nSmithy!
4390,4,5,99,35,2,0,0,0,0,0,0,0,0x008CF0DB,Leather Base,0x00917E85,Used to craft various Poogie\nDecorations. Bring it to the\nSmithy!
4391,4,5,99,35,3,0,0,0,0,0,0,0,0x008CF0E8,Wax Base,0x00917EC7,Used to craft various Poogie\nDecorations. Bring it to the\nSmithy!
4392,4,5,1,37,0,0,0,0,0,0,0,0,0x008CF0F1,EZ Guts Ticket,0x00917F09,Allows you to survive a\nlethal blow once. Breaks\nupon use. ~C05(Supply Item)
4393,4,5,1,30,3,0,0,0,5,0,0,0,0x008CF100,Balloon Horn,0x00917F56,"One mournful toot, and the\nFelyne's here to shoot!\n~C05(Supply Item)"
4394,4,5,1,33,10,0,0,0,5,0,0,0,0x008CF10D,Felyne Ballista,0x00105192,頼れるアイツがぽぽんと参上。\nニャニャッと華麗に乱れ撃つ！\n~C05（支給品専用）
4395,4,5,1,6,7,0,0,0,5,0,0,0,0x008CF11D,UG Sonic Bomb,0x00917F9B,Use this while the Raviente\nis underground to force it\nto surface! ~C05(Supply Item)
4396,4,5,1,1,0,0,0,0,5,0,0,0,0x008CF12B,Signal Flare,0x00917FF0,A flare used to drop rocks\non the Raviente's head. May\ninduce stun. ~C05(Supply Item)
4397,4,5,1,2,8,0,0,0,5,0,0,0,0x008CF138,Geyser Bomb,0x00918046,A bomb that flies towards\nRaviente when placed on a\ngeyser. ~C05(Supply Item)
4398,4,5,99,24,1,0,0,60000,0,0,0,0,0x008CF144,Raviente Blood+,0x00918094,Dark red Violent Raviente\nblood. Capable of curing\nvarious status ailments.
4399,4,5,99,10,5,0,20000,2000,0,0,0,0,0x008CF154,E.Drgn Greatbone,0x009180E0,A large bone carved from an\nElder Dragon. The key to its \nwondrous movements.
4400,4,5,99,27,10,0,0,12500,0,0,0,0,0x008CF165,Rukodiora Stone,0x0091812E,A stone found deep inside a\nRukodiora. Its properties\ndiffer from any known ores.
4401,4,5,99,37,4,0,0,0,0,0,0,0,0x000D549C,４４０１ダミー,0x0000276D,ダミー
4402,4,5,99,37,4,0,0,0,0,0,0,0,0x000D54AB,４４０２ダミー,0x0000276D,ダミー
4403,4,5,99,37,4,0,0,0,0,0,0,0,0x000D54BA,４４０３ダミー,0x0000276D,ダミー
4404,4,5,99,37,4,0,0,0,0,0,0,0,0x000D54C9,４４０４ダミー,0x0000276D,ダミー
4405,4,5,99,37,4,0,0,0,0,0,0,0,0x000D54D8,４４０５ダミー,0x0000276D,ダミー
4406,4,5,99,33,1,0,0,0,0,0,0,0,0x008CF175,Wild Silk Cloth,0x00918180,A pleasant fabric woven\nfrom monsters found on\ndistant isles.
4407,4,5,99,37,3,0,0,0,0,0,0,0,0x008CF185,BP11 Ticket 1,0x009181BE,"A ticket made of special,\nrare paper. Can be exchanged\nfor a special item."
4408,4,5,99,37,3,0,0,0,0,0,0,0,0x008CF193,BP11 Ticket 2,0x00918209,"A ticket made of special,\nrare paper. Can be exchanged\nfor a special item."
4409,4,5,99,37,3,0,0,0,0,0,0,0,0x008CF1A1,BP11 Ticket 3,0x00918254,"A ticket made of special,\nrare paper. Can be exchanged\nfor a special item."
4410,4,5,99,37,3,0,0,0,0,0,0,0,0x008CF1AF,BP11 Ticket 4,0x0091829F,"A ticket made of special,\nrare paper. Can be exchanged\nfor a special item."
4411,4,5,99,37,3,0,0,0,0,0,0,0,0x008CF1BD,BP11 Ticket 5,0x009182EA,"A ticket made of special,\nrare paper. Can be exchanged\nfor a special item."
4412,4,5,99,37,3,0,0,0,0,0,0,0,0x008CF1CB,BP11 Ticket 6,0x00918335,"A ticket made of special,\nrare paper. Can be exchanged\nfor a special item."
4413,4,5,99,37,3,0,0,0,0,0,0,0,0x008CF1D9,BP11 Ticket 7,0x00918380,"A ticket made of special,\nrare paper. Can be exchanged\nfor a special item."
4414,4,5,99,37,3,0,0,0,0,0,0,0,0x008CF1E7,BP11 Ticket 8,0x009183CB,"A ticket made of special,\nrare paper. Can be exchanged\nfor a special item."
4415,4,5,99,37,0,0,0,0,0,0,0,0,0x008CF1F5,Meister Ticket H,0x00918416,Instructions on forging the\nMeister armor. Bring them to\nthe Smithy!
4416,4,5,99,37,0,0,0,0,0,0,0,0,0x008CF206,Meister Ticket C,0x0091845B,Instructions on forging the\nMeister armor. Bring them to\nthe Smithy!
4417,4,5,99,37,0,0,0,0,0,0,0,0,0x008CF217,Meister Ticket A,0x009184A0,Instructions on forging the\nMeister armor. Bring them to\nthe Smithy!
4418,4,5,99,37,0,0,0,0,0,0,0,0,0x008CF228,Meister Ticket W,0x009184E5,Instructions on forging the\nMeister armor. Bring them to\nthe Smithy!
4419,4,5,99,37,0,0,0,0,0,0,0,0,0x008CF239,Meister Ticket L,0x0091852A,Instructions on forging the\nMeister armor. Bring them to\nthe Smithy!
4420,4,5,99,37,6,0,0,0,0,0,0,0,0x008CF24A,Wrkshp W.Bld Tkt,0x0091856F,Instructions on forging the\nWorkshop Aquablades. Bring\nthem to the Smithy!
4421,4,5,99,37,1,0,0,0,0,0,0,0,0x008CF25B,Wrkshp F.Bld Tkt,0x009185BA,Instructions on forging the\nWorkshop Fireblades. Bring\nthem to the Smithy!
4422,4,5,99,37,0,0,0,0,0,0,0,0,0x008CF26C,Wrkshp Bow Tkt,0x00918605,Instructions on forging the\nWorkshop Bow. Bring them to\nthe Smithy!
4423,4,5,99,37,3,0,0,0,0,0,0,0,0x008CF27B,Wrkshp W.Bow Tkt,0x00918649,Instructions on forging the\nWorkshop Aquabow. Bring them\nto the Smithy!
4424,4,5,99,33,0,0,0,0,0,0,0,0,0x008CF28C,Lunar Strand,0x00918691,Yarn used to weave cloth by\na person said to inhabit the\nnight sky. A seasonal item.
4425,4,5,99,27,10,0,0,0,0,0,0,0,0x008CF299,Steel Polyhedron,0x009186E6,A steel polyhedron. The\nnumber of faces somehow\nvaries with each count.
4426,4,5,99,12,5,0,0,0,0,0,0,0,0x008CF2AA,Noxious Mushroom,0x0091872E,"A large, toxic mushroom.\nCommonly disregarded due\nto its unknown use."
4427,4,5,99,35,1,0,0,0,0,0,0,0,0x008CF2BB,Rainbow Gunpwdr,0x00918774,Used to craft fireworks shot\nat Mezeporta Square. Capable\nof emitting various colors.
4428,4,5,99,15,0,0,0,0,0,0,0,0,0x008CF2CB,Ancient Branch,0x009187CA,"A tree branch so large,\nyou could never hope to\ncarry it back alone."
4429,4,5,99,27,10,0,0,0,0,0,0,0,0x008CF2DA,Inkstick Shard,0x0091880F,"A piece of an old, costly\ninkstick that once belonged\nto someone from the East."
4430,4,5,99,37,3,0,0,0,0,0,0,0,0x008CF2E9,Gratitude Ticket IV,0x0091885F,A token of gratitude given\nto hunters who have long\nventured into the unknown.
4431,4,5,99,37,4,0,0,0,0,0,0,0,0x008CF2FD,Wonder Spoon Tkt,0x009188AE,Instructions on forging the\nWondrous Spoon. Bring them\nto the Smithy!
4432,4,5,99,37,0,0,0,0,0,0,0,0,0x008CF30E,Fairy Spoon Tkt,0x009188F4,Instructions on forging the\nFairy Spoon. Bring them to\nthe Smithy!
4433,4,5,99,37,0,0,0,0,0,0,0,0,0x008CF31E,Pretty Horn Tkt,0x00918937,Instructions on forging the\nPretty Horn. Bring them to\nthe Smithy!
4434,4,5,99,37,4,0,0,0,0,0,0,0,0x008CF32E,Rusty Horn Tkt,0x0091897A,Instructions on forging the\nStriped Horn. Bring them to\nthe Smithy!
4435,4,5,99,37,0,0,0,0,0,0,0,0,0x008CF33D,Lovely Gun Tkt,0x009189BE,Instructions on forging the\nLovely Gun. Bring them to\nthe Smithy!
4436,4,5,99,37,0,0,0,0,0,0,0,0,0x008CF34C,Lovely Assault Tkt,0x00918A00,Instructions on forging the\nLovely Assault. Bring them\nto the Smithy!
4437,4,5,99,37,0,0,0,0,0,0,0,0,0x008CF35F,Lovely Splash Tkt,0x00918A46,Instructions on forging the\nLovely Splasher. Bring them\nto the Smithy!
4438,4,5,99,37,4,0,0,0,0,0,0,0,0x008CF371,Piglet Gun TKt,0x00918A8D,Instructions on forging the\nPiglet Gun. Bring them to\nthe Smithy!
4439,4,5,99,37,4,0,0,0,0,0,0,0,0x008CF380,PigletAssaultTkt,0x00918ACF,Instructions on forging the\nPiglet Assault. Bring them\nto the Smithy!
4440,4,5,99,37,4,0,0,0,0,0,0,0,0x008CF391,PigletBlasterTkt,0x00918B15,Instructions on forging the\nPiglet Blaster. Bring them\nto the Smithy!
4441,4,5,99,37,4,0,0,0,0,0,0,0,0x008CF3A2,Poogie Ticket H,0x00918B5B,Instructions on forging the\nPoogie armor. Bring them to\nthe Smithy!
4442,4,5,99,37,4,0,0,0,0,0,0,0,0x008CF3B2,Poogie Ticket C,0x00918B9F,Instructions on forging the\nPoogie armor. Bring them to\nthe Smithy!
4443,4,5,99,37,4,0,0,0,0,0,0,0,0x008CF3C2,Poogie Ticket A,0x00918BE3,Instructions on forging the\nPoogie armor. Bring them to\nthe Smithy!
4444,4,5,99,37,4,0,0,0,0,0,0,0,0x008CF3D2,Poogie Ticket W,0x00918C27,Instructions on forging the\nPoogie armor. Bring them to\nthe Smithy!
4445,4,5,99,37,4,0,0,0,0,0,0,0,0x008CF3E2,Poogie Ticket L,0x00918C6B,Instructions on forging the\nPoogie armor. Bring them to\nthe Smithy!
4446,4,5,99,37,1,0,0,0,0,0,0,0,0x008CF3F2,Mandra Ticket H,0x00918CAF,Instructions on forging the\nMandragora armor. Bring them\nto the Smithy!
4447,4,5,99,37,1,0,0,0,0,0,0,0,0x008CF402,Mandra Ticket C,0x00918CF7,Instructions on forging the\nMandragora armor. Bring them\nto the Smithy!
4448,4,5,99,37,1,0,0,0,0,0,0,0,0x008CF412,Mandra Ticket A,0x00918D3F,Instructions on forging the\nMandragora armor. Bring them\nto the Smithy!
4449,4,5,99,37,1,0,0,0,0,0,0,0,0x008CF422,Mandra Ticket W,0x00918D87,Instructions on forging the\nMandragora armor. Bring them\nto the Smithy!
4450,4,5,99,37,1,0,0,0,0,0,0,0,0x008CF432,Mandra Ticket L,0x00918DCF,Instructions on forging the\nMandragora armor. Bring them\nto the Smithy!
4451,4,5,99,37,3,0,0,0,0,0,0,0,0x008CF442,Blueshroom Tkt H,0x00918E17,Instructions on forging the\nBlueshroom armor. Bring them\nto the Smithy!
4452,4,5,99,37,3,0,0,0,0,0,0,0,0x008CF453,Blueshroom Tkt C,0x00918E5F,Instructions on forging the\nBlueshroom armor. Bring them\nto the Smithy!
4453,4,5,99,37,3,0,0,0,0,0,0,0,0x008CF464,Blueshroom Tkt A,0x00918EA7,Instructions on forging the\nBlueshroom armor. Bring them\nto the Smithy!
4454,4,5,99,37,3,0,0,0,0,0,0,0,0x008CF475,Blueshroom Tkt W,0x00918EEF,Instructions on forging the\nBlueshroom armor. Bring them\nto the Smithy!
4455,4,5,99,37,3,0,0,0,0,0,0,0,0x008CF486,Blueshroom Tkt L,0x00918F37,Instructions on forging the\nBlueshroom armor. Bring them\nto the Smithy!
4456,4,5,99,15,4,0,0,0,0,0,0,0,0x008CF497,Ethereal Branch,0x00918F7F,A branch from a mystical\ntree said to emit a faint\nglow at midnight.
4457,4,5,99,33,3,0,0,0,0,0,0,0,0x008CF4A7,Pale Junk,0x00918FC4,"A mysterious pale-hued rod.\nWorshipped by the Shakalaka,\nbut it looks like trash."
4458,4,5,99,2,10,0,0,0,0,0,0,0,0x008CF4B1,Daoran Powder,0x00105A9C,寒冷地の湖で採れる鉱物から\n生成された火薬。古龍の血が\n変化したものとの説もある。
4459,4,5,99,37,10,0,0,0,0,0,0,0,0x008CF4BF,Vermln Fest Mem.,0x00919016,Awarded to those who have\nhoned their skills in the\nHunter Fest.
4460,4,5,99,37,10,0,0,0,0,0,0,0,0x008CF4D0,Indigo Fest Mem.,0x00919057,Awarded to those who have\nhoned their skills in the\nHunter Fest.
4461,4,5,99,37,10,0,0,0,0,0,0,0,0x008CF4E1,Pink Fest Mem.,0x00919098,Awarded to those who have\nhoned their skills in the\nHunter Fest.
4462,4,5,99,31,6,0,0,0,0,0,0,0,0x008CF4F0,Frozen Fang,0x00105B3A,凍てつくような冷たさを\n感じさせる牙。武具工房でも\n取り扱いには注意が必要。
4463,4,5,99,37,2,0,0,0,0,0,0,0,0x008CF4FC,Friendship Ticket,0x00105B85,時の流れによって失われない\nものがたった１つだけあると\nすれば、それは仲間との絆。
4464,4,5,99,27,2,0,0,0,0,0,0,0,0x008CF50E,Power of Friendship,0x00105B85,時の流れによって失われない\nものがたった１つだけあると\nすれば、それは仲間との絆。
4465,4,5,99,37,1,0,0,0,0,0,0,0,0x008CF522,Friendship Seal,0x00105B85,時の流れによって失われない\nものがたった１つだけあると\nすれば、それは仲間との絆。
4466,4,5,99,43,0,0,0,0,0,0,0,0,0x008CF532,Pure Dawnstone,0x00105BD6,超高純度の小さな結晶石。\n火薬を吸収し、束縛効果を\nさらに高める性質がある。
4467,4,5,99,27,7,0,0,0,0,0,0,0,0x008CF541,Regalenite,0x009190D9,A rare mineral required to\nprove a new theory. It must\nnot be touched directly.
4468,4,5,99,27,4,0,0,0,0,0,0,0,0x008CF54C,Star Scraps,0x00105C72,夜空の星のようにキラキラす\nる綺麗な小石。アクセサリー\nの材料にも使われている。
4469,4,5,99,27,0,0,0,0,0,0,0,0,0x008CF558,High-Grade Steel,0x00105CC1,極めて純度の高い堅い鋼石。\n加工が困難のため、一部の武\n具職人しか取り扱っていない。
4470,4,5,99,38,0,0,0,0,0,0,0,0,0x008CF569,Ultrahard Blade,0x00105D14,複合素材で補強された大剣の\n刃。その硬さと斬れ味は申し\n分ない。
4471,4,5,99,7,1,0,0,0,0,0,0,0,0x008CF579,HG Felyne File,0x00105D53,なにやら不思議な形をした\n錆び磨きのためのヤスリ。\n作り方は秘密らしい。
4472,4,5,99,36,6,0,0,0,0,0,0,0,0x008CF588,Art of Fishing,0x00105D9A,釣りを極めた達人が書いた\n一子相伝の秘法が記載された\n極めて貴重な書物。
4473,4,5,99,31,5,0,0,0,0,0,0,0,0x008CF597,Black Beast Fang,0x00105DE1,黒き獣から入手できる白い牙。\nその鋭さは見る者を脅えさせ、\n触れる者をシビレさせる。
4474,4,5,99,43,1,0,0,0,0,0,0,0,0x008CF5A8,Lavastone,0x00105E34,溶岩の中から稀に採れる\n真珠のような赤い宝石。\n高温を自力で発せられる。
4475,4,5,99,33,10,0,0,0,0,0,0,0,0x008CF5B2,Tiny Hammer,0x00919129,A golden hammer clutched by\nthe small beast. Capable of\nshattering any horn.
4476,4,5,99,33,10,0,0,0,0,0,0,0,0x008CF5BE,Iron Compass,0x00105EC6,普通の方位磁針ではなく、\nある地点を探すための道具\nらしい。
4477,4,5,99,14,10,0,0,0,0,0,0,0,0x008CF5CB,Black Fur,0x00105F01,モコモコしているけがわ。\nその表面をさわると、抗うこ\nとができない眠気に襲われる。
4478,4,5,99,31,10,0,0,0,0,0,0,0,0x008CF5D5,Shocking Talon,0x00105F52,鋭利に尖っている爪。\nその斬れ味もさることながら、\n触れるとビリっと感電する。
4479,4,5,99,27,1,0,0,0,0,0,0,0,0x008CF5E4,Nar Stone,0x00105F9F,常に炎が迸っている石。\nその熱の高さ故に、この鉱石\nを運ぶ方法が存在しない。
4480,4,5,99,37,2,0,0,0,0,0,0,0,0x008CF5EE,Grn Hunter Card,0x00919176,A card given out by the\nGuild. It has no price\nand its use is unknown.
4481,4,5,99,37,10,0,0,0,0,0,0,0,0x008CF5FE,Blk Hunter Card,0x009191BD,A card given out by the\nGuild. It has no price\nand its use is unknown.
4482,4,5,99,37,4,0,0,0,0,0,0,0,0x008CF60E,Ylw Hunter Card,0x00919204,A card given out by the\nGuild. It has no price\nand its use is unknown.
4483,4,5,99,37,6,0,0,0,0,0,0,0,0x008CF61E,Cyan Hunter Card,0x0091924B,A card given out by the\nGuild. It has no price\nand its use is unknown.
4484,4,5,99,37,7,0,0,0,0,0,0,0,0x008CF62F,Org Hunter Card,0x00919292,A card given out by the\nGuild. It has no price\nand its use is unknown.
4485,4,5,99,23,10,0,0,3000,0,0,0,0,0x008CF63F,??? Scale,0x00105FEA,硬さと柔軟性を兼ね揃えた\n黒く輝く鱗。素材の性質が\n浸透しやすい特性を持つ。
4486,4,5,99,32,1,0,0,3200,0,0,0,0,0x008CF649,??? Webbing,0x00106035,脆さと伸縮性を兼ね揃えた\n艶めかしい膜。素材の性質が\n浸透しやすい特性を持つ。
4487,4,5,99,31,1,0,0,6700,0,0,0,0,0x008CF655,??? Fang,0x00106082,鋭さと硬さを兼ね揃えた\n艶めかしい牙。素材の性質が\n浸透しやすい特性を持つ。
4488,4,5,99,9,10,0,0,6200,0,0,0,0,0x008CF65E,??? Jaw,0x001060CD,硬さと力強さを兼ね揃えた\n黒々とした顎。素材の性質が\n浸透しやすい特性を持つ。
4489,4,5,99,31,1,0,0,5500,0,0,0,0,0x008CF666,??? Claw,0x0010611A,鋭さと美しさを兼ね揃えた\n艶めかしい爪。素材の性質が\n浸透しやすい特性を持つ。
4490,4,5,99,9,10,0,0,5700,0,0,0,0,0x008CF66F,??? Wing,0x00106167,弾力と頑丈さを兼ね揃えた\n黒く輝く翼。素材の性質が\n浸透しやすい特性を持つ。
4491,4,5,99,9,1,0,0,10000,0,0,0,0,0x008CF678,??? Marrow,0x001061B2,光沢と果敢なさを兼ね揃えた\n艶めかしい髄。素材の性質が\n浸透しやすい特性を持つ。
4492,4,5,99,9,10,0,0,8100,0,0,0,0,0x008CF683,??? Tail,0x00106201,硬さと強靭さを兼ね揃えた\n黒く輝く尾。素材の性質が\n浸透しやすい特性を持つ。
4493,4,5,99,9,1,0,0,7200,0,0,0,0,0x008CF68C,??? Spike,0x0010624C,鋭さと妖艶さを兼ね揃えた\n艶めかしい棘。素材の性質が\n浸透しやすい特性を持つ。
4494,4,5,99,43,4,0,0,0,7,1432,2,0,0x008CF696,Hearing 2 PA1,0x009192D9,A Haven Poogie Decoration.\nIncompatible with certain\noutfits.
4495,4,5,99,43,4,0,0,0,7,1433,2,0,0x008CF6A4,Hearing 2 PA2,0x00919317,A Haven Poogie Decoration.\nIncompatible with certain\noutfits.
4496,4,5,99,43,4,0,0,0,7,1434,2,0,0x008CF6B2,Hearing 2 PA3,0x00919355,A Haven Poogie Decoration.\nIncompatible with certain\noutfits.
4497,4,5,99,43,4,0,0,0,7,1435,2,0,0x008CF6C0,Fasting 2 PA1,0x00919393,A Haven Poogie Decoration.\nIncompatible with certain\noutfits.
4498,4,5,99,43,4,0,0,0,7,1436,2,0,0x008CF6CE,Fasting 2 PA2,0x009193D1,A Haven Poogie Decoration.\nIncompatible with certain\noutfits.
4499,4,5,99,43,4,0,0,0,7,1437,2,0,0x008CF6DC,Fasting 2 PA3,0x0091940F,A Haven Poogie Decoration.\nIncompatible with certain\noutfits.
4500,4,5,99,43,4,0,0,0,7,1438,2,0,0x008CF6EA,Psychic 2 PA1,0x0091944D,A Haven Poogie Decoration.\nIncompatible with certain\noutfits.
4501,4,5,99,43,4,0,0,0,7,1439,2,0,0x008CF6F8,Psychic 2 PA2,0x0091948B,A Haven Poogie Decoration.\nIncompatible with certain\noutfits.
4502,4,5,99,43,4,0,0,0,7,1440,2,0,0x008CF706,Ammo Mixer 2 PA1,0x009194C9,A Haven Poogie Decoration.\nIncompatible with certain\noutfits.
4503,4,5,99,43,4,0,0,0,7,1441,2,0,0x008CF717,Ammo Mixer 2 PA2,0x00919507,A Haven Poogie Decoration.\nIncompatible with certain\noutfits.
4504,4,5,99,43,4,0,0,0,7,1442,2,0,0x008CF728,Eating 2 PA1,0x00919545,A Haven Poogie Decoration.\nIncompatible with certain\noutfits.
4505,4,5,99,43,4,0,0,0,7,1443,2,0,0x008CF735,Eating 2 PA2,0x00919583,A Haven Poogie Decoration.\nIncompatible with certain\noutfits.
4506,4,5,99,43,4,0,0,0,7,1444,2,0,0x008CF742,Pierce Up 2 PB1,0x009195C1,A Haven Poogie Decoration.\nIncompatible with certain\noutfits.
4507,4,5,99,43,4,0,0,0,7,1445,2,0,0x008CF752,Pierce Up 2 PB2,0x009195FF,A Haven Poogie Decoration.\nIncompatible with certain\noutfits.
4508,4,5,99,43,4,0,0,0,7,1446,2,0,0x008CF762,Evasion 2 PB1,0x0091963D,A Haven Poogie Decoration.\nIncompatible with certain\noutfits.
4509,4,5,99,43,4,0,0,0,7,1447,2,0,0x008CF770,Evasion 2 PB2,0x0091967B,A Haven Poogie Decoration.\nIncompatible with certain\noutfits.
4510,4,5,99,43,4,0,0,0,7,1448,2,0,0x008CF77E,Precision 2 PB1,0x009196B9,A Haven Poogie Decoration.\nIncompatible with certain\noutfits.
4511,4,5,99,43,4,0,0,0,7,1449,2,0,0x008CF78E,Precision 2 PB2,0x009196F7,A Haven Poogie Decoration.\nIncompatible with certain\noutfits.
4512,4,5,99,43,4,0,0,0,7,1450,2,0,0x008CF79E,Sharpness 2 PB1,0x00919735,A Haven Poogie Decoration.\nIncompatible with certain\noutfits.
4513,4,5,99,43,4,0,0,0,7,1451,2,0,0x008CF7AE,Sharpness 2 PB2,0x00919773,A Haven Poogie Decoration.\nIncompatible with certain\noutfits.
4514,4,5,99,43,4,0,0,0,7,1452,2,0,0x008CF7BE,Sharpener 2 PB1,0x009197B1,A Haven Poogie Decoration.\nIncompatible with certain\noutfits.
4515,4,5,99,43,4,0,0,0,7,1453,2,0,0x008CF7CE,Sharpener 2 PB2,0x009197EF,A Haven Poogie Decoration.\nIncompatible with certain\noutfits.
4516,4,5,99,43,4,0,0,0,7,1454,2,0,0x008CF7DE,Wind Res 2 PB1,0x0091982D,A Haven Poogie Decoration.\nIncompatible with certain\noutfits.
4517,4,5,99,43,4,0,0,0,7,1455,2,0,0x008CF7ED,Wind Res 2 PB2,0x0091986B,A Haven Poogie Decoration.\nIncompatible with certain\noutfits.
4518,4,5,99,43,4,0,0,0,7,1456,2,0,0x008CF7FC,Bomb SC+ 2 PB1,0x009198A9,A Haven Poogie Decoration.\nIncompatible with certain\noutfits.
4519,4,5,99,43,4,0,0,0,7,1457,2,0,0x008CF80B,Bomb SC+ 2 PB2,0x009198E7,A Haven Poogie Decoration.\nIncompatible with certain\noutfits.
4520,4,5,99,43,4,0,0,0,7,1458,2,0,0x008CF81A,Fire SC+ 2 PB1,0x00919925,A Haven Poogie Decoration.\nIncompatible with certain\noutfits.
4521,4,5,99,43,4,0,0,0,7,1459,2,0,0x008CF829,Fire SC+ 2 PB2,0x00919963,A Haven Poogie Decoration.\nIncompatible with certain\noutfits.
4522,4,5,99,43,4,0,0,0,7,1460,2,0,0x008CF838,Water SC+ 2 PB1,0x009199A1,A Haven Poogie Decoration.\nIncompatible with certain\noutfits.
4523,4,5,99,43,4,0,0,0,7,1461,2,0,0x008CF848,Water SC+ 2 PB2,0x009199DF,A Haven Poogie Decoration.\nIncompatible with certain\noutfits.
4524,4,5,99,43,4,0,0,0,7,1462,2,0,0x008CF858,Thndr SC+ 2 PB1,0x00919A1D,A Haven Poogie Decoration.\nIncompatible with certain\noutfits.
4525,4,5,99,43,4,0,0,0,7,1463,2,0,0x008CF868,Thndr SC+ 2 PB2,0x00919A5B,A Haven Poogie Decoration.\nIncompatible with certain\noutfits.
4526,4,5,99,43,4,0,0,0,7,1464,2,0,0x008CF878,Ice SC+ 2 PB1,0x00919A99,A Haven Poogie Decoration.\nIncompatible with certain\noutfits.
4527,4,5,99,43,4,0,0,0,7,1465,2,0,0x008CF886,Ice SC+ 2 PB2,0x00919AD7,A Haven Poogie Decoration.\nIncompatible with certain\noutfits.
4528,4,5,99,43,4,0,0,0,7,1466,2,0,0x008CF894,Drgn SC+ 2 PB1,0x00919B15,A Haven Poogie Decoration.\nIncompatible with certain\noutfits.
4529,4,5,99,43,4,0,0,0,7,1467,2,0,0x008CF8A3,Drgn SC+ 2 PB2,0x00919B53,A Haven Poogie Decoration.\nIncompatible with certain\noutfits.
4530,3,4,99,43,4,0,0,0,7,1468,2,0,0x008CF8B2,Guard 2 PC1,0x00919B91,A Haven Poogie Decoration.\nIncompatible with certain\noutfits.
4531,3,4,99,43,4,0,0,0,7,1469,2,0,0x008CF8BE,Guard 2 PC2,0x00919BCF,A Haven Poogie Decoration.\nIncompatible with certain\noutfits.
4532,3,4,99,43,4,0,0,0,7,1470,2,0,0x008CF8CA,Guard 2 PC3,0x00919C0D,A Haven Poogie Decoration.\nIncompatible with certain\noutfits.
4533,3,4,99,43,4,0,0,0,7,1471,2,0,0x008CF8D6,ReloadSpd 2 PC1,0x00919C4B,A Haven Poogie Decoration.\nIncompatible with certain\noutfits.
4534,3,4,99,43,4,0,0,0,7,1472,2,0,0x008CF8E6,ReloadSpd 2 PC2,0x00919C89,A Haven Poogie Decoration.\nIncompatible with certain\noutfits.
4535,3,4,99,43,4,0,0,0,7,1473,2,0,0x008CF8F6,ReloadSpd 2 PC3,0x00919CC7,A Haven Poogie Decoration.\nIncompatible with certain\noutfits.
4536,3,4,99,43,4,0,0,0,7,1474,2,0,0x008CF906,Rapid Fire 2 PC1,0x00919D05,A Haven Poogie Decoration.\nIncompatible with certain\noutfits.
4537,3,4,99,43,4,0,0,0,7,1475,2,0,0x008CF917,Rapid Fire 2 PC2,0x00919D43,A Haven Poogie Decoration.\nIncompatible with certain\noutfits.
4538,3,4,99,43,4,0,0,0,7,1476,2,0,0x008CF928,Rapid Fire 2 PC3,0x00919D81,A Haven Poogie Decoration.\nIncompatible with certain\noutfits.
4539,3,4,99,43,4,0,0,0,7,1477,2,0,0x008CF939,Recoil 2 PC1,0x00919DBF,A Haven Poogie Decoration.\nIncompatible with certain\noutfits.
4540,3,4,99,43,4,0,0,0,7,1478,2,0,0x008CF946,Recoil 2 PC2,0x00919DFD,A Haven Poogie Decoration.\nIncompatible with certain\noutfits.
4541,3,4,99,43,4,0,0,0,7,1479,2,0,0x008CF953,Recoil 2 PC3,0x00919E3B,A Haven Poogie Decoration.\nIncompatible with certain\noutfits.
4542,3,4,99,43,4,0,0,0,7,1480,2,0,0x008CF960,Pellet Up 2 PC1,0x00919E79,A Haven Poogie Decoration.\nIncompatible with certain\noutfits.
4543,3,4,99,43,4,0,0,0,7,1481,2,0,0x008CF970,Pellet Up 2 PC2,0x00919EB7,A Haven Poogie Decoration.\nIncompatible with certain\noutfits.
4544,3,4,99,43,4,0,0,0,7,1482,2,0,0x008CF980,Pellet Up 2 PC3,0x00919EF5,A Haven Poogie Decoration.\nIncompatible with certain\noutfits.
4545,3,4,99,43,4,0,0,0,7,1483,2,0,0x008CF990,Status 2 PC1,0x00919F33,A Haven Poogie Decoration.\nIncompatible with certain\noutfits.
4546,3,4,99,43,4,0,0,0,7,1484,2,0,0x008CF99D,Status 2 PC2,0x00919F71,A Haven Poogie Decoration.\nIncompatible with certain\noutfits.
4547,3,4,99,43,4,0,0,0,7,1485,2,0,0x008CF9AA,Status 2 PC3,0x00919FAF,A Haven Poogie Decoration.\nIncompatible with certain\noutfits.
4548,3,4,99,43,4,0,0,0,7,1486,2,0,0x008CF9B7,Fasting 2 PC1,0x00919FED,A Haven Poogie Decoration.\nIncompatible with certain\noutfits.
4549,3,4,99,43,4,0,0,0,7,1487,2,0,0x008CF9C5,Fasting 2 PC2,0x0091A02B,A Haven Poogie Decoration.\nIncompatible with certain\noutfits.
4550,3,4,99,43,4,0,0,0,7,1488,2,0,0x008CF9D3,Fasting 2 PC3,0x0091A069,A Haven Poogie Decoration.\nIncompatible with certain\noutfits.
4551,3,4,99,43,4,0,0,0,7,1489,2,0,0x008CF9E1,Stamina 2 PC1,0x0091A0A7,A Haven Poogie Decoration.\nIncompatible with certain\noutfits.
4552,3,4,99,43,4,0,0,0,7,1490,2,0,0x008CF9EF,Stamina 2 PC2,0x0091A0E5,A Haven Poogie Decoration.\nIncompatible with certain\noutfits.
4553,3,4,99,43,4,0,0,0,7,1491,2,0,0x008CF9FD,Stamina 2 PC3,0x0091A123,A Haven Poogie Decoration.\nIncompatible with certain\noutfits.
4554,3,4,99,43,4,0,0,0,7,1492,2,0,0x008CFA0B,Potential 2 PC1,0x0091A161,A Haven Poogie Decoration.\nIncompatible with certain\noutfits.
4555,3,4,99,43,4,0,0,0,7,1493,2,0,0x008CFA1B,Potential 2 PC2,0x0091A19F,A Haven Poogie Decoration.\nIncompatible with certain\noutfits.
4556,3,4,99,43,4,0,0,0,7,1494,2,0,0x008CFA2B,Potential 2 PC3,0x0091A1DD,A Haven Poogie Decoration.\nIncompatible with certain\noutfits.
4557,3,4,99,43,4,0,0,0,7,1495,2,0,0x008CFA3B,Evasion 2 PC1,0x0091A21B,A Haven Poogie Decoration.\nIncompatible with certain\noutfits.
4558,3,4,99,43,4,0,0,0,7,1496,2,0,0x008CFA49,Evasion 2 PC2,0x0091A259,A Haven Poogie Decoration.\nIncompatible with certain\noutfits.
4559,3,4,99,43,4,0,0,0,7,1497,2,0,0x008CFA57,Evasion 2 PC3,0x0091A297,A Haven Poogie Decoration.\nIncompatible with certain\noutfits.
4560,3,4,99,43,4,0,0,0,7,1498,2,0,0x008CFA65,Para Res 2 PC1,0x0091A2D5,A Haven Poogie Decoration.\nIncompatible with certain\noutfits.
4561,3,4,99,43,4,0,0,0,7,1499,2,0,0x008CFA74,Para Res 2 PC2,0x0091A313,A Haven Poogie Decoration.\nIncompatible with certain\noutfits.
4562,3,4,99,43,4,0,0,0,7,1500,2,0,0x008CFA83,Para Res 2 PC3,0x0091A351,A Haven Poogie Decoration.\nIncompatible with certain\noutfits.
4563,3,4,99,43,4,0,0,0,7,1501,2,0,0x008CFA92,Stun Res 2 PC1,0x0091A38F,A Haven Poogie Decoration.\nIncompatible with certain\noutfits.
4564,3,4,99,43,4,0,0,0,7,1502,2,0,0x008CFAA1,Stun Res 2 PC2,0x0091A3CD,A Haven Poogie Decoration.\nIncompatible with certain\noutfits.
4565,3,4,99,43,4,0,0,0,7,1503,2,0,0x008CFAB0,Stun Res 2 PC3,0x0091A40B,A Haven Poogie Decoration.\nIncompatible with certain\noutfits.
4566,3,4,99,43,4,0,0,0,7,1504,2,0,0x008CFABF,Poison Res 2 PC1,0x0091A449,A Haven Poogie Decoration.\nIncompatible with certain\noutfits.
4567,3,4,99,43,4,0,0,0,7,1505,2,0,0x008CFAD0,Poison Res 2 PC2,0x0091A487,A Haven Poogie Decoration.\nIncompatible with certain\noutfits.
4568,3,4,99,43,4,0,0,0,7,1506,2,0,0x008CFAE1,Poison Res 2 PC3,0x0091A4C5,A Haven Poogie Decoration.\nIncompatible with certain\noutfits.
4569,3,4,99,43,4,0,0,0,7,1507,2,0,0x008CFAF2,SpdGather 2 PC4,0x0091A503,A Haven Poogie Decoration.\nIncompatible with certain\noutfits.
4570,3,4,99,43,4,0,0,0,7,1508,2,0,0x008CFB02,SpdGather 2 PC5,0x0091A541,A Haven Poogie Decoration.\nIncompatible with certain\noutfits.
4571,3,4,99,43,4,0,0,0,7,1509,2,0,0x008CFB12,SpdGather 2 PC6,0x0091A57F,A Haven Poogie Decoration.\nIncompatible with certain\noutfits.
4572,3,4,99,43,4,0,0,0,7,1510,2,0,0x008CFB22,Psychic 2 PC1,0x0091A5BD,A Haven Poogie Decoration.\nIncompatible with certain\noutfits.
4573,3,4,99,43,4,0,0,0,7,1511,2,0,0x008CFB30,Psychic 2 PC2,0x0091A5FB,A Haven Poogie Decoration.\nIncompatible with certain\noutfits.
4574,3,4,99,43,4,0,0,0,7,1512,2,0,0x008CFB3E,Psychic 2 PC3,0x0091A639,A Haven Poogie Decoration.\nIncompatible with certain\noutfits.
4575,3,4,99,43,4,0,0,0,7,1513,2,0,0x008CFB4C,Combo Rate 2 PC1,0x0091A677,A Haven Poogie Decoration.\nIncompatible with certain\noutfits.
4576,3,4,99,43,4,0,0,0,7,1514,2,0,0x008CFB5D,Combo Rate 2 PC2,0x0091A6B5,A Haven Poogie Decoration.\nIncompatible with certain\noutfits.
4577,3,4,99,43,4,0,0,0,7,1515,2,0,0x008CFB6E,Combo Rate 2 PC3,0x0091A6F3,A Haven Poogie Decoration.\nIncompatible with certain\noutfits.
4578,3,4,99,43,4,0,0,0,7,1516,2,0,0x008CFB7F,Ammo Mixer 2 PC1,0x0091A731,A Haven Poogie Decoration.\nIncompatible with certain\noutfits.
4579,3,4,99,43,4,0,0,0,7,1517,2,0,0x008CFB90,Ammo Mixer 2 PC2,0x0091A76F,A Haven Poogie Decoration.\nIncompatible with certain\noutfits.
4580,3,4,99,43,4,0,0,0,7,1518,2,0,0x008CFBA1,Ammo Mixer 2 PC3,0x0091A7AD,A Haven Poogie Decoration.\nIncompatible with certain\noutfits.
4581,3,4,99,43,4,0,0,0,7,1519,2,0,0x008CFBB2,LastingPwr 2 PC1,0x0091A7EB,A Haven Poogie Decoration.\nIncompatible with certain\noutfits.
4582,3,4,99,43,4,0,0,0,7,1520,2,0,0x008CFBC3,LastingPwr 2 PC2,0x0091A829,A Haven Poogie Decoration.\nIncompatible with certain\noutfits.
4583,3,4,99,43,4,0,0,0,7,1521,2,0,0x008CFBD4,LastingPwr 2 PC3,0x0091A867,A Haven Poogie Decoration.\nIncompatible with certain\noutfits.
4584,3,4,99,43,4,0,0,0,7,1522,2,0,0x008CFBE5,Tremor Res 2 PC1,0x0091A8A5,A Haven Poogie Decoration.\nIncompatible with certain\noutfits.
4585,3,4,99,43,4,0,0,0,7,1523,2,0,0x008CFBF6,Tremor Res 2 PC2,0x0091A8E3,A Haven Poogie Decoration.\nIncompatible with certain\noutfits.
4586,3,4,99,43,4,0,0,0,7,1524,2,0,0x008CFC07,Tremor Res 2 PC3,0x0091A921,A Haven Poogie Decoration.\nIncompatible with certain\noutfits.
4587,3,4,99,43,4,0,0,0,7,1525,2,0,0x008CFC18,TerrainRes 2 PC1,0x0091A95F,A Haven Poogie Decoration.\nIncompatible with certain\noutfits.
4588,3,4,99,43,4,0,0,0,7,1526,2,0,0x008CFC29,TerrainRes 2 PC2,0x0091A99D,A Haven Poogie Decoration.\nIncompatible with certain\noutfits.
4589,3,4,99,43,4,0,0,0,7,1527,2,0,0x008CFC3A,TerrainRes 2 PC3,0x0091A9DB,A Haven Poogie Decoration.\nIncompatible with certain\noutfits.
4590,4,5,99,43,8,0,100000,5000,7,1528,1,0,0x008CFC4B,Protection 2 SA1,0x0091AA19,A Haven Poogie Decoration.\nCompatible with all outfits.
4591,4,5,99,43,8,0,100000,5000,7,1529,1,0,0x008CFC5C,Protection 2 SA2,0x0091AA51,A Haven Poogie Decoration.\nCompatible with all outfits.
4592,4,5,99,43,8,0,100000,5000,7,1530,1,0,0x008CFC6D,Normal Up 2 SA1,0x0091AA89,A Haven Poogie Decoration.\nCompatible with all outfits.
4593,4,5,99,43,8,0,100000,5000,7,1531,1,0,0x008CFC7D,Normal Up 2 SA2,0x0091AAC1,A Haven Poogie Decoration.\nCompatible with all outfits.
4594,4,5,99,43,8,0,100000,5000,7,1532,1,0,0x008CFC8D,Stamina 2 SA1,0x0091AAF9,A Haven Poogie Decoration.\nCompatible with all outfits.
4595,4,5,99,43,8,0,100000,5000,7,1533,1,0,0x008CFC9B,Stamina 2 SA2,0x0091AB31,A Haven Poogie Decoration.\nCompatible with all outfits.
4596,4,5,99,43,8,0,100000,5000,7,1534,1,0,0x008CFCA9,Gathering 2 SA1,0x0091AB69,A Haven Poogie Decoration.\nCompatible with all outfits.
4597,4,5,99,43,8,0,100000,5000,7,1535,1,0,0x008CFCB9,Combo Rate 2 SA1,0x0091ABA1,A Haven Poogie Decoration.\nCompatible with all outfits.
4598,4,5,99,43,8,0,100000,5000,7,1536,1,0,0x008CFCCA,Eating 2 SA1,0x0091ABD9,A Haven Poogie Decoration.\nCompatible with all outfits.
4599,4,5,99,43,8,0,100000,5000,7,1537,1,0,0x008CFCD7,Heat Res 2 SA1,0x0091AC11,A Haven Poogie Decoration.\nCompatible with all outfits.
4600,4,5,99,43,8,0,100000,5000,7,1538,1,0,0x008CFCE6,Rec Speed 2 SA1,0x0091AC49,A Haven Poogie Decoration.\nCompatible with all outfits.
4601,4,5,99,43,8,0,100000,5000,7,1539,1,0,0x008CFCF6,Health 2 SA1,0x0091AC81,A Haven Poogie Decoration.\nCompatible with all outfits.
4602,4,5,99,43,8,0,10000,500,7,1540,1,0,0x008CFD03,Artillery 2 SB1,0x0091ACB9,A Haven Poogie Decoration.\nCompatible with all outfits.
4603,4,5,99,43,8,0,10000,500,7,1541,1,0,0x008CFD13,Artillery 2 SB2,0x0091ACF1,A Haven Poogie Decoration.\nCompatible with all outfits.
4604,4,5,99,43,8,0,10000,500,7,1542,1,0,0x008CFD23,Psychic 2 SB1,0x0091AD29,A Haven Poogie Decoration.\nCompatible with all outfits.
4605,4,5,99,43,8,0,10000,500,7,1543,1,0,0x008CFD31,Psychic 2 SB2,0x0091AD61,A Haven Poogie Decoration.\nCompatible with all outfits.
4606,4,5,99,43,8,0,10000,500,7,1544,1,0,0x008CFD3F,Hunger 2 SB1,0x0091AD99,A Haven Poogie Decoration.\nCompatible with all outfits.
4607,4,5,99,43,8,0,10000,500,7,1545,1,0,0x008CFD4C,Hunger 2 SB2,0x0091ADD1,A Haven Poogie Decoration.\nCompatible with all outfits.
4608,4,5,99,43,8,0,10000,500,7,1546,1,0,0x008CFD59,Gathering 2 SB1,0x0091AE09,A Haven Poogie Decoration.\nCompatible with all outfits.
4609,4,5,99,43,8,0,10000,500,7,1547,1,0,0x008CFD69,Gathering 2 SB2,0x0091AE41,A Haven Poogie Decoration.\nCompatible with all outfits.
4610,4,5,99,43,8,0,10000,500,7,1548,1,0,0x008CFD79,Tremor Res 2 SB1,0x0091AE79,A Haven Poogie Decoration.\nCompatible with all outfits.
4611,4,5,99,43,8,0,10000,500,7,1549,1,0,0x008CFD8A,Tremor Res 2 SB2,0x0091AEB1,A Haven Poogie Decoration.\nCompatible with all outfits.
4612,4,5,99,43,8,0,10000,500,7,1550,1,0,0x008CFD9B,Ammo Mixer 2 SB1,0x0091AEE9,A Haven Poogie Decoration.\nCompatible with all outfits.
4613,4,5,99,43,8,0,10000,500,7,1551,1,0,0x008CFDAC,Ammo Mixer 2 SB2,0x0091AF21,A Haven Poogie Decoration.\nCompatible with all outfits.
4614,4,5,99,43,8,0,10000,500,7,1552,1,0,0x008CFDBD,Fire Res 2 SB1,0x0091AF59,A Haven Poogie Decoration.\nCompatible with all outfits.
4615,4,5,99,43,8,0,10000,500,7,1553,1,0,0x008CFDCC,Fire Res 2 SB2,0x0091AF91,A Haven Poogie Decoration.\nCompatible with all outfits.
4616,4,5,99,43,8,0,10000,500,7,1554,1,0,0x008CFDDB,Water Res 2 SB1,0x0091AFC9,A Haven Poogie Decoration.\nCompatible with all outfits.
4617,4,5,99,43,8,0,10000,500,7,1555,1,0,0x008CFDEB,Water Res 2 SB2,0x0091B001,A Haven Poogie Decoration.\nCompatible with all outfits.
4618,4,5,99,43,8,0,10000,500,7,1556,1,0,0x008CFDFB,Ice Res 2 SB1,0x0091B039,A Haven Poogie Decoration.\nCompatible with all outfits.
4619,4,5,99,43,8,0,10000,500,7,1557,1,0,0x008CFE09,Ice Res 2 SB2,0x0091B071,A Haven Poogie Decoration.\nCompatible with all outfits.
4620,4,5,99,43,8,0,10000,500,7,1558,1,0,0x008CFE17,ThunderRes 2 SB1,0x0091B0A9,A Haven Poogie Decoration.\nCompatible with all outfits.
4621,4,5,99,43,8,0,10000,500,7,1559,1,0,0x008CFE28,ThunderRes 2 SB2,0x0091B0E1,A Haven Poogie Decoration.\nCompatible with all outfits.
4622,4,5,99,43,8,0,10000,500,7,1560,1,0,0x008CFE39,Heat Res 2 SB1,0x0091B119,A Haven Poogie Decoration.\nCompatible with all outfits.
4623,4,5,99,43,8,0,10000,500,7,1561,1,0,0x008CFE48,Heat Res 2 SB2,0x0091B151,A Haven Poogie Decoration.\nCompatible with all outfits.
4624,4,5,99,43,8,0,10000,500,7,1562,1,0,0x008CFE57,Cold Res 2 SB1,0x0091B189,A Haven Poogie Decoration.\nCompatible with all outfits.
4625,4,5,99,43,8,0,10000,500,7,1563,1,0,0x008CFE66,Cold Res 2 SB2,0x0091B1C1,A Haven Poogie Decoration.\nCompatible with all outfits.
4626,3,4,99,43,8,0,1000,50,7,1564,1,0,0x008CFE75,Recovery 2 SC1,0x0091B1F9,A Haven Poogie Decoration.\nCompatible with all outfits.
4627,3,4,99,43,8,0,1000,50,7,1565,1,0,0x008CFE84,Recovery 2 SC2,0x0091B231,A Haven Poogie Decoration.\nCompatible with all outfits.
4628,3,4,99,43,8,0,1000,50,7,1566,1,0,0x008CFE93,Combo Rate 2 SC1,0x0091B269,A Haven Poogie Decoration.\nCompatible with all outfits.
4629,3,4,99,43,8,0,1000,50,7,1567,1,0,0x008CFEA4,Combo Rate 2 SC2,0x0091B2A1,A Haven Poogie Decoration.\nCompatible with all outfits.
4630,3,4,99,43,8,0,1000,50,7,1568,1,0,0x008CFEB5,Ammo Mixer 2 SC1,0x0091B2D9,A Haven Poogie Decoration.\nCompatible with all outfits.
4631,3,4,99,43,8,0,1000,50,7,1569,1,0,0x008CFEC6,Ammo Mixer 2 SC2,0x0091B311,A Haven Poogie Decoration.\nCompatible with all outfits.
4632,3,4,99,43,8,0,1000,50,7,1570,1,0,0x008CFED7,Eating 2 SC1,0x0091B349,A Haven Poogie Decoration.\nCompatible with all outfits.
4633,3,4,99,43,8,0,1000,50,7,1571,1,0,0x008CFEE4,Eating 2 SC2,0x0091B381,A Haven Poogie Decoration.\nCompatible with all outfits.
4634,3,4,99,43,8,0,1000,50,7,1572,1,0,0x008CFEF1,Dragon Res 2 SC1,0x0091B3B9,A Haven Poogie Decoration.\nCompatible with all outfits.
4635,3,4,99,43,8,0,1000,50,7,1573,1,0,0x008CFF02,Dragon Res 2 SC2,0x0091B3F1,A Haven Poogie Decoration.\nCompatible with all outfits.
4636,3,4,99,43,8,0,1000,50,7,1574,1,0,0x008CFF13,SpdGather 2 SC1,0x0091B429,A Haven Poogie Decoration.\nCompatible with all outfits.
4637,3,4,99,43,8,0,1000,50,7,1575,1,0,0x008CFF23,SpdGather 2 SC2,0x0091B461,A Haven Poogie Decoration.\nCompatible with all outfits.
4638,3,4,99,43,8,0,1000,50,7,1576,1,0,0x008CFF33,Transporter 2 SC1,0x0091B499,A Haven Poogie Decoration.\nCompatible with all outfits.
4639,3,4,99,43,8,0,1000,50,7,1577,1,0,0x008CFF45,Transporter 2 SC2,0x0091B4D1,A Haven Poogie Decoration.\nCompatible with all outfits.
4640,3,4,99,43,8,0,1000,50,7,1578,1,0,0x008CFF57,WideRange 2 SC1,0x0091B509,A Haven Poogie Decoration.\nCompatible with all outfits.
4641,3,4,99,43,8,0,1000,50,7,1579,1,0,0x008CFF67,WideRange 2 SC2,0x0091B541,A Haven Poogie Decoration.\nCompatible with all outfits.
4642,3,4,99,43,8,0,1000,50,7,1580,1,0,0x008CFF77,Hunger 2 SC1,0x0091B579,A Haven Poogie Decoration.\nCompatible with all outfits.
4643,3,4,99,43,8,0,1000,50,7,1581,1,0,0x008CFF84,Hunger 2 SC2,0x0091B5B1,A Haven Poogie Decoration.\nCompatible with all outfits.
4644,3,4,99,43,8,0,1000,50,7,1582,1,0,0x008CFF91,Poison Res 2 SC1,0x0091B5E9,A Haven Poogie Decoration.\nCompatible with all outfits.
4645,3,4,99,43,8,0,1000,50,7,1583,1,0,0x008CFFA2,Poison Res 2 SC2,0x0091B621,A Haven Poogie Decoration.\nCompatible with all outfits.
4646,3,4,99,43,8,0,1000,50,7,1584,1,0,0x008CFFB3,Auto-Guard 2 SC1,0x0091B659,A Haven Poogie Decoration.\nCompatible with all outfits.
4647,3,4,99,43,8,0,1000,50,7,1585,1,0,0x008CFFC4,Auto-Guard 2 SC2,0x0091B691,A Haven Poogie Decoration.\nCompatible with all outfits.
4648,3,4,99,43,8,0,1000,50,7,1586,1,0,0x008CFFD5,Auto-Guard 2 SC3,0x0091B6C9,A Haven Poogie Decoration.\nCompatible with all outfits.
4649,3,4,99,43,8,0,1000,50,7,1587,1,0,0x008CFFE6,Auto-Guard 2 SC4,0x0091B701,A Haven Poogie Decoration.\nCompatible with all outfits.
4650,3,4,99,43,8,0,1000,50,7,1588,1,0,0x008CFFF7,Pressure 2 SC1,0x0091B739,A Haven Poogie Decoration.\nCompatible with all outfits.
4651,3,4,99,43,8,0,1000,50,7,1589,1,0,0x008D0006,Pressure 2 SC2,0x0091B771,A Haven Poogie Decoration.\nCompatible with all outfits.
4652,3,4,99,43,8,0,1000,50,7,1590,1,0,0x008D0015,Pressure 2 SC3,0x0091B7A9,A Haven Poogie Decoration.\nCompatible with all outfits.
4653,3,4,99,43,8,0,1000,50,7,1591,1,0,0x008D0024,Pressure 2 SC4,0x0091B7E1,A Haven Poogie Decoration.\nCompatible with all outfits.
4654,3,4,99,43,8,0,1000,50,7,1592,1,0,0x008D0033,Anti-Theft 2 SC1,0x0091B819,A Haven Poogie Decoration.\nCompatible with all outfits.
4655,3,4,99,43,8,0,1000,50,7,1593,1,0,0x008D0044,Anti-Theft 2 SC2,0x0091B851,A Haven Poogie Decoration.\nCompatible with all outfits.
4656,3,4,99,43,8,0,1000,50,7,1594,1,0,0x008D0055,Anti-Theft 2 SC3,0x0091B889,A Haven Poogie Decoration.\nCompatible with all outfits.
4657,3,4,99,43,8,0,1000,50,7,1595,1,0,0x008D0066,Anti-Theft 2 SC4,0x0091B8C1,A Haven Poogie Decoration.\nCompatible with all outfits.
4658,3,4,99,43,8,0,1000,50,7,1596,1,0,0x008D0077,BombBoost 2 SC1,0x0091B8F9,A Haven Poogie Decoration.\nCompatible with all outfits.
4659,3,4,99,43,8,0,1000,50,7,1597,1,0,0x008D0087,BombBoost 2 SC2,0x0091B931,A Haven Poogie Decoration.\nCompatible with all outfits.
4660,3,4,99,43,8,0,1000,50,7,1598,1,0,0x008D0097,BombBoost 2 SC3,0x0091B969,A Haven Poogie Decoration.\nCompatible with all outfits.
4661,3,4,99,43,8,0,1000,50,7,1599,1,0,0x008D00A7,BombBoost 2 SC4,0x0091B9A1,A Haven Poogie Decoration.\nCompatible with all outfits.
4662,3,4,99,43,8,0,1000,50,7,1600,1,0,0x008D00B7,Gluttony 2 SC1,0x0091B9D9,A Haven Poogie Decoration.\nCompatible with all outfits.
4663,3,4,99,43,8,0,1000,50,7,1601,1,0,0x008D00C6,Gluttony 2 SC2,0x0091BA11,A Haven Poogie Decoration.\nCompatible with all outfits.
4664,3,4,99,43,8,0,1000,50,7,1602,1,0,0x008D00D5,Gluttony 2 SC3,0x0091BA49,A Haven Poogie Decoration.\nCompatible with all outfits.
4665,3,4,99,43,8,0,1000,50,7,1603,1,0,0x008D00E4,Gluttony 2 SC4,0x0091BA81,A Haven Poogie Decoration.\nCompatible with all outfits.
4666,3,4,99,43,8,0,1000,50,7,1604,1,0,0x008D00F3,Map 2 SC1,0x0091BAB9,A Haven Poogie Decoration.\nCompatible with all outfits.
4667,3,4,99,43,8,0,1000,50,7,1605,1,0,0x008D00FD,Map 2 SC2,0x0091BAF1,A Haven Poogie Decoration.\nCompatible with all outfits.
4668,3,4,99,43,8,0,1000,50,7,1606,1,0,0x008D0107,Map 2 SC3,0x0091BB29,A Haven Poogie Decoration.\nCompatible with all outfits.
4669,3,4,99,43,8,0,1000,50,7,1607,1,0,0x008D0111,Map 2 SC4,0x0091BB61,A Haven Poogie Decoration.\nCompatible with all outfits.
4670,3,4,99,43,8,0,1000,50,7,1608,1,0,0x008D011B,Alchemy 2 SC1,0x0091BB99,A Haven Poogie Decoration.\nCompatible with all outfits.
4671,3,4,99,43,8,0,1000,50,7,1609,1,0,0x008D0129,Alchemy 2 SC2,0x0091BBD1,A Haven Poogie Decoration.\nCompatible with all outfits.
4672,3,4,99,43,8,0,1000,50,7,1610,1,0,0x008D0137,Alchemy 2 SC3,0x0091BC09,A Haven Poogie Decoration.\nCompatible with all outfits.
4673,3,4,99,43,8,0,1000,50,7,1611,1,0,0x008D0145,Alchemy 2 SC4,0x0091BC41,A Haven Poogie Decoration.\nCompatible with all outfits.
4674,3,4,99,43,8,0,1000,50,7,1612,1,0,0x008D0153,Escapist 2 SC5,0x0091BC79,A Haven Poogie Decoration.\nCompatible with all outfits.
4675,3,4,99,43,8,0,1000,50,7,1613,1,0,0x008D0162,Escapist 2 SC6,0x0091BCB1,A Haven Poogie Decoration.\nCompatible with all outfits.
4676,3,4,99,43,8,0,1000,50,7,1614,1,0,0x008D0171,Escapist 2 SC7,0x0091BCE9,A Haven Poogie Decoration.\nCompatible with all outfits.
4677,3,4,99,43,8,0,1000,50,7,1615,1,0,0x008D0180,Escapist 2 SC8,0x0091BD21,A Haven Poogie Decoration.\nCompatible with all outfits.
4678,3,4,99,43,8,0,1000,50,7,1616,1,0,0x008D018F,BBQ 2 SC1,0x0091BD59,A Haven Poogie Decoration.\nCompatible with all outfits.
4679,3,4,99,43,8,0,1000,50,7,1617,1,0,0x008D0199,BBQ 2 SC2,0x0091BD91,A Haven Poogie Decoration.\nCompatible with all outfits.
4680,3,4,99,43,8,0,1000,50,7,1618,1,0,0x008D01A3,BBQ 2 SC3,0x0091BDC9,A Haven Poogie Decoration.\nCompatible with all outfits.
4681,3,4,99,43,8,0,1000,50,7,1619,1,0,0x008D01AD,BBQ 2 SC4,0x0091BE01,A Haven Poogie Decoration.\nCompatible with all outfits.
4682,3,4,99,43,8,0,1000,50,7,1620,1,0,0x008D01B7,Crag S+ 2 SC1,0x0091BE39,A Haven Poogie Decoration.\nCompatible with all outfits.
4683,3,4,99,43,8,0,1000,50,7,1621,1,0,0x008D01C5,Crag S+ 2 SC2,0x0091BE71,A Haven Poogie Decoration.\nCompatible with all outfits.
4684,3,4,99,43,8,0,1000,50,7,1622,1,0,0x008D01D3,Crag S+ 2 SC3,0x0091BEA9,A Haven Poogie Decoration.\nCompatible with all outfits.
4685,3,4,99,43,8,0,1000,50,7,1623,1,0,0x008D01E1,Crag S+ 2 SC4,0x0091BEE1,A Haven Poogie Decoration.\nCompatible with all outfits.
4686,6,7,99,43,3,0,100000,100,7,1624,0,0,0x008D01EF,Ironwall Jewel+,0x0091BF19,A Decoration for experts\nenchanted by rich skill\ncombinations.
4687,6,7,99,43,6,0,100000,100,7,1625,0,0,0x008D01FF,Quickload Jewel+,0x0091BF58,A Decoration for experts\nenchanted by rich skill\ncombinations.
4688,6,7,99,43,3,0,100000,100,7,1626,0,0,0x008D0210,Rapidfire Jewel+,0x0091BF97,A Decoration for experts\nenchanted by rich skill\ncombinations.
4689,6,7,99,43,1,0,100000,100,7,1627,0,0,0x008D0221,Bombardier Jwl+,0x0091BFD6,A Decoration for experts\nenchanted by rich skill\ncombinations.
4690,6,7,99,43,4,0,100000,100,7,1628,0,0,0x008D0231,Protection Jwl+,0x0091C015,A Decoration for experts\nenchanted by rich skill\ncombinations.
4691,6,7,99,43,0,0,100000,100,7,1629,0,0,0x008D0241,Wind Res Jewel+,0x0091C054,A Decoration for experts\nenchanted by rich skill\ncombinations.
4692,6,7,99,43,4,0,100000,100,7,1630,0,0,0x008D0251,Evasion Jewel+,0x0091C093,A Decoration for experts\nenchanted by rich skill\ncombinations.
4693,6,7,99,43,7,0,100000,100,7,1631,0,0,0x008D0260,Sprinter Jewel+,0x0091C0D2,A Decoration for experts\nenchanted by rich skill\ncombinations.
4694,6,7,99,43,8,0,100000,100,7,1632,0,0,0x008D0270,Precision Jewel+,0x0091C111,A Decoration for experts\nenchanted by rich skill\ncombinations.
4695,6,7,99,43,5,0,100000,100,7,1633,0,0,0x008D0281,Artillery Jewel+,0x0091C150,A Decoration for experts\nenchanted by rich skill\ncombinations.
4696,4,5,1,38,10,0,0,0,5,0,0,0,0x008D0292,Corrosive Knife,0x0091C18F,Inflicts corrosion upon\nstriking the Raviente's\nhead. ~C05(Supply Item)
4697,4,5,3,33,1,0,0,0,5,0,0,0,0x008D02A2,Power Needle,0x0091C1D7,Emits a plume of smoke that\nincreases Attack on impact.\n~C05(Supply Item)
4698,4,5,1,1,5,0,0,0,5,0,0,0,0x008D02AF,Stench Bomb,0x0091C221,A foul-smelling grenade.\nUse it when Raviente starts\nto inhale... ~C05(Supply Item)
4699,4,5,50,38,1,0,0,0,5,0,0,0,0x008D02BB,Fire Knife,0x0091C275,A throwing knife imbued\nwith Gunpowder.\n~C05(Supply Item)
4700,4,5,50,38,6,0,0,0,5,0,0,0,0x008D02C6,Water Knife,0x0091C2AF,A throwing knife layered\nwith Whetfish scales.\n~C05(Supply Item)
4701,4,5,50,38,3,0,0,0,5,0,0,0,0x008D02D2,Ice Knife,0x0091C2F0,A throwing knife imbued\nwith Ice Crystals.\n~C05(Supply Item)
4702,4,5,50,38,4,0,0,0,5,0,0,0,0x008D02DC,Thunder Knife,0x0091C32D,A throwing knife infused\nwith powdered Thunderbugs.\n~C05(Supply Item)
4703,4,5,50,38,1,0,0,0,5,0,0,0,0x008D02EA,Dragon Knife,0x0091C373,A throwing knife smeared\nwith Dragonfell Berries.\n~C05(Supply Item)
4704,4,5,99,43,6,0,0,0,0,0,0,0,0x008D02F7,Surge Jewel,0x0091C3B7,An indispensable item used\nin Decorations. Exceedingly\nrare and valuable.
4705,4,5,99,43,4,0,0,0,0,0,0,0,0x008D0303,Musteline Jewel,0x0091C401,An indispensable item used\nin Decorations. Exceedingly\nrare and valuable.
4706,4,5,99,43,10,0,0,0,0,0,0,0,0x008D0313,Crowbill Jewel,0x0091C44B,An indispensable item used\nin Decorations. Exceedingly\nrare and valuable.
4707,4,5,99,43,1,0,0,0,0,0,0,0,0x008D0322,Aquiline Jewel,0x0091C495,An indispensable item used\nin Decorations. Exceedingly\nrare and valuable.
4708,4,5,99,43,0,0,0,0,0,0,0,0,0x008D0331,Strigine Jewel,0x0091C4DF,An indispensable item used\nin Decorations. Exceedingly\nrare and valuable.
4709,4,5,99,43,8,0,0,0,0,0,0,0,0x008D0340,Porcine Jewel,0x0091C529,An indispensable item used\nin Decorations. Exceedingly\nrare and valuable.
4710,4,5,99,43,10,0,0,0,0,0,0,0,0x008D034E,Swallowtail Jwl,0x0091C573,An indispensable item used\nin Decorations. Exceedingly\nrare and valuable.
4711,4,5,99,43,7,0,0,0,0,0,0,0,0x008D035E,Cervine Jewel,0x0091C5BD,An indispensable item used\nin Decorations. Exceedingly\nrare and valuable.
4712,4,5,99,43,5,0,0,0,0,0,0,0,0x008D036C,Sparrowdance Jwl,0x0091C607,An indispensable item used\nin Decorations. Exceedingly\nrare and valuable.
4713,4,5,99,43,3,0,0,0,0,0,0,0,0x008D037D,Selachian Jewel,0x0091C651,An indispensable item used\nin Decorations. Exceedingly\nrare and valuable.
4714,4,5,1,33,10,0,0,0,5,0,0,0,0x008D038D,Resistance Info,0x0091C69B,Buy this to learn what\ndamage type Raviente is\ncurrently resistant to.
4715,4,5,1,33,10,0,0,0,5,0,0,0,0x008D039D,Weakness Info,0x0091C6E2,Buy this to learn what\ndamage type Raviente is\ncurrently susceptible to.
4716,4,5,1,33,10,0,0,0,5,0,0,0,0x008D03AB,Elemental Info,0x0091C72B,Buy this to learn what\ntype of element Raviente is\ncurrently susceptible to.
4717,2,3,99,18,4,0,0,100,0,0,0,0,0x008D03BA,Puffberry,0x00106576,もちもちとした柔らかい実を\n持つ木の実。小動物の貴重な\n食料資源となっている。
4718,2,3,99,12,7,0,0,100,0,0,0,0,0x008D03C4,Pulseshroom,0x001065C3,特定の時期にしか採れない、\n貴重なキノコ。一度生えた場\n所には二度と生えないという。
4719,2,3,99,20,1,0,0,100,0,0,0,0,0x008D03D0,Crimson Princess,0x00106616,熱帯地方に生息する小さな紅\n色の蝶。可憐に舞い飛ぶ姿か\nらこの名が付いた。
4720,2,3,99,20,6,0,0,100,0,0,0,0,0x008D03E1,Stonegrasp Beetle,0x0010665F,硬い甲殻を持ち、岩肌に張り\n付いて暮らす珍しい虫。採掘\n道具を使わないと獲れない。
4721,2,3,99,15,2,0,0,100,0,0,0,0,0x008D03F3,Amnesia Herb,0x001066B0,すり潰して塗り薬として使わ\nれてきた草。冬の小動物の貴\n重な食料となっているようだ。
4722,3,4,99,33,0,0,0,3000,0,0,0,0,0x008D0400,Goocoo Junk,0x0091C778,Junk (painstakingly?)\ngathered by a Goocoo.\nTry collecting it...?
4723,4,5,1,35,4,0,0,5000,0,0,0,0,0x008D040C,Goocoo Charm,0x0091C7BA,An amulet prized by Goocoos.\nSomething good may happen if\nyou keep it in your pouch...
4724,3,4,3,3,0,0,0,0,0,0,0,0,0x008D0419,Auriol's Rice Ball,0x0091C811,"A rice ball painstakingly\nmade by Auriol. ""It's real\ntasty!"" ~C05(Supply Item)"
4725,2,3,10,5,4,0,0,0,0,0,0,0,0x008D042C,Luring Arowana,0x001067F6,持っているだけでグークをお\nびき寄せることができる不思\n議な魚。~C05（精算アイテム）
4726,2,3,99,18,0,0,0,100,0,0,0,0,0x008D043B,Blissberry,0x00106849,噛めば噛むほど美味しくなる\n小粒の実。子供たちの間では\nおやつとして大人気。
4727,2,3,99,12,6,0,0,100,0,0,0,0,0x008D0446,Inspiroshroom,0x00106894,食べると頭が冴えると言われ\nる食用キノコ。食べ過ぎると\n眠れなくなるので要注意。
4728,2,3,99,15,8,0,0,100,0,0,0,0,0x008D0454,Aurafern,0x001068E3,葉を占いに使用していたと\n言われる草。すり潰して飲む\nと美容に効くとの噂もある。
4729,4,5,99,31,0,0,0,0,0,0,0,0,0x008D045D,Gia Studs,0x00106932,革をしっかりと留められる程\nに頑丈なギアノスの小さな牙。\n牙じゃなくて骨かもしれない。
4730,4,5,99,14,0,0,0,0,0,0,0,0,0x008D0467,Gia Leather,0x00106987,上質なギアノスの皮をなめし\nた物。意外と肌触りが良く\n頑丈な為、狩猟に向く。
4731,4,5,99,9,0,0,0,0,0,0,0,0,0x008D0473,Gia Crest,0x001069D2,ギアノスの特徴的なトサカ。\n人間には少し大きいので、\n頭に乗せるのはやめておこう。
4732,4,5,99,33,0,0,0,0,0,0,0,0,0x008D047D,Gia Chain,0x00106A23,冷たく重厚な鎖。\n防具の部品を繋ぐのに最適。\n装飾の意味もあるらしい？
4733,4,5,99,33,0,0,0,0,0,0,0,0,0x008D0487,Gia Belt,0x00106A68,頑丈な革製のベルト。\n激しく動いても緩み難く、\n狩猟防具に用いられる。
4734,4,5,99,27,3,0,0,0,0,0,0,0,0x008D0490,Blue Argenite,0x0091C860,Steel tempered to its limit.\nIts color subtly changes\ndepending on the angle.
4735,4,5,99,27,4,0,0,0,0,0,0,0,0x008D049E,Yellow Argenite,0x0091C8AE,Steel tempered to its limit.\nIts color subtly changes\ndepending on the angle.
4736,4,5,99,27,6,0,0,0,0,0,0,0,0x008D04AE,Teal Argenite,0x0091C8FC,Steel tempered to its limit.\nIts color subtly changes\ndepending on the angle.
4737,4,5,99,27,1,0,0,0,0,0,0,0,0x008D04BC,Vrmln Argenite,0x0091C94A,Steel tempered to its limit.\nIts color subtly changes\ndepending on the angle.
4738,4,5,99,27,10,0,0,0,0,0,0,0,0x008D04CB,Gray Argenite,0x0091C998,Steel tempered to its limit.\nIts color subtly changes\ndepending on the angle.
4739,4,5,99,27,1,0,0,0,0,0,0,0,0x008D04D9,Crimson Argenite,0x0091C9E6,Steel tempered to its limit.\nIts color subtly changes\ndepending on the angle.
4740,4,5,99,27,0,0,0,0,0,0,0,0,0x008D04EA,White Argenite,0x0091CA34,Steel tempered to its limit.\nIts color subtly changes\ndepending on the angle.
4741,4,5,99,27,2,0,0,0,0,0,0,0,0x008D04F9,Green Argenite,0x0091CA82,Steel tempered to its limit.\nIts color subtly changes\ndepending on the angle.
4742,4,5,99,27,7,0,0,0,0,0,0,0,0x008D0508,Orange Argenite,0x0091CAD0,Steel tempered to its limit.\nIts color subtly changes\ndepending on the angle.
4743,4,5,99,27,8,0,0,0,0,0,0,0,0x008D0518,Pink Argenite,0x0091CB1E,Steel tempered to its limit.\nIts color subtly changes\ndepending on the angle.
4744,4,5,99,27,5,0,0,0,0,0,0,0,0x008D0526,Purple Argenite,0x0091CB6C,Steel tempered to its limit.\nIts color subtly changes\ndepending on the angle.
4745,4,5,5,82,10,0,0,0,0,0,0,0,0x008D0536,All Res Berry,0x0091CBBA,Its effect persists even\nafter fainting. Only one\ncan be eaten per Quest.
4746,4,5,5,82,4,0,0,0,0,0,0,0,0x008D0544,Raise Hunger Berry,0x0091CC04,Its effect persists even\nafter fainting. Only one\ncan be eaten per Quest.
4747,4,5,5,82,2,0,0,0,0,0,0,0,0x008D0557,Rec Speed Berry,0x0091CC4E,Its effect persists even\nafter fainting. Only one\ncan be eaten per Quest.
4748,4,5,5,82,0,0,0,0,0,0,0,0,0x008D0567,Negate Poison Berry,0x0091CC98,Its effect persists even\nafter fainting. Only one\ncan be eaten per Quest.
4749,4,5,5,82,5,0,0,0,0,0,0,0,0x008D057B,Capture Guru Berry,0x0091CCE2,Its effect persists even\nafter fainting. Only one\ncan be eaten per Quest.
4750,4,5,10,7,8,0,0,0,0,0,0,0,0x008D058E,HG Rapid Whetstone,0x0091CD2C,Combines the effects\nof both High Speed and\nHigh Grade whetstones.
4751,4,5,3,24,3,0,0,0,0,0,0,0,0x008D05A1,HG Nutrients,0x0091CD6F,Four times as effective as\nMega Nutrients.
4752,4,5,3,24,7,0,0,0,0,0,0,0,0x008D05AE,Tracker's Drink,0x0091CD9A,"Temporarily sharpens your \nsixth-sense, and attunes\nyou to the ways of monsters."
4753,4,5,99,1,8,0,0,0,0,0,0,0,0x008D05BE,Marking Ball,0x0091CDEB,Toss this scented paint at\na monster to mark its\nlocation and track it.
4754,4,5,10,24,6,0,0,0,0,0,0,0,0x008D05CB,Ultra Cool Drink,0x0091CE33,Provides immediate relief\nfrom hot temperatures.
4755,4,5,10,24,1,0,0,0,0,0,0,0,0x008D05DC,Ultra Hot Drink,0x0091CE64,Provides immediate relief\nfrom cold temperatures.
4756,3,4,99,5,10,0,500,50,0,0,0,0,0x008D05EC,Thin Mackerel,0x0091CE96,"A fish with thin flesh and\nnot much to eat. However,\nthe taste is to die for."
4757,3,4,99,5,8,0,600,60,0,0,0,0,0x008D05FA,Longtailed Fish,0x0091CEE4,"Its beauty, combined with\nthe long tail fin, makes\nit a popular aquarium fish."
4758,3,4,99,5,3,0,1000,100,0,0,0,0,0x008D060A,Blackfish,0x0091CF33,"A thick-skinned fish. Its\nbelly turns black when cut,\nhence the name."
4759,3,4,99,15,8,0,200,20,0,0,0,0,0x008D0614,Absorbing Herb,0x0091CF79,A plant that absorbs scents\ninstead of emitting them.\nUsed as a deodorant.
4760,3,4,99,15,2,0,100,10,0,0,0,0,0x008D0623,Razor Herb,0x0091CFC4,A plant capable of cutting\noff your fingers just by\ntouching them. Watch out!
4761,3,4,99,15,4,0,500,50,0,0,0,0,0x008D062E,Fuzzy Herb,0x0091D012,"A succulent plant with soft,\ndowny hairs on its leaves."
4762,3,4,10,23,6,0,500,50,0,0,0,0,0x008D0639,Clean Shell,0x0091D04A,"A smooth, durable shell that\nfeels pleasant to the touch.\nUsed in certain products."
4763,3,4,10,23,6,0,800,80,0,0,0,0,0x008D0645,Soft Shell,0x0091D09E,"A beautiful, flexible shell.\nCommonly used in processed\ngoods."
4764,4,5,5,23,6,0,4200,420,0,0,0,0,0x008D0650,Rare Shell,0x0091D0DD,A shell so thin and fragile\nit could be broken by the\nwaves. Hard to collect.
4765,3,4,99,27,4,0,800,80,0,0,0,0,0x008D065B,Pelican Ore,0x0091D12B,An ore found in a shape that\nencloses multiple minerals.\nNamed for this very reason.
4766,4,5,99,27,10,0,4800,480,0,0,0,0,0x008D0667,Black Pyroxene,0x0091D180,"A black, crystal-like ore.\nRarely found and exceedingly\nvaluable."
4767,3,4,99,27,5,0,1200,120,0,0,0,0,0x008D0676,Palsanto Ore,0x0091D1C2,A hard-to-process ore that\nlooks just like a rock. Not\nused in decorations.
4768,4,5,99,20,10,0,4000,400,0,0,0,0,0x008D0683,Shovelhopper,0x0091D20E,A grasshopper with a pair\nof hoe-shaped shears on its\nhead. Difficult to catch.
4769,3,4,99,20,2,0,700,70,0,0,0,0,0x008D0690,Bellworm,0x0091D25E,An insect with a bell-like\nshape. It is said to produce\nsounds by rubbing its wings.
4770,3,4,99,20,6,0,850,85,0,0,0,0,0x008D0699,Shorefly,0x0091D2B3,"Found in clusters along the\nshore. Its thin, transparent\nwings are said to shimmer."
4771,4,5,99,31,7,0,0,0,0,0,0,0,0x008D06A2,Valiant Horn,0x0091D307,A battle-scarred Anteka horn\nthat seems to grow stronger\nunder intense pressure.
4772,4,5,99,33,2,0,0,0,0,0,0,0,0x008D06AF,Fragrant Branch,0x0091D358,"A branch with a sweet aroma.\nUsed for incense, but its\nuse lies in its flexibility."
4773,4,5,99,18,5,0,0,0,0,0,0,0,0x008D06BF,Charming Fruit,0x0091D3AC,"A small purple berry. Due\nto its poisonous contents,\nit cannot be eaten."
4774,4,5,99,33,2,0,0,0,0,0,0,0,0x008D06CE,Frostwood Sprout,0x0091D3F5,A tree sprout that grows in\nice. The power of nature is\nall too apparent.
4775,4,5,99,27,7,0,0,0,0,0,0,0,0x008D06DF,Ibis Caldite,0x0091D43F,An ore said to contain the\npower of flame. Its color\nchanges with viewing angle.
4776,4,5,99,27,8,0,0,0,0,0,0,0,0x008D06EC,Pink Caldite,0x0091D490,An ore said to contain the\npower of flame. Its color\nchanges with viewing angle.
4777,4,5,99,27,5,0,0,0,0,0,0,0,0x008D06F9,Sepia Caldite,0x0091D4E1,An ore said to contain the\npower of flame. Its color\nchanges with viewing angle.
4778,4,5,99,9,5,0,0,0,0,0,0,0,0x008D0707,Stout Thorn,0x00107100,長く生きた大型モンスターの\n鋭い棘。様々な効能の武具を\n作る事ができる。
4779,4,5,99,10,0,0,0,0,0,0,0,0,0x008D0713,Wthrd Greatbone,0x00107147,どこかで発見された頑丈な骨\nの一部。その独特な形状から、\n銃槍の砲身として用いられる。
4780,4,5,99,31,7,0,0,0,0,0,0,0,0x008D0723,Tyrannical Horn,0x0010719C,限られた角竜だけが持つ巨大\nで立派な角。生物の一部とは\n思えない程の硬度を誇る。
4781,4,5,99,33,10,0,0,0,0,0,0,0,0x008D0733,Gilded Black Silk,0x0091D532,Silk woven from monsters\nthat inhabit distant island\nnations.
4782,4,5,99,27,1,0,0,0,0,0,0,0,0x008D0745,Ancient Shards,0x001071EB,どこかで発掘された遺跡の中\nから発見された古びた鎧らし\nきモノの破片。
4783,4,5,99,37,5,0,0,0,0,0,0,0,0x008D0754,Drek P Ticket,0x0091D570,Instructions on forging the\nDreck Sword. Bring them to\nthe Smithy!
4784,4,5,99,37,3,0,0,0,0,0,0,0,0x008D0762,Venino P Tkt,0x0091D5B3,Instructions on forging the\nVeneno Sword. Bring them to\nthe Smithy!
4785,4,5,99,37,6,0,0,0,0,0,0,0,0x008D076F,Yelabriya Tkt,0x0091D5F7,Instructions on forging the\nLunar Bow. Bring them to\nthe Smithy!
4786,4,5,99,37,5,0,0,0,0,0,0,0,0x008D077D,Drekbriya Tkt,0x0091D638,Instructions on forging the\nRuler's Bow. Bring them to\nthe Smithy!
4787,4,5,99,37,4,0,0,0,0,0,0,0,0x008D078B,Truss Ticket H,0x0091D67B,Instructions on forging the\nTruss armor. Bring them to\nthe Smithy!
4788,4,5,99,37,4,0,0,0,0,0,0,0,0x008D079A,Truss Ticket C,0x0091D6BE,Instructions on forging the\nTruss armor. Bring them to\nthe Smithy!
4789,4,5,99,37,4,0,0,0,0,0,0,0,0x008D07A9,Truss Ticket A,0x0091D701,Instructions on forging the\nTruss armor. Bring them to\nthe Smithy!
4790,4,5,99,37,4,0,0,0,0,0,0,0,0x008D07B8,Truss Ticket W,0x0091D744,Instructions on forging the\nTruss armor. Bring them to\nthe Smithy!
4791,4,5,99,37,4,0,0,0,0,0,0,0,0x008D07C7,Truss Ticket L,0x0091D787,Instructions on forging the\nTruss armor. Bring them to\nthe Smithy!
4792,4,5,99,27,3,0,0,0,0,0,0,0,0x008D07D6,Seabreeze Stone,0x0010736B,海の匂いが微かにする石。\n匂いをよく嗅ぐと、あの懐かし\nい日々を思い返せる。
4793,4,5,99,36,0,0,0,0,0,0,0,0,0x008D07E6,Heavenly Tome,0x001073B6,縫い合わせることなく衣を\n作り上げる手法が書かれた\n書物。
4794,4,5,99,36,0,0,0,0,0,0,0,0,0x008D07F4,Celestial Tome,0x001073B6,縫い合わせることなく衣を\n作り上げる手法が書かれた\n書物。
4795,4,5,99,34,0,0,0,0,0,0,0,0,0x008D0803,N.Year Gift (Drg),0x0091D7CA,"A bag received on New Year's\nEve. Filled with something,\nbut definitely not zenny."
4796,4,5,99,18,0,0,0,0,0,0,0,0,0x008D0815,Gorgeous Feathers,0x001073EF,羽根突き用の綺麗な飾り羽根。\n最高品質の羽子板であれば、\n種類を選ばずよく合うだろう。
4797,4,5,99,23,6,0,0,0,0,0,0,0,0x008D0827,Icy Scalestone,0x00107444,竜の鱗と酷似した形状の鉱物。\n結晶が幾重にも重なり合い、\n周囲の熱を強力に吸収する。
4798,4,5,99,36,7,0,0,0,0,0,0,0,0x008D0836,Tome of Storms,0x00107497,大地から離れて天へと昇り、\n世界の全てを支配するための\n方法が書かれた書物。
4799,4,5,99,18,1,0,0,0,0,0,0,0,0x008D0845,Red Storm Bell,0x001074E2,ある人物が命を落とすまさに\nその時に所持していた鈴。\n深紅の実を加工して作られた。
4800,4,5,99,27,0,0,0,0,0,0,0,0,0x008D0854,Ivory Starclay,0x00107533,天から降ってきた純白の粘土。\n伸ばすほどに硬くなるため、\n決して千切ることができない。
4801,4,5,99,5,0,0,0,0,0,0,0,0,0x008D0863,Holy Finned Rope,0x0091D81D,A holy-looking rope adorned\nwith piscine tails and fins.\nOverwhelmingly dignified.
4802,4,5,99,27,2,0,0,0,0,0,0,0,0x008D0874,Glossy Pebble,0x001075D5,艶やかな苔色をした細かい石。\n熟練の狩猟技術を誇る狩人が\n所有するのに相応しい。
4803,4,5,99,37,0,0,0,0,0,0,0,0,0x008D0882,Nagia Litro Tkt,0x0091D870,Instructions on forging the\nHoly Sword. Bring them to\nthe Smithy!
4804,4,5,99,37,10,0,0,0,0,0,0,0,0x008D0892,Tur Litro Ticket,0x0091D8B2,Instructions on forging the\nDivine Sword. Bring them to\nthe Smithy!
4805,4,5,99,37,0,0,0,0,0,0,0,0,0x008D08A3,Majurno Ticket,0x0091D8F6,Instructions on forging the\nMoonlit Witch. Bring them to\nthe Smithy!
4806,4,5,99,37,10,0,0,0,0,0,0,0,0x008D08B2,Caserno Ticket,0x0091D93B,Instructions on forging the\nMoonlit Cat. Bring them to\nthe Smithy!
4807,4,5,99,37,0,0,0,0,0,0,0,0,0x008D08C1,Uniter Ticket,0x0091D97E,Instructions on forging the\nUniter. Bring them to the\nSmithy!
4808,4,5,99,37,0,0,0,0,0,0,0,0,0x008D08CF,Uniter Ticket+,0x0091D9BC,Instructions on forging the\nUniter+. Bring them to the\nSmithy!
4809,4,5,99,37,0,0,0,0,0,0,0,0,0x008D08DE,V.Uniter Ticket,0x0091D9FB,Instructions on forging\nthe Victorious Uniter.\nBring them to the Smithy!
4810,4,5,99,37,10,0,0,0,0,0,0,0,0x008D08EE,Pioneer Ticket,0x0091DA44,Instructions on forging the\nPioneer. Bring them to the\nSmithy!
4811,4,5,99,37,10,0,0,0,0,0,0,0,0x008D08FD,Pioneer Ticket+,0x0091DA83,Instructions on forging the\nPioneer+. Bring them to the\nSmithy!
4812,4,5,99,37,10,0,0,0,0,0,0,0,0x008D090D,V.Pioneer Ticket,0x0091DAC3,Instructions on forging\nthe Victorious Pioneer.\nBring them to the Smithy!
4813,4,5,99,37,3,0,0,0,0,0,0,0,0x008D091E,Galitos Ticket H,0x0091DB0D,Instructions on forging the\nGalitos armor. Bring them to\nthe Smithy!
4814,4,5,99,37,3,0,0,0,0,0,0,0,0x008D092F,Galitos Ticket C,0x0091DB52,Instructions on forging the\nGalitos armor. Bring them to\nthe Smithy!
4815,4,5,99,37,3,0,0,0,0,0,0,0,0x008D0940,Galitos Ticket A,0x0091DB97,Instructions on forging the\nGalitos armor. Bring them to\nthe Smithy!
4816,4,5,99,37,3,0,0,0,0,0,0,0,0x008D0951,Galitos Ticket W,0x0091DBDC,Instructions on forging the\nGalitos armor. Bring them to\nthe Smithy!
4817,4,5,99,37,3,0,0,0,0,0,0,0,0x008D0962,Galitos Ticket L,0x0091DC21,Instructions on forging the\nGalitos armor. Bring them to\nthe Smithy!
4818,4,5,99,37,8,0,0,0,0,0,0,0,0x008D0973,Liberi Ticket H,0x0091DC66,Instructions on forging the\nLiberi armor. Bring them to\nthe Smithy!
4819,4,5,99,37,8,0,0,0,0,0,0,0,0x008D0983,Liberi Ticket C,0x0091DCAA,Instructions on forging the\nLiberi armor. Bring them to\nthe Smithy!
4820,4,5,99,37,8,0,0,0,0,0,0,0,0x008D0993,Liberi Ticket A,0x0091DCEE,Instructions on forging the\nLiberi armor. Bring them to\nthe Smithy!
4821,4,5,99,37,8,0,0,0,0,0,0,0,0x008D09A3,Liberi Ticket W,0x0091DD32,Instructions on forging the\nLiberi armor. Bring them to\nthe Smithy!
4822,4,5,99,37,8,0,0,0,0,0,0,0,0x008D09B3,Liberi Ticket L,0x0091DD76,Instructions on forging the\nLiberi armor. Bring them to\nthe Smithy!
4823,4,5,99,37,3,0,0,0,0,0,0,0,0x008D09C3,BP12 Ticket 1,0x0091DDBA,"A ticket made of special,\nrare paper. Can be exchanged\nfor a special item."
4824,4,5,99,37,3,0,0,0,0,0,0,0,0x008D09D1,BP12 Ticket 2,0x0091DE05,"A ticket made of special,\nrare paper. Can be exchanged\nfor a special item."
4825,4,5,99,37,3,0,0,0,0,0,0,0,0x008D09DF,BP12 Ticket 3,0x0091DE50,"A ticket made of special,\nrare paper. Can be exchanged\nfor a special item."
4826,4,5,99,37,3,0,0,0,0,0,0,0,0x008D09ED,BP12 Ticket 4,0x0091DE9B,"A ticket made of special,\nrare paper. Can be exchanged\nfor a special item."
4827,4,5,99,37,3,0,0,0,0,0,0,0,0x008D09FB,BP12 Ticket 5,0x0091DEE6,"A ticket made of special,\nrare paper. Can be exchanged\nfor a special item."
4828,4,5,99,37,3,0,0,0,0,0,0,0,0x008D0A09,BP12 Ticket 6,0x0091DF31,"A ticket made of special,\nrare paper. Can be exchanged\nfor a special item."
4829,4,5,99,37,3,0,0,0,0,0,0,0,0x008D0A17,BP12 Ticket 7,0x0091DF7C,"A ticket made of special,\nrare paper. Can be exchanged\nfor a special item."
4830,4,5,99,37,3,0,0,0,0,0,0,0,0x008D0A25,BP12 Ticket 8,0x0091DFC7,"A ticket made of special,\nrare paper. Can be exchanged\nfor a special item."
4831,4,5,99,18,2,0,0,0,0,0,0,0,0x008D0A33,Threadberry,0x001078F6,ある一定時期に群生する珍し\nい植物。その果実からは、布\nを強化する汁が採れるという。
4832,4,5,99,30,7,0,0,0,0,0,0,0,0x008D0A3F,Shaka Dance Tome,0x00107949,奇面族の王が自身のために\n考えた踊り。\n今は忘れているようだ…。
4833,4,5,99,24,6,0,0,0,0,0,0,0,0x008D0A50,Mystery Water,0x00107988,神秘的な力があるとされる水。\nある双剣に使うと、元気に\nなり、威力が増すらしい。
4834,4,5,99,12,5,0,0,0,0,0,0,0,0x008D0A5E,Demon Toadstool,0x001079D7,ギルドすら所持していない\nキノコ。その毒は絶毒と言わ\nれ、触れることは不可能。
4835,4,5,99,33,1,0,0,0,0,0,0,0,0x008D0A6E,Hunter's Pride,0x000FFD58,アツく燃える狩人の座右の銘。\n狩人にとって最も大切なもの\nは何だと訴えかけてくる。
4836,4,5,99,31,0,0,0,0,0,0,0,0,0x008D0A7D,Beastly Horn,0x00107A24,とても獰猛なモンスターから\n剥ぎ取った角。触ることが\nできないほど冷たい。
4837,4,5,99,34,4,0,0,0,0,0,0,0,0x008D0A8A,Flash Coin,0x0091E012,"A smooth, polished coin that\noccasionally glimmers with a\nfaint flash."
4838,4,5,99,37,7,0,0,0,0,0,0,0,0x008D0A95,Shakalaka Game,0x0091E059,A game invented by the King\nShakalaka. It seems to have\nbeen poorly received... 
4839,4,5,99,52,10,0,0,0,0,0,0,0,0x008D0AA4,Shiny Blk Carapace,0x00107AEE,正体不明のモンスターの素材。\n表面の光沢の度合いから、\n最近修復された甲殻のようだ。
4840,4,5,99,52,10,0,0,0,0,0,0,0,0x008D0AB7,Buried Black Shl,0x00107B41,砂に埋もれていた黒い重殻。\n断面が何層にも分かれており、\nこの生物は老齢だったようだ。
4841,4,5,99,27,10,0,0,0,0,0,0,0,0x008D0AC8,Ancient Ink,0x00107B96,東方から来た人物がくれた墨。\n製造時期は不明で、とても\n貴重なものらしい。
4842,4,5,99,36,1,0,0,0,0,0,0,0,0x008D0AD4,Blademaster Tkt,0x00107BDF,チカラを望むハンターだけが、\n得ることができる証。\n誰が発行しているかは謎。
4843,4,5,99,36,1,0,0,0,0,0,0,0,0x008D0AE4,Gunner Tkt,0x00107BDF,チカラを望むハンターだけが、\n得ることができる証。\n誰が発行しているかは謎。
4844,4,5,99,33,10,0,0,0,0,0,0,0,0x008D0AEF,Excelle Fabric M,0x00107C2A,制作者不明の華麗な織物。\nこの布はハンターの激しい\n動きを補助する効果がある。
4845,4,5,99,33,0,0,0,0,0,0,0,0,0x008D0B00,Excelle Fabric S,0x00107C77,制作者不明の華麗な織物。\nこの布はハンターの気を\n静める効果がある。
4846,4,5,99,37,6,0,0,0,0,0,0,0,0x008D0B11,Ice Crusher Tkt,0x0091E0AA,Instructions on forging the\nIce Crusher I. Bring them to\nthe Smithy!
4847,4,5,99,37,4,0,0,0,0,0,0,0,0x008D0B21,Thunder Bash Tkt,0x0091E0EF,Instructions on forging the\nThunder Basher I. Bring them\nto the Smithy!
4848,4,5,99,37,1,0,0,0,0,0,0,0,0x000D6F4F,４４０７ダミー,0x0000276D,ダミー
4849,4,5,99,37,3,0,0,0,0,0,0,0,0x000D6F5E,４４０８ダミー,0x0000276D,ダミー
4850,4,5,99,37,7,0,0,0,0,0,0,0,0x008D0B32,Shld Hammer Tkt,0x0091E137,Instructions on forging the\nShield Hammer I. Bring them\nto the Smithy!
4851,4,5,99,37,2,0,0,0,0,0,0,0,0x008D0B42,Eversleep Ticket,0x0091E17E,Instructions on forging the\nEversleeper I. Bring them to\nthe Smithy!
4852,4,5,99,37,8,0,0,0,0,0,0,0,0x008D0B53,Stun Calibur Tkt,0x0091E1C3,Instructions on forging\nthe Stunning Dagger I.\nBring them to the Smithy!
4853,4,5,99,37,5,0,0,0,0,0,0,0,0x008D0B64,Viper Venom Tkt,0x0091E20C,Instructions on forging the\nVenomous Viper I. Bring them\nto the Smithy!
4854,4,5,99,27,10,0,0,0,0,0,0,0,0x008D0B74,Magnastone,0x0091E254,A mysterious stone with a\nmodern-feeling aura. Bring\nit to the Smithy!
4855,4,5,99,33,0,0,0,0,0,0,0,0,0x008D0B7F,Supple Thread,0x0091E29B,A strong thread used by the\nGogomoa. Its flexibility is\nknown to charm hunters.
4856,4,5,99,37,1,0,0,0,0,0,0,0,0x008D0B8D,Ifrit Sword Ticket,0x0091E2EB,Instructions on forging the\nIfrit Sword. Bring them to\nthe Smithy!
4857,4,5,99,37,4,0,0,0,0,0,0,0,0x008D0BA0,Lghtng Sword Tkt,0x0091E32E,Instructions on forging the\nLightning Sword. Bring them\nto the Smithy!
4858,4,5,99,37,6,0,0,0,0,0,0,0,0x008D0BB1,H.Blades Ticket,0x0091E375,Instructions on forging the\nStand Light. Bring them to\nthe Smithy!
4859,4,5,99,37,5,0,0,0,0,0,0,0,0x008D0BC1,M.Claws Ticket,0x0091E3B8,Instructions on forging the\nCrouching Light. Bring them\nto the Smithy!
4860,4,5,99,37,10,0,0,0,0,0,0,0,0x008D0BD0,Vampire Ticket H,0x0091E3FF,Instruction on forging the\nDarkstalkers series armor.\nBring them to the Smithy!
4861,4,5,99,37,10,0,0,0,0,0,0,0,0x008D0BE1,Vampire Ticket C,0x0091E44F,Instruction on forging the\nDarkstalkers series armor.\nBring them to the Smithy!
4862,4,5,99,37,10,0,0,0,0,0,0,0,0x008D0BF2,Vampire Ticket A,0x0091E49F,Instruction on forging the\nDarkstalkers series armor.\nBring them to the Smithy!
4863,4,5,99,37,10,0,0,0,0,0,0,0,0x008D0C03,Vampire Ticket W,0x0091E4EF,Instruction on forging the\nDarkstalkers series armor.\nBring them to the Smithy!
4864,4,5,99,37,10,0,0,0,0,0,0,0,0x008D0C14,Vampire Ticket L,0x0091E53F,Instruction on forging the\nDarkstalkers series armor.\nBring them to the Smithy!
4865,4,5,99,37,6,0,0,0,0,0,0,0,0x008D0C25,Brave Ticket,0x0091E58F,Instructions on forging the\nBrave Bow I. Bring them to\nthe Smithy!
4866,4,5,99,37,3,0,0,0,0,0,0,0,0x008D0C32,Societal Tkt 1,0x0091E5D2,Instruction on forging the\nSocietal Earring. Bring them\nto the Smithy!
4867,4,5,99,37,3,0,0,0,0,0,0,0,0x008D0C41,Societal Tkt 2,0x0091E619,Instruction on forging the\nSocietal Earring. Bring them\nto the Smithy!
4868,4,5,99,37,3,0,0,0,0,0,0,0,0x008D0C50,Societal Tkt 3,0x0091E660,Instruction on forging the\nSocietal Earring. Bring them\nto the Smithy!
4869,4,5,99,37,3,0,0,0,0,0,0,0,0x008D0C5F,Societal Tkt 4,0x0091E6A7,Instruction on forging the\nSocietal Earring. Bring them\nto the Smithy!
4870,4,5,99,37,3,0,0,0,0,0,0,0,0x008D0C6E,Societal Tkt 5,0x0091E6EE,Instruction on forging the\nSocietal Earring. Bring them\nto the Smithy!
4871,4,5,99,37,3,0,0,0,0,0,0,0,0x008D0C7D,Societal Tkt 6,0x0091E735,Instruction on forging the\nSocietal Earring. Bring them\nto the Smithy!
4872,4,5,99,37,3,0,0,0,0,0,0,0,0x008D0C8C,Societal Tkt 7,0x0091E77C,Instruction on forging the\nSocietal Earring. Bring them\nto the Smithy!
4873,4,5,99,37,3,0,0,0,0,0,0,0,0x008D0C9B,Societal Tkt 8,0x0091E7C3,Instruction on forging the\nSocietal Earring. Bring them\nto the Smithy!
4874,4,5,99,37,2,0,0,0,0,0,0,0,0x008D0CAA,Cross Ticket H,0x0091E80A,A precious design used to\nforge the Cross head armor.\nBring it to the Smithy!
4875,4,5,99,37,2,0,0,0,0,0,0,0,0x008D0CB9,Cross Ticket C,0x0091E858,A precious design used to\nforge the Cross chest armor.\nBring it to the Smithy!
4876,4,5,99,37,2,0,0,0,0,0,0,0,0x008D0CC8,Cross Ticket A,0x0091E8A7,A precious design used to\nforge the Cross vambraces.\nBring it to the Smithy!
4877,4,5,99,37,2,0,0,0,0,0,0,0,0x008D0CD7,Cross Ticket W,0x0091E8F4,A precious design used to\nforge the Cross waist armor.\nBring it to the Smithy!
4878,4,5,99,37,2,0,0,0,0,0,0,0,0x008D0CE6,Cross Ticket L,0x0091E943,A precious design used to\nforge the Cross leg armor.\nBring it to the Smithy!
4879,4,5,99,37,0,0,0,0,0,0,0,0,0x008D0CF5,White Cone Tkt,0x0091E990,Instruction on forging the\nConestamper. Bring them to\nthe Smithy!
4880,4,5,99,37,7,0,0,0,0,0,0,0,0x008D0D04,Brown Cone Tkt,0x0091E9D2,Instruction on forging the\nConestamper. Bring them to\nthe Smithy!
4881,4,5,99,37,2,0,0,0,0,0,0,0,0x008D0D13,Green Cone Tkt,0x0091EA14,Instruction on forging the\nConestamper. Bring them to\nthe Smithy!
4882,4,5,99,37,8,0,0,0,0,0,0,0,0x008D0D22,Pink Cone Ticket,0x0091EA56,Instruction on forging the\nConestamper. Bring them to\nthe Smithy!
4883,4,5,99,37,0,0,0,0,0,0,0,0,0x008D0D33,White Ice-pop Tkt,0x0091EA98,Instruction on forging the\nPapico Sabers. Bring them to\nthe Smithy!
4884,4,5,99,37,7,0,0,0,0,0,0,0,0x008D0D45,Tea Ice-pop Tkt,0x0091EADC,Instruction on forging the\nPapico Sabers. Bring them to\nthe Smithy!
4885,4,5,99,37,2,0,0,0,0,0,0,0,0x008D0D55,Lime Ice-pop Tkt,0x0091EB20,Instruction on forging the\nPapico Sabers. Bring them to\nthe Smithy!
4886,4,5,99,37,8,0,0,0,0,0,0,0,0x008D0D66,Peach Ice-pop Tkt,0x0091EB64,Instruction on forging the\nPapico Sabers. Bring them to\nthe Smithy!
4887,4,5,99,1,2,0,0,0,0,0,0,0,0x008D0D78,Song of the Forest,0x0091EBA8,An idea beyond the reach\nof human thought. Revealed\nby listening to nature.
4888,4,5,99,1,2,0,0,0,0,0,0,0,0x008D0D8B,Song of Shores,0x0091EBF4,An idea beyond the reach\nof human thought. Revealed\nby listening to nature.
4889,4,5,99,1,2,0,0,0,0,0,0,0,0x008D0D9A,Song of Quicksand,0x0091EC40,An idea beyond the reach\nof human thought. Revealed\nby listening to nature.
4890,4,5,99,1,2,0,0,0,0,0,0,0,0x008D0DAC,Song of Caves,0x0091EC8C,An idea beyond the reach\nof human thought. Revealed\nby listening to nature.
4891,4,5,99,1,2,0,0,0,0,0,0,0,0x008D0DBA,Song of Comfort,0x0091ECD8,An idea beyond the reach\nof human thought. Revealed\nby listening to nature.
4892,4,5,99,1,2,0,0,0,0,0,0,0,0x008D0DCA,Song of Spring,0x0091ED24,An idea beyond the reach\nof human thought. Revealed\nby listening to nature.
4893,4,5,99,1,2,0,0,0,0,0,0,0,0x008D0DD9,Song of Summer,0x0091ED70,An idea beyond the reach\nof human thought. Revealed\nby listening to nature.
4894,4,5,99,1,2,0,0,0,0,0,0,0,0x008D0DE8,Song of Rain,0x0091EDBC,An idea beyond the reach\nof human thought. Revealed\nby listening to nature.
4895,4,5,99,34,7,0,0,0,0,0,0,0,0x008D0DF5,Vashim Medal B,0x0091EE08,A commemorative medal issued\nby the Guild. Its obverse\ndepicts an Aqra Vashim.
4896,4,5,99,34,0,0,0,0,0,0,0,0,0x008D0E04,Vashim Medal S,0x0091EE57,A commemorative medal issued\nby the Guild. Its obverse\ndepicts an Aqra Vashim.
4897,4,5,99,34,4,0,0,0,0,0,0,0,0x008D0E13,Vashim Medal G,0x0091EEA6,A commemorative medal issued\nby the Guild. Its obverse\ndepicts an Aqra Vashim.
4898,4,5,99,34,7,0,0,0,0,0,0,0,0x008D0E22,Belkuros Medal B,0x0091EEF5,A commemorative medal issued\nby the Guild. Its obverse\ndepicts a Belkuros.
4899,4,5,99,34,0,0,0,0,0,0,0,0,0x008D0E33,Belkuros Medal S,0x0091EF40,A commemorative medal issued\nby the Guild. Its obverse\ndepicts a Belkuros.
4900,4,5,99,34,4,0,0,0,0,0,0,0,0x008D0E44,Belkuros Medal G,0x0091EF8B,A commemorative medal issued\nby the Guild. Its obverse\ndepicts a Belkuros.
4901,4,5,99,34,7,0,0,0,0,0,0,0,0x008D0E55,Paria Medal B,0x0091EFD6,A commemorative medal issued\nby the Guild. Its obverse\ndepicts a Pariapuria.
4902,4,5,99,34,0,0,0,0,0,0,0,0,0x008D0E63,Paria Medal S,0x0091F023,A commemorative medal issued\nby the Guild. Its obverse\ndepicts a Pariapuria.
4903,4,5,99,34,4,0,0,0,0,0,0,0,0x008D0E71,Paria Medal G,0x0091F070,A commemorative medal issued\nby the Guild. Its obverse\ndepicts a Pariapuria.
4904,4,5,99,37,10,0,0,0,0,0,0,0,0x008D0E7F,Gray Fest Mem.,0x0091F0BD,Awarded to those who have\nhoned their skills in the\nHunter Fest.
4905,4,5,99,37,10,0,0,0,0,0,0,0,0x008D0E8E,Ylw Fest Mem.,0x0091F0FE,Awarded to those who have\nhoned their skills in the\nHunter Fest.
4906,4,5,99,37,10,0,0,0,0,0,0,0,0x008D0E9C,Grn Fest Mem.,0x0091F13F,Awarded to those who have\nhoned their skills in the\nHunter Fest.
4907,4,5,99,37,10,0,0,0,0,0,0,0,0x008D0EAA,Org Fest Mem.,0x0091F180,Awarded to those who have\nhoned their skills in the\nHunter Fest.
4908,4,5,99,35,2,0,0,0,0,0,0,0,0x008D0EB8,Azure Base,0x0091F1C1,Used to craft various Poogie\nDecorations. Bring it to the\nSmithy!
4909,4,5,99,35,10,0,0,0,0,0,0,0,0x008D0EC3,Crocus Base,0x0091F203,Used to craft various Poogie\nDecorations. Bring it to the\nSmithy!
4910,4,5,99,27,7,0,0,0,0,0,0,0,0x008D0ECF,Solar Portite,0x0091F245,One of the minerals created\naround Mezeporta. Contains\ncrystals of various colors.
4911,4,5,99,37,2,0,0,0,0,0,0,0,0x008D0EDD,Boron Note,0x0091F298,"A fragment of a long lost\ncrafting tome, known only\nby the name ""Boron""."
4912,4,5,99,37,3,0,0,0,0,0,0,0,0x008D0EE8,Sodium Note,0x0091F2E1,"A fragment of a long lost\ncrafting tome, known only\nby the name ""Sodium""."
4913,4,5,99,37,6,0,0,0,0,0,0,0,0x008D0EF4,Chlorine Note,0x0091F32B,"A fragment of a long lost\ncrafting tome, known only\nby the name ""Chlorine""."
4914,4,5,99,37,10,0,0,0,0,0,0,0,0x008D0F02,Titanium Note,0x0091F377,"A fragment of a long lost\ncrafting tome, known only\nby the name ""Titanium""."
4915,4,5,99,37,7,0,0,0,0,0,0,0,0x008D0F10,Gallium Note,0x0091F3C3,"A fragment of a long lost\ncrafting tome, known only\nby the name ""Gallium""."
4916,4,5,99,37,5,0,0,0,0,0,0,0,0x008D0F1D,Niobium Note,0x0091F40E,"A fragment of a long lost\ncrafting tome, known only\nby the name ""Niobium""."
4917,4,5,99,37,0,0,0,0,0,0,0,0,0x008D0F2A,Antimony Note,0x0091F459,"A fragment of a long lost\ncrafting tome, known only\nby the name ""Antimony""."
4918,4,5,99,37,4,0,0,0,0,0,0,0,0x008D0F38,Lutetium Note,0x0091F4A5,"A fragment of a long lost\ncrafting tome, known only\nby the name ""Lutetium""."
4919,4,5,99,37,1,0,0,0,0,0,0,0,0x008D0F46,Protactinium Note,0x0091F4F1,"A fragment of a long lost\ncrafting tome, known only\nby the name ""Protactinium""."
4920,4,5,99,37,8,0,0,0,0,0,0,0,0x008D0F58,Fermium Note,0x0091F541,"A fragment of a long lost\ncrafting tome, known only\nby the name ""Fermium""."
4921,4,5,99,1,10,0,0,60000,0,0,0,0,0x008D0F65,Draguros Darkgem,0x0091F58C,A crystal thought to form\nduring energy compression.\nDenser than a Leadgem.
4922,4,5,99,31,0,0,0,60000,0,0,0,0,0x008D0F76,Drag Dreadtalon,0x0091F5D8,A rare Draguros claw.\nGives off a faint tingle\nat the slightest touch...
4923,4,5,99,23,0,0,0,0,0,0,0,0,0x008D0F86,Drag Risenscale,0x0091F621,Proof of slaying a phantom.\nA priceless item with no\nknown processing method.
4924,4,5,99,9,0,0,0,40000,0,0,0,0,0x008D0F96,Gravios Charshl,0x0091F66F,A resilient Gravios shell.\nForging it requires a great\ndeal of time and labor.
4925,4,5,99,9,0,0,0,50000,0,0,0,0,0x008D0FA6,Gravios Heatshl,0x0091F6BE,A Gravios shell reminiscent\nof a giant boulder. It still\nfeels warm to the touch...
4926,4,5,99,9,0,0,0,60000,0,0,0,0,0x008D0FB6,Gravios Blazeshl,0x0091F712,A shell carved from a rare\nGravios. Named for its lava\nrock-like appearance.
4927,4,5,99,31,0,0,0,5000,0,0,0,0,0x008D0FC7,Bdrome Sharptusk,0x0091F75F,A sharp Bulldrome tusk. Its\ncurved tip prevents it from\nbreaking during charges.
4928,4,5,99,31,0,0,0,10000,0,0,0,0,0x008D0FD8,Bdrome Ragetusk,0x0091F7B0,"A giant Bulldrome tusk.\nDespite its toughness, it's\nlight and easy to work with."
4929,4,5,99,31,0,0,0,15000,0,0,0,0,0x008D0FE8,Bdrome Apextusk,0x0091F801,A majestic Bulldrome tusk.\nIts scars are a testament\nto the beast's ferocity.
4930,4,5,99,23,10,0,0,50000,0,0,0,0,0x008D0FF8,Akantor Deathscl,0x0091F84F,A superior Akantor scale.\nSimilar to lava in both\ntexture and appearance.
4931,4,5,99,31,10,0,0,60000,0,0,0,0,0x008D1009,Akantor Impaler,0x0091F899,"Once it pierces through, no\nhand could possibly remove\nthis fierce Akantor claw."
4932,4,5,99,10,3,0,0,20000,0,0,0,0,0x008D1019,Stately Beak,0x0091F8EA,An abnormally large Blue\nKut-Ku beak. Surprisingly\nlight for its size.
4933,4,5,99,10,3,0,0,30000,0,0,0,0,0x008D1026,Pompous Beak,0x0091F931,A truly pompous Blue Yian\nKut-Ku beak. Makes a plesant\nsound when tapped.
4934,4,5,99,33,3,0,0,0,0,0,0,0,0x000D7421,４４０６ダミー,0x0000276D,ダミー
4935,4,5,99,31,10,0,0,40000,0,0,0,0,0x008D1033,Warped Horn,0x0091F97B,A violently twisted Black\nDiablos horn. Beloved as\nroom decor.
4936,4,5,99,31,10,0,0,50000,0,0,0,0,0x008D103F,Contorted Horn,0x0091F9BA,"The horn of a fierce Black\nDiablos. When polished, it\ngleams with striking beauty."
4937,2,3,3,33,10,0,0,1,0,0,0,0,0x008D104E,Halk Quill,0x0091FA0D,Dropped by the Halk at the\nend of a Quest. Used as a\ncombination material.
4938,2,3,3,33,1,0,0,1,0,0,0,0,0x008D1059,Halk Flamequill,0x0091FA58,Dropped by the Halk at the\nend of a Quest. Used as a\ncombination material.
4939,2,3,3,33,6,0,0,1,0,0,0,0,0x008D1069,Halk Aquaquill,0x0091FAA3,Dropped by the Halk at the\nend of a Quest. Used as a\ncombination material.
4940,2,3,3,33,0,0,0,1,0,0,0,0,0x008D1078,Halk Frostquill,0x0091FAEE,Dropped by the Halk at the\nend of a Quest. Used as a\ncombination material.
4941,2,3,3,33,4,0,0,1,0,0,0,0,0x008D1088,Halk Boltquill,0x0091FB39,Dropped by the Halk at the\nend of a Quest. Used as a\ncombination material.
4942,2,3,3,33,5,0,0,1,0,0,0,0,0x008D1097,Halk Dragonquill,0x0091FB84,Dropped by the Halk at the\nend of a Quest. Used as a\ncombination material.
4943,4,5,3,24,10,0,0,3,0,0,0,0,0x008D10A8,Affinity Drink,0x0091FBCF,Temporarily increases your\nAffinity when ingested.
4944,4,5,99,37,0,0,0,0,0,0,0,0,0x008D10B7,Hunter Design,0x00108AC7,憧れのハンターになれる\n装備を作るための型紙。\n狩りに行ける…かも？
4945,4,5,99,37,10,0,0,0,0,0,0,0,0x008D10C5,Tuxedo Design,0x00108B0A,スマートな紳士になれる\n服を作るための型紙。\n高級感たっぷり。
4946,4,5,99,37,6,0,0,0,0,0,0,0,0x008D10D3,Fluffy Design,0x00108B47,防寒機能を重視した、\n暖かい服を作るための型紙。\nアクセサリも充実。
4947,4,5,99,37,0,0,0,0,0,0,0,0,0x008D10E1,Chef Design,0x00108B8A,腕利きのコックになれる\n服を作るための型紙。\n選りすぐりの道具付き。
4948,4,5,99,37,8,0,0,0,0,0,0,0,0x008D10ED,Lovely Design,0x00108BCD,日々の疲れを癒す、\nラブリーな雰囲気いっぱいの\n部屋を作るための図面。
4949,4,5,99,37,7,0,0,0,0,0,0,0,0x008D10FB,Fort Design,0x00108C12,緊張感漂う砦をモチーフに\nした部屋を作るための図面。\nハンター気分が高まる。
4950,4,5,99,24,6,0,200,100,0,0,0,0,0x008D1107,Dietary Feed,0x00108C5D,ダイエットを目的として\n作られた食べ物。\n人間には効果がない。
4951,4,5,99,24,8,0,200,100,0,0,0,0,0x008D1114,Plump Feed,0x00108C9A,筋肉をつけることを目的と\nして作られた食べ物。\n人間には効果がない。
4952,4,5,1,80,7,0,0,0,0,0,0,0,0x008D111F,Life Elixir,0x00108CDD,飲むことで元気が満ち満ちて\nくる。あまりに強力すぎるため\n一日の服用量に限りがある。
4953,4,5,3,24,1,0,0,3,0,0,0,0,0x008D112B,Flaming Drink,0x0091FC02,Temporarily increases your\nweapon's Fire damage when\ningested.
4954,4,5,3,24,6,0,0,3,0,0,0,0,0x008D1139,Hydrating Drink,0x0091FC41,Temporarily increases your\nweapon's Water damage when\ningested.
4955,4,5,3,24,0,0,0,3,0,0,0,0,0x008D1149,Frigid Drink,0x0091FC81,Temporarily increases your\nweapon's Ice damage when\ningested.
4956,4,5,3,24,4,0,0,3,0,0,0,0,0x008D1156,Shocking Drink,0x0091FCBF,Temporarily increases your\nweapon's Thunder damage when\ningested.
4957,4,5,3,24,5,0,0,3,0,0,0,0,0x008D1165,Draconic Drink,0x0091FD01,Temporarily increases your\nweapon's Dragon damage when\ningested.
4958,3,4,99,14,7,0,0,300,0,0,0,0,0x008D1174,Gogomoa Pelt,0x00108ECF,丈夫なゴゴモアの体毛。\n美しい朱色の体毛は、\n女性ハンターに人気がある。
4959,3,4,99,31,7,0,0,600,0,0,0,0,0x008D1181,Gogomoa Fang,0x00108F16,ゴゴモアの牙。\n牙獣種の牙としては小さいが、\n食い込むとなかなか外れない。
4960,3,4,99,31,7,0,0,1300,0,0,0,0,0x008D118E,Gogomoa Claw,0x00108F5F,大きく発達した爪。\nゴゴモアは、この爪を器用に\n使い木の上で生活する。
4961,3,4,99,31,7,0,0,1500,0,0,0,0,0x008D119B,Gogomoa Horn,0x00108FA4,螺旋模様のゴゴモアの角。\n螺旋の数によって年齢が\nわかるという。
4962,3,4,99,9,7,0,0,1750,0,0,0,0,0x008D11A8,Gogomoa Tail,0x00108FE3,しなやかなゴゴモアの尾。\n強靭でしなやかな尾は、\n多くの武器の素材となる。
4963,3,4,99,14,7,0,0,3800,0,0,0,0,0x008D11B5,Kokomoa Pelt,0x0010902C,ゴゴモアの背中に残っていた、\nココモアの毛。\n傷みやすいため扱いが難しい。
4964,4,5,99,14,7,0,0,700,0,0,0,0,0x008D11C2,Gogomoa Pelt+,0x00109075,ゴゴモアの美しく上質な毛。\n朱色の毛の中に、銀色の毛が\n混じり高級感が漂う。
4965,4,5,99,31,7,0,0,950,0,0,0,0,0x008D11D0,Gogomoa Fang+,0x001090C0,狩猟中に折れることが多く、\nここまで原型をとどめている\nものは珍しい。
4966,4,5,99,31,7,0,0,1650,0,0,0,0,0x008D11DE,Gogomoa Claw+,0x00109105,過酷な環境で生き抜いてきた\nことがわかる爪。非常に硬く、\n鋭く削れている。
4967,4,5,99,31,7,0,0,1800,0,0,0,0,0x008D11EC,Gogomoa Horn+,0x0010914E,非常に立派なゴゴモアの角。\n加工が難しく、職人泣かせだ\nが素材としては一級品。
4968,4,5,99,9,7,0,0,2000,0,0,0,0,0x008D11FA,Gogomoa Tail+,0x0010919B,よりしなやかで強靭な\nゴゴモアの尾。\nここまで立派なものは珍しい。
4969,4,5,99,14,7,0,0,4500,0,0,0,0,0x008D1208,Kokomoa Pelt+,0x001091DC,生え変わったばかりの\n柔らかい体毛。狩人からは\n幸運なものとして珍重される。
4970,4,5,99,37,5,0,0,10000,0,0,0,0,0x008D1216,Gogomoa Cert.,0x0091FD42,A certificate given only to\nthose who've triumphed over\nthe most arduous of hunts.
4971,4,5,99,31,7,0,0,20000,0,0,0,0,0x008D1224,Beast Gleamhorn,0x0091FD95,A horn rarely carved from a\nfanged beast. Its luster is\na testament to its quality.
4972,4,5,99,43,4,0,0,0,0,1634,2,0,0x008D1234,Evasion 2 PA3,0x0091FDE9,A Haven Poogie Decoration.\nIncompatible with certain\noutfits.
4973,4,5,99,43,4,0,0,0,0,1635,2,0,0x008D1242,Sleep SC+ 2 PA1,0x0091FE27,A Haven Poogie Decoration.\nIncompatible with certain\noutfits.
4974,4,5,99,43,4,0,0,0,0,1636,2,0,0x008D1252,Para SC+ 2 PA1,0x0091FE65,A Haven Poogie Decoration.\nIncompatible with certain\noutfits.
4975,4,5,99,43,4,0,0,0,0,1637,2,0,0x008D1261,FastCharge 2 PA1,0x0091FEA3,A Haven Poogie Decoration.\nIncompatible with certain\noutfits.
4976,4,5,99,43,4,0,0,0,0,1638,2,0,0x008D1272,Stamina 2 PA1,0x0091FEE1,A Haven Poogie Decoration.\nIncompatible with certain\noutfits.
4977,4,5,99,43,4,0,0,0,0,1639,2,0,0x008D1280,Wind Res 2 PA1,0x0091FF1F,A Haven Poogie Decoration.\nIncompatible with certain\noutfits.
4978,4,5,99,43,4,0,0,0,0,1640,2,0,0x008D128F,Eating 2 PA3,0x0091FF5D,A Haven Poogie Decoration.\nIncompatible with certain\noutfits.
4979,4,5,99,43,4,0,0,0,0,1641,2,0,0x008D129C,Eating 2 PA4,0x0091FF9B,A Haven Poogie Decoration.\nIncompatible with certain\noutfits.
4980,4,5,99,43,4,0,0,0,0,1642,2,0,0x008D12A9,Psychic 2 PA3,0x0091FFD9,A Haven Poogie Decoration.\nIncompatible with certain\noutfits.
4981,4,5,99,43,4,0,0,0,0,1643,2,0,0x008D12B7,Psychic 2 PA4,0x00920017,A Haven Poogie Decoration.\nIncompatible with certain\noutfits.
4982,4,5,99,43,4,0,0,0,0,1644,2,0,0x008D12C5,Recovery 2 PA1,0x00920055,A Haven Poogie Decoration.\nIncompatible with certain\noutfits.
4983,4,5,99,43,4,0,0,0,0,1645,2,0,0x008D12D4,Recovery 2 PA2,0x00920093,A Haven Poogie Decoration.\nIncompatible with certain\noutfits.
4984,4,5,99,43,4,0,0,0,0,1646,2,0,0x008D12E3,Status 2 PB1,0x009200D1,A Haven Poogie Decoration.\nIncompatible with certain\noutfits.
4985,4,5,99,43,4,0,0,0,0,1647,2,0,0x008D12F0,Status 2 PB2,0x0092010F,A Haven Poogie Decoration.\nIncompatible with certain\noutfits.
4986,4,5,99,43,4,0,0,0,0,1648,2,0,0x008D12FD,Elemental 2 PB1,0x0092014D,A Haven Poogie Decoration.\nIncompatible with certain\noutfits.
4987,4,5,99,43,4,0,0,0,0,1649,2,0,0x008D130D,Elemental 2 PB2,0x0092018B,A Haven Poogie Decoration.\nIncompatible with certain\noutfits.
4988,4,5,99,43,4,0,0,0,0,1650,2,0,0x008D131D,Elemental 2 PB3,0x009201C9,A Haven Poogie Decoration.\nIncompatible with certain\noutfits.
4989,4,5,99,43,4,0,0,0,0,1651,2,0,0x008D132D,Elemental 2 PB4,0x00920207,A Haven Poogie Decoration.\nIncompatible with certain\noutfits.
4990,4,5,99,43,4,0,0,0,0,1652,2,0,0x008D133D,Elemental 2 PB5,0x00920245,A Haven Poogie Decoration.\nIncompatible with certain\noutfits.
4991,4,5,99,43,4,0,0,0,0,1653,2,0,0x008D134D,Elemental 2 PB6,0x00920283,A Haven Poogie Decoration.\nIncompatible with certain\noutfits.
4992,4,5,99,43,4,0,0,0,0,1654,2,0,0x008D135D,Stam Rec 2 PB1,0x009202C1,A Haven Poogie Decoration.\nIncompatible with certain\noutfits.
4993,4,5,99,43,4,0,0,0,0,1655,2,0,0x008D136C,Stam Rec 2 PB2,0x009202FF,A Haven Poogie Decoration.\nIncompatible with certain\noutfits.
4994,4,5,99,43,4,0,0,0,0,1656,2,0,0x008D137B,Handling 2 PB1,0x0092033D,A Haven Poogie Decoration.\nIncompatible with certain\noutfits.
4995,4,5,99,43,4,0,0,0,0,1657,2,0,0x008D138A,Handling 2 PB2,0x0092037B,A Haven Poogie Decoration.\nIncompatible with certain\noutfits.
4996,4,5,99,43,4,0,0,0,0,1658,2,0,0x008D1399,Eating 2 PB1,0x009203B9,A Haven Poogie Decoration.\nIncompatible with certain\noutfits.
4997,4,5,99,43,4,0,0,0,0,1659,2,0,0x008D13A6,Eating 2 PB2,0x009203F7,A Haven Poogie Decoration.\nIncompatible with certain\noutfits.
4998,4,5,99,43,4,0,0,0,0,1660,2,0,0x008D13B3,Eating 2 PB3,0x00920435,A Haven Poogie Decoration.\nIncompatible with certain\noutfits.
4999,4,5,99,43,4,0,0,0,0,1661,2,0,0x008D13C0,Eating 2 PB4,0x00920473,A Haven Poogie Decoration.\nIncompatible with certain\noutfits.
5000,4,5,99,43,4,0,0,0,0,1662,2,0,0x008D13CD,Tremor Res 2 PB1,0x009204B1,A Haven Poogie Decoration.\nIncompatible with certain\noutfits.
5001,4,5,99,43,4,0,0,0,0,1663,2,0,0x008D13DE,Tremor Res 2 PB2,0x009204EF,A Haven Poogie Decoration.\nIncompatible with certain\noutfits.
5002,4,5,99,43,4,0,0,0,0,1664,2,0,0x008D13EF,Tremor Res 2 PB3,0x0092052D,A Haven Poogie Decoration.\nIncompatible with certain\noutfits.
5003,4,5,99,43,4,0,0,0,0,1665,2,0,0x008D1400,Tremor Res 2 PB4,0x0092056B,A Haven Poogie Decoration.\nIncompatible with certain\noutfits.
5004,4,5,99,43,4,0,0,0,0,1666,2,0,0x008D1411,Combo Rate 2 PB1,0x009205A9,A Haven Poogie Decoration.\nIncompatible with certain\noutfits.
5005,4,5,99,43,4,0,0,0,0,1667,2,0,0x008D1422,Combo Rate 2 PB2,0x009205E7,A Haven Poogie Decoration.\nIncompatible with certain\noutfits.
5006,4,5,99,43,4,0,0,0,0,1668,2,0,0x008D1433,Combo Rate 2 PB3,0x00920625,A Haven Poogie Decoration.\nIncompatible with certain\noutfits.
5007,4,5,99,43,4,0,0,0,0,1669,2,0,0x008D1444,Combo Rate 2 PB4,0x00920663,A Haven Poogie Decoration.\nIncompatible with certain\noutfits.
5008,3,4,99,43,4,0,0,0,0,1670,2,0,0x008D1455,Normal Up 2 PC1,0x009206A1,A Haven Poogie Decoration.\nIncompatible with certain\noutfits.
5009,3,4,99,43,4,0,0,0,0,1671,2,0,0x008D1465,Normal Up 2 PC2,0x009206DF,A Haven Poogie Decoration.\nIncompatible with certain\noutfits.
5010,3,4,99,43,4,0,0,0,0,1672,2,0,0x008D1475,Normal Up 2 PC3,0x0092071D,A Haven Poogie Decoration.\nIncompatible with certain\noutfits.
5011,3,4,99,43,4,0,0,0,0,1673,2,0,0x008D1485,Normal Up 2 PC4,0x0092075B,A Haven Poogie Decoration.\nIncompatible with certain\noutfits.
5012,3,4,99,43,4,0,0,0,0,1674,2,0,0x008D1495,Pierce Up 2 PC1,0x00920799,A Haven Poogie Decoration.\nIncompatible with certain\noutfits.
5013,3,4,99,43,4,0,0,0,0,1675,2,0,0x008D14A5,Pierce Up 2 PC2,0x009207D7,A Haven Poogie Decoration.\nIncompatible with certain\noutfits.
5014,3,4,99,43,4,0,0,0,0,1676,2,0,0x008D14B5,Pierce Up 2 PC3,0x00920815,A Haven Poogie Decoration.\nIncompatible with certain\noutfits.
5015,3,4,99,43,4,0,0,0,0,1677,2,0,0x008D14C5,Pierce Up 2 PC4,0x00920853,A Haven Poogie Decoration.\nIncompatible with certain\noutfits.
5016,3,4,99,43,4,0,0,0,0,1678,2,0,0x008D14D5,Pellet Up 2 PC4,0x00920891,A Haven Poogie Decoration.\nIncompatible with certain\noutfits.
5017,3,4,99,43,4,0,0,0,0,1679,2,0,0x008D14E5,Pellet Up 2 PC5,0x009208CF,A Haven Poogie Decoration.\nIncompatible with certain\noutfits.
5018,3,4,99,43,4,0,0,0,0,1680,2,0,0x008D14F5,Pellet Up 2 PC6,0x0092090D,A Haven Poogie Decoration.\nIncompatible with certain\noutfits.
5019,3,4,99,43,4,0,0,0,0,1681,2,0,0x008D1505,Pellet Up 2 PC7,0x0092094B,A Haven Poogie Decoration.\nIncompatible with certain\noutfits.
5020,3,4,99,43,4,0,0,0,0,1682,2,0,0x008D1515,FastCharge 2 PC4,0x00920989,A Haven Poogie Decoration.\nIncompatible with certain\noutfits.
5021,3,4,99,43,4,0,0,0,0,1683,2,0,0x008D1526,FastCharge 2 PC5,0x009209C7,A Haven Poogie Decoration.\nIncompatible with certain\noutfits.
5022,3,4,99,43,4,0,0,0,0,1684,2,0,0x008D1537,FastCharge 2 PC6,0x00920A05,A Haven Poogie Decoration.\nIncompatible with certain\noutfits.
5023,3,4,99,43,4,0,0,0,0,1685,2,0,0x008D1548,FastCharge 2 PC7,0x00920A43,A Haven Poogie Decoration.\nIncompatible with certain\noutfits.
5024,3,4,99,43,4,0,0,0,0,1686,2,0,0x008D1559,Guts 2 PC4,0x00920A81,A Haven Poogie Decoration.\nIncompatible with certain\noutfits.
5025,3,4,99,43,4,0,0,0,0,1687,2,0,0x008D1564,Guts 2 PC5,0x00920ABF,A Haven Poogie Decoration.\nIncompatible with certain\noutfits.
5026,3,4,99,43,4,0,0,0,0,1688,2,0,0x008D156F,Guts 2 PC6,0x00920AFD,A Haven Poogie Decoration.\nIncompatible with certain\noutfits.
5027,3,4,99,43,4,0,0,0,0,1689,2,0,0x008D157A,Guts 2 PC7,0x00920B3B,A Haven Poogie Decoration.\nIncompatible with certain\noutfits.
5028,3,4,99,43,4,0,0,0,0,1690,2,0,0x008D1585,SpeedSetup 2 PC4,0x00920B79,A Haven Poogie Decoration.\nIncompatible with certain\noutfits.
5029,3,4,99,43,4,0,0,0,0,1691,2,0,0x008D1596,SpeedSetup 2 PC5,0x00920BB7,A Haven Poogie Decoration.\nIncompatible with certain\noutfits.
5030,3,4,99,43,4,0,0,0,0,1692,2,0,0x008D15A7,SpeedSetup 2 PC6,0x00920BF5,A Haven Poogie Decoration.\nIncompatible with certain\noutfits.
5031,3,4,99,43,4,0,0,0,0,1693,2,0,0x008D15B8,SpeedSetup 2 PC7,0x00920C33,A Haven Poogie Decoration.\nIncompatible with certain\noutfits.
5032,3,4,99,43,4,0,0,0,0,1694,2,0,0x008D15C9,Sharpener 2 PC4,0x00920C71,A Haven Poogie Decoration.\nIncompatible with certain\noutfits.
5033,3,4,99,43,4,0,0,0,0,1695,2,0,0x008D15D9,Sharpener 2 PC5,0x00920CAF,A Haven Poogie Decoration.\nIncompatible with certain\noutfits.
5034,3,4,99,43,4,0,0,0,0,1696,2,0,0x008D15E9,Sharpener 2 PC6,0x00920CED,A Haven Poogie Decoration.\nIncompatible with certain\noutfits.
5035,3,4,99,43,4,0,0,0,0,1697,2,0,0x008D15F9,Sharpener 2 PC7,0x00920D2B,A Haven Poogie Decoration.\nIncompatible with certain\noutfits.
5036,3,4,99,43,4,0,0,0,0,1698,2,0,0x008D1609,Para SC+ 2 PC4,0x00920D69,A Haven Poogie Decoration.\nIncompatible with certain\noutfits.
5037,3,4,99,43,4,0,0,0,0,1699,2,0,0x008D1618,Para SC+ 2 PC5,0x00920DA7,A Haven Poogie Decoration.\nIncompatible with certain\noutfits.
5038,3,4,99,43,4,0,0,0,0,1700,2,0,0x008D1627,Bomb SC+ 2 PC4,0x00920DE5,A Haven Poogie Decoration.\nIncompatible with certain\noutfits.
5039,3,4,99,43,4,0,0,0,0,1701,2,0,0x008D1636,Bomb SC+ 2 PC5,0x00920E23,A Haven Poogie Decoration.\nIncompatible with certain\noutfits.
5040,3,4,99,43,4,0,0,0,0,1702,2,0,0x008D1645,Bomb SC+ 2 PC6,0x00920E61,A Haven Poogie Decoration.\nIncompatible with certain\noutfits.
5041,3,4,99,43,4,0,0,0,0,1703,2,0,0x008D1654,Fire SC+ 2 PC4,0x00920E9F,A Haven Poogie Decoration.\nIncompatible with certain\noutfits.
5042,3,4,99,43,4,0,0,0,0,1704,2,0,0x008D1663,Fire SC+ 2 PC5,0x00920EDD,A Haven Poogie Decoration.\nIncompatible with certain\noutfits.
5043,3,4,99,43,4,0,0,0,0,1705,2,0,0x008D1672,Fire SC+ 2 PC6,0x00920F1B,A Haven Poogie Decoration.\nIncompatible with certain\noutfits.
5044,3,4,99,43,4,0,0,0,0,1706,2,0,0x008D1681,Recovery 2 PC1,0x00920F59,A Haven Poogie Decoration.\nIncompatible with certain\noutfits.
5045,3,4,99,43,4,0,0,0,0,1707,2,0,0x008D1690,Recovery 2 PC2,0x00920F97,A Haven Poogie Decoration.\nIncompatible with certain\noutfits.
5046,3,4,99,43,4,0,0,0,0,1708,2,0,0x008D169F,Recovery 2 PC3,0x00920FD5,A Haven Poogie Decoration.\nIncompatible with certain\noutfits.
5047,3,4,99,43,4,0,0,0,0,1709,2,0,0x008D16AE,Hunger 2 PC1,0x00921013,A Haven Poogie Decoration.\nIncompatible with certain\noutfits.
5048,3,4,99,43,4,0,0,0,0,1710,2,0,0x008D16BB,Hunger 2 PC2,0x00921051,A Haven Poogie Decoration.\nIncompatible with certain\noutfits.
5049,3,4,99,43,4,0,0,0,0,1711,2,0,0x008D16C8,Hunger 2 PC3,0x0092108F,A Haven Poogie Decoration.\nIncompatible with certain\noutfits.
5050,3,4,99,43,4,0,0,0,0,1712,2,0,0x008D16D5,Artillery 2 PC1,0x009210CD,A Haven Poogie Decoration.\nIncompatible with certain\noutfits.
5051,3,4,99,43,4,0,0,0,0,1713,2,0,0x008D16E5,Artillery 2 PC2,0x0092110B,A Haven Poogie Decoration.\nIncompatible with certain\noutfits.
5052,3,4,99,43,4,0,0,0,0,1714,2,0,0x008D16F5,Artillery 2 PC3,0x00921149,A Haven Poogie Decoration.\nIncompatible with certain\noutfits.
5053,3,4,99,43,4,0,0,0,0,1715,2,0,0x008D1705,Bond 2 PC4,0x00921187,A Haven Poogie Decoration.\nIncompatible with certain\noutfits.
5054,3,4,99,43,4,0,0,0,0,1716,2,0,0x008D1710,Bond 2 PC5,0x009211C5,A Haven Poogie Decoration.\nIncompatible with certain\noutfits.
5055,3,4,99,43,4,0,0,0,0,1717,2,0,0x008D171B,Bond 2 PC6,0x00921203,A Haven Poogie Decoration.\nIncompatible with certain\noutfits.
5056,3,4,99,43,4,0,0,0,0,1718,2,0,0x008D1726,LastingPwr 2 PC4,0x00921241,A Haven Poogie Decoration.\nIncompatible with certain\noutfits.
5057,3,4,99,43,4,0,0,0,0,1719,2,0,0x008D1737,LastingPwr 2 PC5,0x0092127F,A Haven Poogie Decoration.\nIncompatible with certain\noutfits.
5058,3,4,99,43,4,0,0,0,0,1720,2,0,0x008D1748,LastingPwr 2 PC6,0x009212BD,A Haven Poogie Decoration.\nIncompatible with certain\noutfits.
5059,3,4,99,43,4,0,0,0,0,1721,2,0,0x008D1759,WideRange 2 PC1,0x009212FB,A Haven Poogie Decoration.\nIncompatible with certain\noutfits.
5060,3,4,99,43,4,0,0,0,0,1722,2,0,0x008D1769,WideRange 2 PC2,0x00921339,A Haven Poogie Decoration.\nIncompatible with certain\noutfits.
5061,3,4,99,43,4,0,0,0,0,1723,2,0,0x008D1779,WideRange 2 PC3,0x00921377,A Haven Poogie Decoration.\nIncompatible with certain\noutfits.
5062,3,4,99,43,4,0,0,0,0,1724,2,0,0x008D1789,Whim 2 PC1,0x009213B5,A Haven Poogie Decoration.\nIncompatible with certain\noutfits.
5063,3,4,99,43,4,0,0,0,0,1725,2,0,0x008D1794,Whim 2 PC2,0x009213F3,A Haven Poogie Decoration.\nIncompatible with certain\noutfits.
5064,3,4,99,43,4,0,0,0,0,1726,2,0,0x008D179F,Whim 2 PC3,0x00921431,A Haven Poogie Decoration.\nIncompatible with certain\noutfits.
5065,3,4,99,43,4,0,0,0,0,1727,2,0,0x008D17AA,Dragon Res 2 PC1,0x0092146F,A Haven Poogie Decoration.\nIncompatible with certain\noutfits.
5066,3,4,99,43,4,0,0,0,0,1728,2,0,0x008D17BB,Dragon Res 2 PC2,0x009214AD,A Haven Poogie Decoration.\nIncompatible with certain\noutfits.
5067,3,4,99,43,4,0,0,0,0,1729,2,0,0x008D17CC,Dragon Res 2 PC3,0x009214EB,A Haven Poogie Decoration.\nIncompatible with certain\noutfits.
5068,4,5,99,43,4,0,0,0,0,1730,2,0,0x008D17DD,Normal Up 2 PA1,0x00921529,A Haven Poogie Decoration.\nIncompatible with certain\noutfits.
5069,4,5,99,43,4,0,0,0,0,1731,2,0,0x008D17ED,Ammo Mixer 2 PA3,0x00921567,A Haven Poogie Decoration.\nIncompatible with certain\noutfits.
5070,4,5,99,43,4,0,0,0,0,1732,2,0,0x008D17FE,FastCharge 2 PB1,0x009215A5,A Haven Poogie Decoration.\nIncompatible with certain\noutfits.
5071,4,5,99,43,4,0,0,0,0,1733,2,0,0x008D180F,FastCharge 2 PB2,0x009215E3,A Haven Poogie Decoration.\nIncompatible with certain\noutfits.
5072,4,5,99,43,4,0,0,0,0,1734,2,0,0x008D1820,Eating 2 PB5,0x00921621,A Haven Poogie Decoration.\nIncompatible with certain\noutfits.
5073,4,5,99,43,4,0,0,0,0,1735,2,0,0x008D182D,Eating 2 PB6,0x0092165F,A Haven Poogie Decoration.\nIncompatible with certain\noutfits.
5074,3,4,99,43,4,0,0,0,0,1736,2,0,0x008D183A,Protection 2 PC1,0x0092169D,A Haven Poogie Decoration.\nIncompatible with certain\noutfits.
5075,3,4,99,43,4,0,0,0,0,1737,2,0,0x008D184B,Protection 2 PC2,0x009216DB,A Haven Poogie Decoration.\nIncompatible with certain\noutfits.
5076,3,4,99,43,4,0,0,0,0,1738,2,0,0x008D185C,PoisonSC+ 2 PC4,0x00921719,A Haven Poogie Decoration.\nIncompatible with certain\noutfits.
5077,3,4,99,43,4,0,0,0,0,1739,2,0,0x008D186C,PoisonSC+ 2 PC5,0x00921757,A Haven Poogie Decoration.\nIncompatible with certain\noutfits.
5078,3,4,99,43,4,0,0,0,0,1740,2,0,0x008D187C,PoisonSC+ 2 PC6,0x00921795,A Haven Poogie Decoration.\nIncompatible with certain\noutfits.
5079,3,4,99,43,4,0,0,0,0,1741,2,0,0x008D188C,DragonAtk 2 PC1,0x009217D3,A Haven Poogie Decoration.\nIncompatible with certain\noutfits.
5080,3,4,99,43,4,0,0,0,0,1742,2,0,0x008D189C,DragonAtk 2 PC2,0x00921811,A Haven Poogie Decoration.\nIncompatible with certain\noutfits.
5081,3,4,99,43,4,0,0,0,0,1743,2,0,0x008D18AC,DragonAtk 2 PC3,0x0092184F,A Haven Poogie Decoration.\nIncompatible with certain\noutfits.
5082,3,4,99,43,4,0,0,0,0,1744,2,0,0x008D18BC,Ammo Mixer 2 PC4,0x0092188D,A Haven Poogie Decoration.\nIncompatible with certain\noutfits.
5083,3,4,99,43,4,0,0,0,0,1745,2,0,0x008D18CD,Ammo Mixer 2 PC5,0x009218CB,A Haven Poogie Decoration.\nIncompatible with certain\noutfits.
5084,4,5,99,43,8,0,100000,5000,0,1746,1,0,0x008D18DE,Precision 2 SA1,0x00921909,A Haven Poogie Decoration.\nCompatible with all outfits.
5085,4,5,99,43,8,0,100000,5000,0,1747,1,0,0x008D18EE,ReloadSpd 2 SA1,0x00921941,A Haven Poogie Decoration.\nCompatible with all outfits.
5086,4,5,99,43,8,0,10000,500,0,1748,1,0,0x008D18FE,Eating 2 SB1,0x00921979,A Haven Poogie Decoration.\nCompatible with all outfits.
5087,4,5,99,43,8,0,10000,500,0,1749,1,0,0x008D190B,Gathering 2 SB3,0x009219B1,A Haven Poogie Decoration.\nCompatible with all outfits.
5088,4,5,99,43,8,0,10000,500,0,1750,1,0,0x008D191B,SpdGather 2 SB1,0x009219E9,A Haven Poogie Decoration.\nCompatible with all outfits.
5089,4,5,99,43,8,0,10000,500,0,1751,1,0,0x008D192B,Psychic 2 SB3,0x00921A21,A Haven Poogie Decoration.\nCompatible with all outfits.
5090,3,4,99,43,8,0,1000,50,0,1752,1,0,0x008D1939,Ice SC+ 2 SC1,0x00921A59,A Haven Poogie Decoration.\nCompatible with all outfits.
5091,3,4,99,43,8,0,1000,50,0,1753,1,0,0x008D1947,Drgn SC+ 2 SC1,0x00921A91,A Haven Poogie Decoration.\nCompatible with all outfits.
5092,3,4,99,43,8,0,1000,50,0,1754,1,0,0x008D1956,Thndr SC+ 2 SC1,0x00921AC9,A Haven Poogie Decoration.\nCompatible with all outfits.
5093,3,4,99,43,8,0,1000,50,0,1755,1,0,0x008D1966,Maestro 2 SC3,0x00921B01,A Haven Poogie Decoration.\nCompatible with all outfits.
5094,3,4,99,43,8,0,1000,50,0,1756,1,0,0x008D1974,LastingPwr 2 SC3,0x00921B39,A Haven Poogie Decoration.\nCompatible with all outfits.
5095,3,4,99,43,8,0,1000,50,0,1757,1,0,0x008D1985,Defense 2 SC5,0x00921B71,A Haven Poogie Decoration.\nCompatible with all outfits.
5096,3,4,99,43,8,0,1000,50,0,1758,1,0,0x008D1993,Rec Speed 2 SC5,0x00921BA9,A Haven Poogie Decoration.\nCompatible with all outfits.
5097,3,4,99,43,8,0,1000,50,0,1759,1,0,0x008D19A3,Alchemy 2 SC5,0x00921BE1,A Haven Poogie Decoration.\nCompatible with all outfits.
5098,3,4,99,43,8,0,1000,50,0,1760,1,0,0x008D19B1,Perception 2 SC5,0x00921C19,A Haven Poogie Decoration.\nCompatible with all outfits.
5099,3,4,99,43,8,0,1000,50,0,1761,1,0,0x008D19C2,Auto-Guard 2 SC5,0x00921C51,A Haven Poogie Decoration.\nCompatible with all outfits.
5100,6,7,99,43,1,0,100000,100,7,1762,0,0,0x008D19D3,Attack Jewel+,0x00921C89,A Decoration for experts\nenchanted by rich skill\ncombinations.
5101,6,7,99,43,1,0,100000,100,7,1763,0,0,0x008D19E1,Gobbler Jewel+,0x00921CC8,A Decoration for experts\nenchanted by rich skill\ncombinations.
5102,6,7,99,43,4,0,100000,100,7,1764,0,0,0x008D19F0,Grinder Jewel+,0x00921D07,A Decoration for experts\nenchanted by rich skill\ncombinations.
5103,4,5,99,43,8,0,2400,240,7,1765,0,0,0x008D19FF,Charger Jewel 1,0x00921D46,A Decoration that boosts\nFastCharge skills.
5104,4,5,99,43,8,0,2400,240,7,1766,0,0,0x008D1A0F,Bond Jewel 1,0x00921D72,A Decoration that boosts\nBond skills.
5105,4,5,99,43,1,0,2400,240,7,1767,0,0,0x008D1A1C,Capture Jewel 1,0x00921D98,A Decoration that boosts\nPerception skills.
5106,4,5,99,43,6,0,2400,240,7,1768,0,0,0x008D1A2C,Acrobat Jewel 1,0x00921DC4,A Decoration that boosts\nAcrobat skills.
5107,4,5,99,43,4,0,2400,240,7,1769,0,0,0x008D1A3C,Sonorous Jewel 1,0x00921DED,A Decoration that boosts\nMaestro skills.
5108,4,5,99,43,2,0,2400,240,7,1770,0,0,0x008D1A4D,Trapmaster Jwl 1,0x00921E16,A Decoration that boosts\nSpeedSetup skills.
5109,4,5,99,43,7,0,2400,240,7,1771,0,0,0x008D1A5E,Pressure Jewel 1,0x00921E42,A Decoration that boosts\nPressure skills.
5110,4,5,99,43,0,0,0,0,0,0,0,0,0x008D1A6F,Crane Jewel,0x00921E6C,An indispensable item used\nin Decorations. Exceedingly\nrare and valuable.
5111,4,5,99,43,1,0,0,0,0,0,0,0,0x008D1A7B,Cat's Eye Jewel,0x00921EB6,An indispensable item used\nin Decorations. Exceedingly\nrare and valuable.
5112,4,5,99,43,2,0,0,0,0,0,0,0,0x008D1A8B,Testudine Jewel,0x00921F00,An indispensable item used\nin Decorations. Exceedingly\nrare and valuable.
5113,4,5,99,9,5,0,20000,2000,0,0,0,0,0x008D1A9B,E.Dragon Marrow,0x00921F4A,Carefully extracted elder\ndragon marrow. Preserving\nit requires great skill.
5114,4,5,30,38,0,0,0,0,5,0,0,0,0x008D1AAB,Throwing Knife+,0x00921F97,An upgraded Throwing Knife.\nCrafting them requires the \nright skill. ~C05(Supply Item)~C00
5115,4,5,30,6,0,0,100,20,5,0,0,0,0x008D1ABB,Knife Kit,0x00921FF2,A disposable kit that allows\nyou to craft throwing knives\nduring a Quest.
5116,4,5,5,26,0,34,500,80,5,0,0,0,0x008D1AC5,Acid S,0x0092203C,Potent acid-filled ammo that\nsoftens its point of impact.\nCapacity: 5
5117,4,5,5,26,1,35,500,80,5,0,0,0,0x008D1ACC,Fire Acid S,0x00922082,Ammo filled with a special\nacid that weakens elemental\nresistance. Capacity: 5
5118,4,5,5,26,6,36,500,80,5,0,0,0,0x008D1AD8,Water Acid S,0x009220D1,Ammo filled with a special\nacid that weakens elemental\nresistance. Capacity: 5
5119,4,5,5,26,4,37,500,80,5,0,0,0,0x008D1AE5,Thunder Acid S,0x00922120,Ammo filled with a special\nacid that weakens elemental\nresistance. Capacity: 5
5120,4,5,5,26,3,38,500,80,5,0,0,0,0x008D1AF4,Ice Acid S,0x0092216F,Ammo filled with a special\nacid that weakens elemental\nresistance. Capacity: 5
5121,4,5,5,26,5,39,500,80,5,0,0,0,0x008D1AFF,Dragon Acid S,0x009221BE,Ammo filled with a special\nacid that weakens elemental\nresistance. Capacity: 5
5122,4,5,5,82,1,0,0,0,5,0,0,0,0x008D1B0D,Fire Res Berry,0x0092220D,Its effect persists even\nafter fainting. Only one\ncan be eaten per Quest.
5123,4,5,5,82,6,0,0,0,5,0,0,0,0x008D1B1C,Water Res Berry,0x00922257,Its effect persists even\nafter fainting. Only one\ncan be eaten per Quest.
5124,4,5,5,82,5,0,0,0,5,0,0,0,0x008D1B2C,Dragon Res Berry,0x009222A1,Its effect persists even\nafter fainting. Only one\ncan be eaten per Quest.
5125,4,5,5,82,4,0,0,0,5,0,0,0,0x008D1B3D,Stamina Berry,0x009222EB,Its effect persists even\nafter fainting. Only one\ncan be eaten per Quest.
5126,4,5,5,82,1,0,0,0,5,0,0,0,0x008D1B4B,Ele Attack Berry,0x00922335,Its effect persists even\nafter fainting. Only one\ncan be eaten per Quest.
5127,4,5,1,35,8,0,0,0,5,0,0,0,0x008D1B5C,Strength Powder,0x0092237F,Temporarily strengthens the\nAttack and Defense of anyone\nin the vicinity.
5128,4,5,99,37,5,0,100000,10000,0,0,0,0,0x008D1B6C,Abiorg Cert. D,0x009223C9,A certificate given only to\nthose who've triumphed over\nthe most arduous of hunts.
5129,4,5,1,35,6,0,0,0,5,0,0,0,0x008D1B7B,Status Powder,0x0092241C,Cures status ailments and\nrestores the Health of\nanyone in the vicinity.
5130,4,5,99,1,2,0,0,5000,0,0,0,0,0x008D1B89,Lrg F.Wyvern Gem,0x00922465,A rare gem formed inside\nflying wyverns. Prized as\na versatile catalyst.
5131,4,5,99,6,6,0,0,0,0,0,0,0,0x008D1B9A,Sturdy Wind Box,0x009224AE,A sturdy box capable of\ntemporarily storing a\nlarge amount of wind.
5132,4,5,99,33,10,0,0,0,0,0,0,0,0x008D1BAA,Tuning Fork,0x009224F2,"When sounded, it will keep\nresonating until manually\nstopped."
5133,4,5,99,37,4,0,0,0,0,0,0,0,0x008D1BB6,Rivet Hammer Tkt,0x00922530,Instructions on forging the\nRivet Hammer. Bring them to\nthe Smithy!
5134,4,5,99,37,7,0,0,0,0,0,0,0,0x008D1BC7,Rivet Impact Tkt,0x00922574,Instructions on forging the\nRivet Impact. Bring them to\nthe Smithy!
5135,4,5,99,37,10,0,0,0,0,0,0,0,0x008D1BD8,Guardian Ode Tkt,0x009225B8,Instructions on forging the\nGuardian's Ode. Bring them\nto the Smithy!
5136,4,5,99,37,5,0,0,0,0,0,0,0,0x008D1BE9,ProtectorOdeTkt,0x009225FE,Instructions on forging the\nProtector's Ode. Bring them\nto the Smithy!
5137,4,5,99,31,10,0,0,0,0,0,0,0,0x008D1BF9,Large Fang Shard,0x001097E8,巨大な牙の破片。\n握りしめると根拠のない自信\nが湧いてくる。
5138,4,5,99,9,10,0,0,0,0,0,0,0,0x008D1C0A,Giant Skull,0x00109823,巨大すぎる頭殻の一部。\nそばに置いて寝ると、成功を\n掴む夢を見られる。
5139,4,5,99,37,4,0,0,0,0,0,0,0,0x008D1C16,Couture Tkt H,0x00922645,Instructions on forging the\nCouture armor. Bring them to\nthe Smithy!
5140,4,5,99,37,4,0,0,0,0,0,0,0,0x008D1C24,Couture Tkt C,0x0092268A,Instructions on forging the\nCouture armor. Bring them to\nthe Smithy!
5141,4,5,99,37,4,0,0,0,0,0,0,0,0x008D1C32,Couture Tkt A,0x009226CF,Instructions on forging the\nCouture armor. Bring them to\nthe Smithy!
5142,4,5,99,37,4,0,0,0,0,0,0,0,0x008D1C40,Couture Tkt W,0x00922714,Instructions on forging the\nCouture armor. Bring them to\nthe Smithy!
5143,4,5,99,37,4,0,0,0,0,0,0,0,0x008D1C4E,Couture Tkt L,0x00922759,Instructions on forging the\nCouture armor. Bring them to\nthe Smithy!
5144,4,5,99,33,1,0,0,0,0,0,0,0,0x008D1C5C,Small Red Shell,0x0092279E,A fragment of a monster's\nshell. Too small to be used\nas a material on its own.
5145,4,5,99,33,3,0,0,0,0,0,0,0,0x008D1C6C,Small Blue Shell,0x009227EE,A fragment of a monster's\nshell. Too small to be used\nas a material on its own.
5146,4,5,99,33,2,0,0,0,0,0,0,0,0x008D1C7D,Small Grn Shell,0x0092283E,A fragment of a monster's\nshell. Too small to be used\nas a material on its own.
5147,4,5,99,33,8,0,0,0,0,0,0,0,0x008D1C8D,Small Pink Shell,0x0092288E,A fragment of a monster's\nshell. Too small to be used\nas a material on its own.
5148,4,5,99,33,0,0,0,0,0,0,0,0,0x008D1C9E,Small Wht Shell,0x009228DE,A fragment of a monster's\nshell. Too small to be used\nas a material on its own.
5149,4,5,99,33,10,0,0,0,0,0,0,0,0x008D1CAE,Small Blk Shell,0x0092292E,A fragment of a monster's\nshell. Too small to be used\nas a material on its own.
5150,4,5,99,33,8,0,0,0,0,0,0,0,0x008D1CBE,Small Pink Shell,0x0092297E,A fragment of a monster's\nshell. Too small to be used\nas a material on its own.
5151,4,5,99,33,6,0,0,0,0,0,0,0,0x008D1CCF,Small Azur Shell,0x009229CE,A fragment of a monster's\nshell. Too small to be used\nas a material on its own.
5152,4,5,99,33,4,0,0,0,0,0,0,0,0x008D1CE0,Small Ylw Shell,0x00922A1E,A fragment of a monster's\nshell. Too small to be used\nas a material on its own.
5153,4,5,99,33,7,0,0,0,0,0,0,0,0x008D1CF0,Small Brwn Shell,0x00922A6E,A fragment of a monster's\nshell. Too small to be used\nas a material on its own.
5154,4,5,99,33,2,0,0,0,0,0,0,0,0x008D1D01,Small Cyan Shell,0x00922ABE,A fragment of a monster's\nshell. Too small to be used\nas a material on its own.
5155,4,5,99,33,0,0,0,0,0,0,0,0,0x008D1D12,Small Slvr Shell,0x00922B0E,A fragment of a monster's\nshell. Too small to be used\nas a material on its own.
5156,4,5,99,33,4,0,0,0,0,0,0,0,0x008D1D23,Small Gold Shell,0x00922B5E,A fragment of a monster's\nshell. Too small to be used\nas a material on its own.
5157,4,5,99,24,1,0,0,0,0,0,0,0,0x008D1D34,Red Chem Vial,0x00922BAE,A sealed bottle containing\na highly odorous liquid.\nIts uses are unknown.
5158,4,5,99,24,3,0,0,0,0,0,0,0,0x008D1D42,Blue Chem Vial,0x00922BF8,A sealed bottle containing\na highly odorous liquid.\nIts uses are unknown.
5159,4,5,99,24,2,0,0,0,0,0,0,0,0x008D1D51,Green Chem Vial,0x00922C42,A sealed bottle containing\na highly odorous liquid.\nIts uses are unknown.
5160,4,5,99,24,4,0,0,0,0,0,0,0,0x008D1D61,Yellow Chem Vial,0x00922C8C,A sealed bottle containing\na highly odorous liquid.\nIts uses are unknown.
5161,4,5,99,24,0,0,0,0,0,0,0,0,0x008D1D72,White Chem Vial,0x00922CD6,A sealed bottle containing\na highly odorous liquid.\nIts uses are unknown.
5162,4,5,99,24,10,0,0,0,0,0,0,0,0x008D1D82,Black Chem Vial,0x00922D20,A sealed bottle containing\na highly odorous liquid.\nIts uses are unknown.
5163,4,5,99,33,1,0,0,0,0,0,0,0,0x008D1D92,Red Wood Effigy,0x00922D6A,A monster doll made on a\nwhim by a certain artist.\nExtremely hard to come by.
5164,4,5,99,33,2,0,0,0,0,0,0,0,0x008D1DA2,Grn Wood Effigy,0x00922DB8,A monster doll made on a\nwhim by a certain artist.\nExtremely hard to come by.
5165,4,5,99,33,0,0,0,0,0,0,0,0,0x008D1DB2,Wht Wood Effigy,0x00922E06,A monster doll made on a\nwhim by a certain artist.\nExtremely hard to come by.
5166,4,5,99,33,10,0,0,0,0,0,0,0,0x008D1DC2,Gray Wood Effigy,0x00922E54,A monster doll made on a\nwhim by a certain artist.\nExtremely hard to come by.
5167,4,5,99,33,7,0,0,0,0,0,0,0,0x008D1DD3,Brw Wood Effigy,0x00922EA2,A monster doll made on a\nwhim by a certain artist.\nExtremely hard to come by.
5168,4,5,99,33,10,0,0,0,0,0,0,0,0x008D1DE3,Blk Wood Effigy,0x00922EF0,A monster doll made on a\nwhim by a certain artist.\nExtremely hard to come by.
5169,4,5,99,33,4,0,0,0,0,0,0,0,0x008D1DF3,Ylw Wood Effigy,0x00922F3E,A monster doll made on a\nwhim by a certain artist.\nExtremely hard to come by.
5170,4,5,99,33,6,0,0,0,0,0,0,0,0x008D1E03,Blue Wood Effigy,0x00922F8C,A monster doll made on a\nwhim by a certain artist.\nExtremely hard to come by.
5171,4,5,99,33,3,0,0,0,0,0,0,0,0x008D1E14,Navy Wood Effigy,0x00922FDA,A monster doll made on a\nwhim by a certain artist.\nExtremely hard to come by.
5172,4,5,99,33,2,0,0,0,0,0,0,0,0x008D1E25,Cyan Wood Effigy,0x00923028,A monster doll made on a\nwhim by a certain artist.\nExtremely hard to come by.
5173,4,5,99,37,8,0,0,0,0,0,0,0,0x008D1E36,Pink Portrait,0x00923076,A card made by a certain\nhunter. Highly popular and\nprized as a collectible.
5174,4,5,99,37,8,0,0,0,0,0,0,0,0x008D1E44,Peach Portrait,0x009230C3,A card made by a certain\nhunter. Highly popular and\nprized as a collectible.
5175,4,5,99,37,7,0,0,0,0,0,0,0,0x008D1E53,Brown Portrait,0x00923110,A card made by a certain\nhunter. Highly popular and\nprized as a collectible.
5176,4,5,99,37,3,0,0,0,0,0,0,0,0x008D1E62,Indigo Portrait,0x0092315D,A card made by a certain\nhunter. Highly popular and\nprized as a collectible.
5177,4,5,99,37,5,0,0,0,0,0,0,0,0x008D1E72,Purple Portrait,0x009231AA,A card made by a certain\nhunter. Highly popular and\nprized as a collectible.
5178,4,5,99,37,1,0,0,0,0,0,0,0,0x008D1E82,Red Portrait,0x009231F7,A card made by a certain\nhunter. Highly popular and\nprized as a collectible.
5179,4,5,99,37,4,0,0,0,0,0,0,0,0x008D1E8F,Yellow Portrait,0x00923244,A card made by a certain\nhunter. Highly popular and\nprized as a collectible.
5180,4,5,99,37,3,0,0,0,0,0,0,0,0x008D1E9F,Blue Portrait,0x00923291,A card made by a certain\nhunter. Highly popular and\nprized as a collectible.
5181,4,5,99,37,0,0,0,0,0,0,0,0,0x008D1EAD,White Portrait,0x009232DE,A card made by a certain\nhunter. Highly popular and\nprized as a collectible.
5182,4,5,99,37,7,0,0,0,0,0,0,0,0x008D1EBC,Orange Portrait,0x0092332B,A card made by a certain\nhunter. Highly popular and\nprized as a collectible.
5183,4,5,99,37,10,0,0,0,0,0,0,0,0x008D1ECC,Black Portrait,0x00923378,A card made by a certain\nhunter. Highly popular and\nprized as a collectible.
5184,4,5,99,9,3,0,0,0,0,0,0,0,0x008D1EDB,Blue Quill,0x009233C5,A giant blue plume from some\nkind of monster. It may be\nusable as an armor material.
5185,4,5,99,27,10,0,0,0,0,0,0,0,0x008D1EE6,Ebony Caldite,0x0092341A,An ore said to contain the\npower of flame. Its color\nchanges with viewing angle.
5186,4,5,99,27,5,0,0,0,0,0,0,0,0x008D1EF4,Mauve Caldite,0x0092346B,An ore said to contain the\npower of flame. Its color\nchanges with viewing angle.
5187,4,5,99,35,8,0,0,0,0,0,0,0,0x008D1F02,Sakura Dango,0x009234BC,Dango made with an Eastern\nrecipe. Their cherry hue is\nalmost too lovely to eat.
5188,4,5,99,35,8,0,0,0,0,0,0,0,0x008D1F0F,Glorious Incense,0x0092350D,Incense made from cherry\nblossoms. Its floral aroma\ncradles the senses.
5189,4,5,99,33,3,0,0,0,0,0,0,0,0x008D1F20,Blue Ironsand,0x00109A9C,砂漠の水場で稀に取れる砂鉄。\n固めることで金剛石よりも固\nくなるため工房では超貴重品。
5190,4,5,99,27,4,0,0,0,0,0,0,0,0x008D1F2E,Meteorite Gem,0x00109AF1,空から降ってきたと伝えられ\nている謎の石。耳を当てると\n何やら奇妙な音がする。
5191,4,5,99,27,4,0,0,0,0,0,0,0,0x008D1F3C,Gold Turtlestone,0x00109B3E,地中奥深くから採れる鉱石。\nその中からは稀に未解明生物\nの骨が発見される。
5192,4,5,99,37,10,0,0,0,0,0,0,0,0x008D1F4D,Purple Fest Mem.,0x00923555,Awarded to those who have\nhoned their skills in the\nHunter Fest.
5193,4,5,99,33,0,0,0,0,0,0,0,0,0x008D1F5E,Red Cat's Dream,0x000F8153,特殊なライトボウガンの生産\nに用いる素材。その武器は見\nかけによらず強力だという噂。
5194,4,5,99,37,3,0,0,0,0,0,0,0,0x008D1F6E,BP13 Ticket 1,0x00923596,"A ticket made of special,\nrare paper. Can be exchanged\nfor a special item."
5195,4,5,99,37,3,0,0,0,0,0,0,0,0x008D1F7C,BP13 Ticket 2,0x009235E1,"A ticket made of special,\nrare paper. Can be exchanged\nfor a special item."
5196,4,5,99,37,3,0,0,0,0,0,0,0,0x008D1F8A,BP13 Ticket 3,0x0092362C,"A ticket made of special,\nrare paper. Can be exchanged\nfor a special item."
5197,4,5,99,37,3,0,0,0,0,0,0,0,0x008D1F98,BP13 Ticket 4,0x00923677,"A ticket made of special,\nrare paper. Can be exchanged\nfor a special item."
5198,4,5,99,37,3,0,0,0,0,0,0,0,0x008D1FA6,BP13 Ticket 5,0x009236C2,"A ticket made of special,\nrare paper. Can be exchanged\nfor a special item."
5199,4,5,99,37,3,0,0,0,0,0,0,0,0x008D1FB4,BP13 Ticket 6,0x0092370D,"A ticket made of special,\nrare paper. Can be exchanged\nfor a special item."
5200,4,5,99,37,3,0,0,0,0,0,0,0,0x008D1FC2,BP13 Ticket 7,0x00923758,"A ticket made of special,\nrare paper. Can be exchanged\nfor a special item."
5201,4,5,99,37,3,0,0,0,0,0,0,0,0x008D1FD0,BP13 Ticket 8,0x009237A3,"A ticket made of special,\nrare paper. Can be exchanged\nfor a special item."
5202,4,5,99,37,6,0,0,0,0,0,0,0,0x008D1FDE,Turbulence Tkt,0x009237EE,Instructions on forging\nthe Gentle Turbulence.\nBring them to the Smithy!
5203,4,5,99,37,3,0,0,0,0,0,0,0,0x008D1FED,Spiteful V Tkt,0x00923837,Instructions on forging the\nSpiteful Villain. Bring them\nto the Smithy!
5204,4,5,99,37,1,0,0,0,0,0,0,0,0x008D1FFC,Purple Lily Tkt,0x0092387F,Instructions on forging the\nPurple Lily. Bring them to\nthe Smithy!
5205,4,5,99,37,5,0,0,0,0,0,0,0,0x008D200C,White Lily Tkt,0x009238C2,Instructions on forging the\nWhite Lily. Bring them to\nthe Smithy!
5206,4,5,99,37,4,0,0,0,0,0,0,0,0x008D201B,Indigo Bow Tkt,0x00923904,Instructions on forging the\nIndigo Bow. Bring them to\nthe Smithy!
5207,4,5,99,37,10,0,0,0,0,0,0,0,0x008D202A,Ruby Bow Tkt,0x00923946,Instructions on forging the\nRuby Bow. Bring them to the\nSmithy!
5208,4,5,99,37,3,0,0,0,0,0,0,0,0x008D2037,Omet Tkt: Head,0x00923986,Instructions on forging the\nOmet armor. Bring them to\nthe Smithy!
5209,4,5,99,37,3,0,0,0,0,0,0,0,0x008D2046,Omet Tkt: Chest,0x009239C8,Instructions on forging the\nOmet armor. Bring them to\nthe Smithy!
5210,4,5,99,37,3,0,0,0,0,0,0,0,0x008D2056,Omet Tkt: Arms,0x00923A0A,Instructions on forging the\nOmet armor. Bring them to\nthe Smithy!
5211,4,5,99,37,3,0,0,0,0,0,0,0,0x008D2065,Omet Tkt: Waist,0x00923A4C,Instructions on forging the\nOmet armor. Bring them to\nthe Smithy!
5212,4,5,99,37,3,0,0,0,0,0,0,0,0x008D2075,Omet Tkt: Legs,0x00923A8E,Instructions on forging the\nOmet armor. Bring them to\nthe Smithy!
5213,4,5,99,12,3,0,0,0,0,0,0,0,0x008D2084,Dim Blue Lamp,0x00923AD0,A mushroom-like lamp. Its\nlight evokes the feeling of\na mother watching her child.
5214,4,5,99,12,8,0,0,0,0,0,0,0,0x008D2092,Dim Pink Lamp,0x00923B23,A mushroom-like lamp. Its\nlight evokes the feeling of\na mother watching her child.
5215,4,5,99,29,4,0,0,0,0,0,0,0,0x008D20A0,Golden Screen,0x00923B76,A screen made with Rajang\nparts. Displayed to wish for\na child's healthy growth. 
5216,4,5,99,37,5,0,0,0,0,0,0,0,0x008D20AE,Prototype Design,0x00109E0D,撃龍鎚を完璧に使いこなす\nための秘訣が記された資料。\nその内容を親方に報告だ！
5217,4,5,99,33,5,0,0,0,0,0,0,0,0x008D20BF,Dreamy String,0x00923BC8,A string used to move a doll\nthat guides one into a deep\nsleep with eerie precision.
5218,4,5,99,33,10,0,0,0,0,0,0,0,0x008D20CD,Nocturnal String,0x00923C1D,A demonic puppet string\nthat delivers devastation\nby swiftly moving the doll.
5219,4,5,99,2,1,0,0,0,0,0,0,0,0x008D20DE,Hexar Powder,0x00109EDC,極寒の風穴で採れる希少火薬。\n鋼龍の宝玉が変化したもの\nとの説もあるが、真偽は不明。
5220,4,5,99,33,1,0,0,0,0,0,0,0,0x008D20EB,Felyne Soul,0x00109F2F,熱い思いが込められた布。\n持ち歩くと教官見習ネコの\n言葉を思い出す。
5221,4,5,99,1,2,0,0,0,0,0,0,0,0x008D20F7,Song of the Sun,0x00923C6B,An idea beyond the reach\nof human thought. Revealed\nby listening to nature.
5222,4,5,99,1,2,0,0,0,0,0,0,0,0x008D2107,Song of Glaciers,0x00923CB7,An idea beyond the reach\nof human thought. Revealed\nby listening to nature.
5223,4,5,99,1,2,0,0,0,0,0,0,0,0x008D2118,Song of Canyons,0x00923D03,An idea beyond the reach\nof human thought. Revealed\nby listening to nature.
5224,4,5,99,1,2,0,0,0,0,0,0,0,0x008D2128,Song of Windholes,0x00923D4F,An idea beyond the reach\nof human thought. Revealed\nby listening to nature.
5225,4,5,99,1,2,0,0,0,0,0,0,0,0x008D213A,Song of Meteor,0x00923D9B,An idea beyond the reach\nof human thought. Revealed\nby listening to nature.
5226,4,5,99,1,2,0,0,0,0,0,0,0,0x008D2149,Song of Sunrise,0x00923DE7,An idea beyond the reach\nof human thought. Revealed\nby listening to nature.
5227,4,5,99,1,2,0,0,0,0,0,0,0,0x008D2159,Song of Swamps,0x00923E33,An idea beyond the reach\nof human thought. Revealed\nby listening to nature.
5228,4,5,99,1,2,0,0,0,0,0,0,0,0x008D2168,Song of Jungles,0x00923E7F,An idea beyond the reach\nof human thought. Revealed\nby listening to nature.
5229,4,5,99,33,0,0,0,0,0,0,0,0,0x008D2178,White Cloth,0x00923ECB,A beautiful piece of silk\ncloth with a unique luster.\nUsed to make various goods.
5230,4,5,99,33,0,0,0,0,0,0,0,0,0x008D2184,White Card,0x00923F1D,A card used to share one's\nfeelings. Write down what\nyou REALLY feel!
5231,4,5,99,33,1,0,0,0,0,0,0,0,0x008D218F,Red Card,0x00923F63,A card used to share one's\nfeelings. Write down what\nyou REALLY feel!
5232,4,5,99,36,0,0,0,0,0,0,0,0,0x008D2198,Master's Tome 4,0x00103C28,偶然に発見した別冊の本。\nどうやら、とある武器の強化\n方法が記載されているようだ。
5233,4,5,99,27,0,0,0,0,0,0,0,0,0x008D21A8,Shining Drgnsteel,0x000FED3C,どこからも採掘した記録がな\nい純白の金属。龍の属性を\n帯びている。
5234,4,5,99,10,7,0,0,0,0,0,0,0,0x008D21BA,Mystical Bone,0x0010A014,何故か地面から浮いている\n妖しい骨。触ると深い眠りに\n落ち、必ず翌朝に目覚める。
5235,4,5,99,27,0,0,0,0,0,0,0,0,0x008D21C8,Cryst Polyhedron,0x00923FA9,"A clear, crystal polyhedron.\nOne part of a whole. Its\nface count remains unknown."
5236,4,5,99,37,1,0,0,0,0,0,0,0,0x008D21D9,Secret Design 3,0x00103CC8,新しい秘密兵器の生産方法が\n書かれている図面。１枚では\n読み取ることができない。
5237,4,5,99,5,4,0,0,0,0,0,0,0,0x008D21E9,Aurifish,0x0010A0B0,ある愛好家が求めていた幻の\n魚。自慢の庭園の池に放ち、\n眺めることが夢だったらしい。
5238,4,5,99,33,8,0,0,0,0,0,0,0,0x008D21F2,Sweet Days,0x00923FFB,A famous story told in\nMezeporta Square. Reading\nit makes you feel happy.
5239,4,5,99,14,0,0,0,0,0,0,0,0,0x008D21FD,Soft White Fur,0x0010A14C,エルペの身体のごく一部に\n生えているやわらかい毛。\n高級な防具などに使用される。
5240,4,5,99,31,10,0,0,0,0,0,0,0,0x008D220C,Big Black Horn,0x0010A19B,ごく一部のブルックに生えて\nいる硬くて大きい角。\n高級な防具などに使用される。
5241,4,5,99,9,10,0,0,0,0,0,0,0,0x008D221B,Bloody Black Shl,0x0010A1E8,黒鎧竜の堅牢な分厚い甲殻。\nその表面は血塗れで、狩人と\nの激しい狩猟を物語っている。
5242,4,5,99,14,0,0,0,0,0,0,0,0,0x008D222C,Sepia Portrait,0x0010A23B,動物の皮に描かれた美しい絵。\n思わず見とれてしまう優しい\nタッチは、愛情を感じさせる。
5243,4,5,99,3,7,0,0,0,0,0,0,0,0x008D223B,Pisca Bait,0x0010A290,ピスカの大好物。とても良い\n匂いがただよってくるが、\n人間にはとても食べられない。
5244,4,5,99,27,6,0,0,0,0,0,0,0,0x008D2246,Polished Mirror,0x0010A2E1,表面が丁寧に磨かれた鉱石。\n光を反射し、覗き込むことで\n自分の顔を見ることができる。
5245,4,5,99,5,1,0,0,0,0,0,0,0,0x008D2256,Seaside Charm,0x0010A334,とある海辺の村で、災難から\n逃れるために使われる飾り。\n魚類の鱗や骨が素材のようだ。
5246,4,5,99,18,1,0,0,0,0,0,0,0,0x008D2264,Red Hairpin,0x0010A387,真っ赤な実を使って作られた\n女性用の髪飾り。人に贈ると\n特別な意味を表すという。
5247,4,5,99,53,5,0,0,0,0,0,0,0,0x008D2270,Compass of Truth,0x0010A3D6,どんな嘘もたちまち見破る\n不思議なコンパス。普段は\n針がゆっくりと回転している。
5248,4,5,99,33,0,0,0,0,0,0,0,0,0x008D2281,Fated Candle,0x0010A425,曲がりくねったロウソク。\nその燃え方は、人の運命を\n表現するという。
5249,4,5,99,36,3,0,0,0,0,0,0,0,0x008D228E,Empty Book,0x0010A468,表紙は普通だが、ほとんどの\nページが白紙の不思議な本。\n一体何を意味するのだろうか。
5250,4,5,99,4,8,0,0,0,0,0,0,0,0x008D2299,Decor Rod,0x0010A4BB,派手なピンク色に塗られた\n釣り竿。この見た目には、\n好みが分かれることだろう。
5251,4,5,99,6,0,0,0,0,0,0,0,0,0x008D22A3,SoothingMusicBox,0x0010A508,しめやかな雰囲気を醸し出す\nオルゴール。興奮していても\n聴くだけで心が落ち着く。
5252,4,5,99,49,0,0,0,0,0,0,0,0,0x008D22B4,Wisdomarang,0x0010A557,自分が他人になしたことは、\n善悪を問わず、自分に戻って\nくるという教訓を込めた品。
5253,4,5,99,10,1,0,0,0,0,0,0,0,0x008D22C0,Don Inferno,0x0010A5A8,真っ赤に染まったドクロ。\nある人が、人の業を表現する\nために創作したという。
5254,4,5,99,37,7,0,0,0,0,0,0,0,0x008D22CC,Brown Pocky Tkt,0x00924045,Instructions on forging the\nPocky Saber. Bring them to\nthe Smithy!
5255,4,5,99,37,8,0,0,0,0,0,0,0,0x008D22DC,Red Pocky Tkt,0x00924088,Instructions on forging the\nPocky Saber. Bring them to\nthe Smithy!
5256,4,5,99,37,10,0,0,0,0,0,0,0,0x008D22EA,Striped Pocky Tkt,0x009240CB,Instructions on forging the\nPocky Saber. Bring them to\nthe Smithy!
5257,4,5,99,37,0,0,0,0,0,0,0,0,0x008D22FC,White Pocky Tkt,0x0092410E,Instructions on forging the\nPocky Saber. Bring them to\nthe Smithy!
5258,4,5,99,37,3,0,0,0,0,0,0,0,0x008D230C,Geo Ticket 1,0x00924151,Instructions on forging the\nGeo Earring. Bring them to\nthe Smithy!
5259,4,5,99,37,3,0,0,0,0,0,0,0,0x008D2319,Geo Ticket 2,0x00924194,Instructions on forging the\nGeo Earring. Bring them to\nthe Smithy!
5260,4,5,99,37,3,0,0,0,0,0,0,0,0x008D2326,Geo Ticket 3,0x009241D7,Instructions on forging the\nGeo Earring. Bring them to\nthe Smithy!
5261,4,5,99,37,3,0,0,0,0,0,0,0,0x008D2333,Geo Ticket 4,0x0092421A,Instructions on forging the\nGeo Earring. Bring them to\nthe Smithy!
5262,4,5,99,37,3,0,0,0,0,0,0,0,0x008D2340,Geo Ticket 5,0x0092425D,Instructions on forging the\nGeo Earring. Bring them to\nthe Smithy!
5263,4,5,99,37,3,0,0,0,0,0,0,0,0x008D234D,Geo Ticket 6,0x009242A0,Instructions on forging the\nGeo Earring. Bring them to\nthe Smithy!
5264,4,5,99,37,3,0,0,0,0,0,0,0,0x008D235A,Geo Ticket 7,0x009242E3,Instructions on forging the\nGeo Earring. Bring them to\nthe Smithy!
5265,4,5,99,37,3,0,0,0,0,0,0,0,0x008D2367,Geo Ticket 8,0x00924326,Instructions on forging the\nGeo Earring. Bring them to\nthe Smithy!
5266,4,5,99,37,2,0,0,0,0,0,0,0,0x008D2374,Microsoft Ticket,0x00924369,A document detailing various\nweapon crafting processes.\nShow it to the Smithy!
5267,4,5,99,37,4,0,0,0,0,0,0,0,0x008D2385,SBC Ticket,0x009243B8,A document detailing various\narmorforging processes. Show\nit to the Smithy!
5268,4,5,99,14,2,0,0,0,0,0,0,0,0x008D2390,Damaged Hide,0x00924404,"A scrap of Abiorg hide.\nStill strong, despite its\ndamaged surface."
5269,4,5,99,37,5,0,0,0,0,0,0,0,0x008D239D,Double Edge Tkt,0x00924447,Instructions on forging the\nDouble Edge I. Bring them to\nthe Smithy!
5270,4,5,99,37,6,0,0,0,0,0,0,0,0x008D23AD,Wave Edge Tkt,0x0092448C,Instructions on forging the\nWave Edge I. Bring them to\nthe Smithy!
5271,4,5,99,37,1,0,0,0,0,0,0,0,0x008D23BB,Frozen Edge Tkt,0x009244CF,Instructions on forging the\nFrozen Edge I. Bring them to\nthe Smithy!
5272,4,5,99,37,7,0,0,0,0,0,0,0,0x008D23CB,TP6 Ticket 1,0x00924514,A ticket made of strange\npaper. Can be exchanged\nfor a special item.
5273,4,5,99,37,7,0,0,0,0,0,0,0,0x008D23D8,TP6 Ticket 2,0x00924559,A ticket made of strange\npaper. Can be exchanged\nfor a special item.
5274,4,5,99,37,7,0,0,0,0,0,0,0,0x008D23E5,TP6 Ticket 3,0x0092459E,A ticket made of strange\npaper. Can be exchanged\nfor a special item.
5275,4,5,99,37,7,0,0,0,0,0,0,0,0x008D23F2,TP6 Ticket 4,0x009245E3,A ticket made of strange\npaper. Can be exchanged\nfor a special item.
5276,4,5,99,37,7,0,0,0,0,0,0,0,0x008D23FF,TP6 Ticket 5,0x00924628,A ticket made of strange\npaper. Can be exchanged\nfor a special item.
5277,4,5,15,2,7,0,0,0,0,0,0,0,0x008D240C,Goocoo Bomb,0x0092466D,A Goocoo-shaped bomb.\nTry placing it!\nMaybe the charm will help?
5278,4,5,5,2,0,0,0,0,0,0,0,0,0x008D2418,Egg Bomb,0x009246AE,An egg-shaped bomb.\nTry placing it!\nMaybe the charm will help?
5279,4,5,5,1,1,0,0,0,0,0,0,0,0x008D2421,Goocoo Cracker,0x009246ED,Just the thought of throwing\none of these fills you with\nexcitement. Try it!
5280,4,5,10,33,0,0,0,0,0,0,0,0,0x008D2430,Mysterious Doll,0x0092473A,"An oddly familiar looking\ndoll. Do NOT kick it!\nSeriously, don't do it!"
5281,4,5,15,2,7,0,0,0,0,0,0,0,0x008D2440,EZ Goocoo Bomb,0x00924782,A Goocoo-shaped bomb.\nTry placing it!\n~C05(Supply Item)
5282,4,5,5,2,0,0,0,0,0,0,0,0,0x008D244F,EZ Egg Bomb,0x009247BA,An egg-shaped bomb.\nTry placing it!\n~C05(Supply Item)
5283,4,5,5,1,1,0,0,0,0,0,0,0,0x008D245B,EZ Goocoo Cracker,0x009247F0,The thought of throwing one\nof these fills you with\nexcitement. ~C05(Supply Item)
5284,4,5,10,33,0,0,0,0,0,0,0,0,0x008D246D,EZ Mystery Doll,0x00924842,An oddly familiar looking\ndoll. Do NOT kick it!\n(Supply Item)
5285,4,5,99,33,7,0,0,0,0,0,0,0,0x008D247D,Sparkling Things,0x00924880,The Felyne Caretaker's\nfavorite. You may be able\nto trade it for something.
5286,4,5,99,33,4,0,0,0,0,0,0,0,0x008D248E,Shiny Things,0x009248CC,The Felyne Caretaker's\nfavorite. You may be able\nto trade it for something.
5287,4,5,99,33,0,0,0,0,0,0,0,0,0x008D249B,Fluffy Things,0x00924918,The Felyne Caretaker's\nfavorite. You may be able\nto trade it for something.
5288,4,5,99,33,6,0,0,0,0,0,0,0,0x008D24A9,Smooth Things,0x00924964,The Felyne Caretaker's\nfavorite. You may be able\nto trade it for something.
5289,3,4,99,27,2,0,800,80,0,0,0,0,0x008D24B7,Fungal Stone,0x009249B0,Found in places abundant\nin mycelium. The fungi are\nremoved upon processing.
5290,3,4,99,27,10,0,1600,160,0,0,0,0,0x008D24C4,Dark Steel,0x009249FD,"A heavy, black ore packed\nwith iron. Its surface has\nlight reflecting properties."
5291,4,5,99,27,4,0,4800,480,0,0,0,0,0x008D24CF,Fungal Crystal,0x00924A4F,A beautiful crystal filled\nwith a golden substance\nresembling fungal filaments.
5292,3,4,99,27,0,0,2000,200,0,0,0,0,0x008D24DE,Limestone,0x00924A9F,Formed from the remains\nof prehistoric plants and\ncreatures.  ~C05(Account Item)
5293,4,5,5,1,0,0,3000,300,0,0,0,0,0x008D24E8,Ceasecaster,0x00924AF0,Use this to order the Halk\nto stop attacking.
5294,4,5,5,30,1,0,3000,300,0,0,0,0,0x008D24F4,Halk Demon Flute,0x00924B1E,Play this special flute to\nincrease your Halk's Attack.\nMay break when used.
5295,4,5,5,30,7,0,3000,300,0,0,0,0,0x008D2505,Halk Armor Flute,0x00924B6B,Play this special flute\nto increase your Halk's\nDefense. May break on use.
5296,3,4,10,12,2,0,58,7,0,0,0,0,0x008D2516,Powdershroom,0x00924BB6,A delicious mushroom that\nscatters powder around when\ntouched. Handle with care!
5297,3,4,99,52,2,0,0,400,0,0,0,0,0x008D2523,Zamuza Rockshell,0x00924C07,"As the name suggests, it\nis made of rocks and fungi\nattached to the real shell."
5298,3,4,99,52,2,0,0,600,0,0,0,0,0x008D2534,Zamuza Rockclaw,0x00924C57,"Not particularly sharp, but\nstill usable as a weapon due\nto its weight."
5299,3,4,99,52,7,0,0,1000,0,0,0,0,0x008D2544,Zamuza Shell,0x00924C9F,"A shell so bright, it can\neasily be recognized from\na distance."
5300,3,4,99,52,7,0,0,1400,0,0,0,0,0x008D2551,Zamuza Claw,0x00924CDF,"An orange Zamuza claw.\nDespite its flashiness,\nit isn't sharp at all."
5301,3,4,99,52,7,0,0,4200,0,0,0,0,0x008D255D,Zamuza Hammer,0x00924D25,"A Taikun Zamuza hammer. Too\nmassive to be called a claw,\nbut surprisingly light."
5302,3,4,99,52,2,0,0,900,0,0,0,0,0x008D256B,Zamuza Carapace,0x00924D76,A shell made even tougher\nafter merging with the outer\nrocky layer.
5303,3,4,99,52,7,0,0,1600,0,0,0,0,0x008D257B,Zamuza Claw+,0x00924DBA,A sharp Taikun Zamuza claw.\nIts keen edge is enough to\nmake some cower in fear.
5304,3,4,99,52,6,0,0,1800,0,0,0,0,0x008D2588,Pale Zamuza Shl,0x00924E0A,"A clear white shell that is\nso flexible, it hardly seems\nlike a shell at all."
5305,3,4,99,52,6,0,0,2800,0,0,0,0,0x008D2598,Pale Zamuza Claw,0x00924E58,"It considerable skill to\nmake the most of these\nsupple, sharp claws."
5306,3,4,99,52,6,0,0,4200,0,0,0,0,0x008D25A9,Zamuza Drill,0x00924E9D,"A sharp Taikun Zamuza spear.\nWell concealed, it requires\nconsiderable skill to carve."
5307,4,5,99,1,6,0,0,20000,0,0,0,0,0x008D25B6,Carapaceon Gem,0x00924EF3,A rare gem formed inside\ncarapaceons. Prized as a\nversatile catalyst.
5308,4,5,99,37,5,0,100000,10000,0,0,0,0,0x008D25C5,Zamuza Cert.,0x00924F39,A certificate given only to\nthose who've triumphed over\nthe most arduous of hunts.
5309,4,5,99,23,2,0,7000,800,0,0,0,0,0x008D25D2,Abiorg Scale,0x00924F8C,A sturdy Abiorg scale.\nWounding it is incredibly\ndifficult.
5310,4,5,99,10,0,0,12000,1300,0,0,0,0,0x008D25DF,Abiorg Bone,0x00924FC8,The bone of an Abiorg.\nEquipment made with it\nboasts great durability.
5311,4,5,99,14,2,0,18000,1800,0,0,0,0,0x008D25EB,Abiorg Hide,0x0092500F,An Abiorg hide. A light and\nflexible item used in armor\njoints.
5312,4,5,99,31,0,0,35000,3500,0,0,0,0,0x008D25F7,Abiorg Fang,0x0092504F,A battle-hardened Abiorg\nfang. Capable of crunching\nthe toughest materials.
5313,4,5,99,9,1,0,28000,2800,0,0,0,0,0x008D2603,Abiorg Tail,0x0092509B,"A sharp, knife-like tail\nthat must be handled with\nthe utmost care."
5314,4,5,99,31,1,0,23000,2300,0,0,0,0,0x008D260F,Abiorg Horn,0x009250DF,A gorgeous red Abiorg horn.\nUsed in armor and many other\napplications.
5315,4,5,99,9,1,0,42000,4200,0,0,0,0,0x008D261B,Abiorg Blood,0x00925126,The bright red blood of\nan Abiorg. Prized as a\nmaterial.
5316,4,5,99,23,2,0,18000,2000,0,0,0,0,0x008D2628,Abiorg Scale+,0x0092515F,A high-quality Abiorg scale.\nHarder and therefore even\nmore difficult to process.
5317,4,5,99,10,0,0,24000,2400,0,0,0,0,0x008D2636,Abiorg Bone+,0x009251B1,A top-quality Abiorg bone.\nHighly adaptable and used\nin various applications.
5318,4,5,99,14,2,0,28000,2900,0,0,0,0,0x008D2643,Abiorg Hide+,0x009251FF,A quality Abiorg hide. Hard\nto craft and a true test of\nany craftsman's skill.
5319,4,5,99,31,0,0,55000,5500,0,0,0,0,0x008D2650,Abiorg Fang+,0x0092524E,A top-quality Abiorg fang.\nOne of the most difficult\nmaterials to work with.
5320,4,5,99,9,1,0,40000,4000,0,0,0,0,0x008D265D,Abiorg Tail+,0x0092529B,A top-quality Abiorg tail.\nSlightly larger and sharper\nthan the ordinary tails.
5321,4,5,99,31,1,0,35000,3500,0,0,0,0,0x008D266A,Abiorg Horn+,0x009252EB,A high-quality Abiorg horn.\nIts crimson luster dazzles\nall who gaze upon it.
5322,4,5,99,9,1,0,80000,8000,0,0,0,0,0x008D2677,Abiorg Blood+,0x00925338,Rare blood imbued with the\nAbiorg's fervent rage. It\nwill never grow cold.
5323,4,5,99,23,1,0,10000,1000,0,0,0,0,0x008D2685,B.Wyvern Scale,0x00925383,"A nearly impregnable scale\nthat repels any attack, no\nmatter how strong."
5324,4,5,99,23,1,0,20000,2000,0,0,0,0,0x008D2694,B.Wyvern Scale+,0x009253CC,"A nearly impregnable scale\nthat repels any attack, no\nmatter how strong."
5325,4,5,99,23,1,0,30000,3000,0,0,0,0,0x008D26A4,B.Wyvern Shard,0x00925415,"A nearly impregnable scale\nthat repels any attack, no\nmatter how strong."
5326,4,5,99,31,1,0,10000,1000,0,0,0,0,0x008D26B3,B.Wyvern Horn,0x0092545E,"Whether large or small, this\nhorn exudes an overwhelming\npresence."
5327,4,5,99,31,1,0,20000,2000,0,0,0,0,0x008D26C1,B.Wyvern Horn+,0x009254A1,"Whether large or small, this\nhorn exudes an overwhelming\npresence."
5328,4,5,99,31,1,0,30000,3000,0,0,0,0,0x008D26D0,B.Wyv Hardhorn,0x009254E4,"Whether large or small, this\nhorn exudes an overwhelming\npresence."
5329,4,5,99,31,1,0,10000,1000,0,0,0,0,0x008D26DF,B.Wyvern Fang,0x00925527,"A sharp fang that strikes\ntrue at its prey's vitals,\ndelivering a fatal wound."
5330,4,5,99,31,1,0,20000,2000,0,0,0,0,0x008D26ED,B.Wyvern Fang+,0x00925576,"A sharp fang that strikes\ntrue at its prey's vitals,\ndelivering a fatal wound."
5331,4,5,99,31,1,0,30000,3000,0,0,0,0,0x008D26FC,B.Wyv Hardfang,0x009255C5,"A sharp fang that strikes\ntrue at its prey's vitals,\ndelivering a fatal wound."
5332,4,5,99,9,1,0,10000,1000,0,0,0,0,0x008D270B,B.Wyvern Tail,0x00925614,An exceptionally supple and\ndurable tail. Used to seize\nprey with great accuracy.
5333,4,5,99,9,1,0,20000,2000,0,0,0,0,0x008D2719,B.Wyvern Tail+,0x00925666,An exceptionally supple and\ndurable tail. Used to seize\nprey with great accuracy.
5334,4,5,99,9,1,0,30000,3000,0,0,0,0,0x008D2728,B.Wyvern Lash,0x009256B8,An exceptionally supple and\ndurable tail. Used to seize\nprey with great accuracy.
5335,4,5,99,37,5,0,100000,10000,0,0,0,0,0x008D2736,Abiorg Cert.,0x0092570A,A certificate given only to\nthose who've triumphed over\nthe most arduous of hunts.
5336,4,5,99,9,1,0,250000,25000,0,0,0,0,0x008D2743,B.Wyvern Blood,0x0092575D,Rarely obtained from a brute\nwyvern. Its sudden formation\nis a complete mystery.
5337,4,5,99,37,3,0,0,0,0,0,0,0,0x008D2752,Crony Ticket,0x009257AE,Instructions on forging the\nCrony Earring. Bring them to\nthe Smithy!
5338,4,5,99,37,1,0,0,0,0,0,0,0,0x008D275F,Ahavah Ticket,0x009257F3,Instructions on forging the\nAhavah Earring. Bring them\nto the Smithy!
5339,4,5,99,35,4,0,0,0,0,0,0,0,0x008D276D,Ivory Base,0x00925839,Used to craft various Poogie\nDecorations. Bring it to the\nSmithy!
5340,4,5,99,35,2,0,0,0,0,0,0,0,0x008D2778,Hay Base,0x0092587B,Used to craft various Poogie\nDecorations. Bring it to the\nSmithy!
5341,4,5,99,35,4,0,0,0,0,0,0,0,0x008D2781,Beige Base,0x009258BD,Used to craft various Poogie\nDecorations. Bring it to the\nSmithy!
5342,4,5,99,35,3,0,0,0,0,0,0,0,0x008D278C,Cobalt Base,0x009258FF,Used to craft various Poogie\nDecorations. Bring it to the\nSmithy!
5343,4,5,99,35,3,0,0,0,0,0,0,0,0x008D2798,Heather Base,0x00925941,Used to craft various Poogie\nDecorations. Bring it to the\nSmithy!
5344,4,5,99,35,4,0,0,0,0,0,0,0,0x008D27A5,Corn Base,0x00925983,Used to craft various Poogie\nDecorations. Bring it to the\nSmithy!
5345,4,5,99,33,1,0,0,0,0,0,0,0,0x008D27AF,Wild Artisoul,0x009259C5,The valiant soul of black-\nsmiths striving to forge\nthe strongest equipment.
5346,4,5,99,33,0,0,0,0,0,0,0,0,0x008D27BD,Calm Artisoul,0x00925A12,The cordial soul of black-\nsmiths striving to forge\nthe strongest equipment.
5347,4,5,99,33,8,0,0,0,0,0,0,0,0x008D27CB,Joyful Artisoul,0x00925A5F,The lovable soul of black-\nsmiths striving to forge\nthe strongest equipment.
5348,4,5,99,33,10,0,0,0,0,0,0,0,0x008D27DB,Novel Artisoul,0x00925AAC,The learned soul of black-\nsmiths striving to forge\nthe strongest equipment.
5349,4,5,99,5,6,0,0,0,0,0,0,0,0x008D27EA,Lavasioth Doll (B),0x00925AF9,A Lavasioth-like doll that\nappears at certain times of\nthe year. Not edible.
5350,4,5,99,5,1,0,0,0,0,0,0,0,0x008D27FD,Lavasioth Doll (R),0x00925B46,A Lavasioth-like doll that\nappears at certain times of\nthe year. Not edible.
5351,4,5,99,5,0,0,0,0,0,0,0,0,0x008D2810,Lavasioth Doll (W),0x00925B93,A Lavasioth-like doll that\nappears at certain times of\nthe year. Not edible.
5352,4,5,99,5,2,0,0,0,0,0,0,0,0x008D2823,Lavasioth Doll (G),0x00925BE0,A Lavasioth-like doll that\nappears at certain times of\nthe year. Not edible.
5353,4,5,99,5,5,0,0,0,0,0,0,0,0x008D2836,Lavasioth Doll (P),0x00925C2D,A Lavasioth-like doll that\nappears at certain times of\nthe year. Not edible.
5354,4,5,99,9,10,0,0,0,0,0,0,0,0x008D2849,Immature Blk Shl,0x00925C7A,"A juvenile monster's shell.\nFlexible, but its toughness\nleaves a lot to be desired."
5355,4,5,99,9,10,0,0,0,0,0,0,0,0x008D285A,Sturdy Blk Shl,0x00925CCE,A bulky monster's shell.\nCommonly used to forge armor\nor craft various furniture.
5356,4,5,99,9,10,0,0,0,0,0,0,0,0x008D2869,ExcavatedBlkShl,0x00925D20,A pristine black shell\nrecently discovered by the\nGuild. Surprisingly tough.
5357,4,5,1,6,1,0,0,0,0,0,0,0,0x008D2879,Red Tools,0x00925D6D,"A bizarre set of tools, much\nin demand by some artisans.\nWhat could it contain?"
5358,4,5,1,6,2,0,0,0,0,0,0,0,0x008D2883,Green Tools,0x00925DBD,"A bizarre set of tools, much\nin demand by some artisans.\nWhat could it contain?"
5359,4,5,1,6,3,0,0,0,0,0,0,0,0x008D288F,Blue Tools,0x00925E0D,"A bizarre set of tools, much\nin demand by some artisans.\nWhat could it contain?"
5360,4,5,1,6,5,0,0,0,0,0,0,0,0x008D289A,Purple Tools,0x00925E5D,"A bizarre set of tools, much\nin demand by some artisans.\nWhat could it contain?"
5361,4,5,1,6,6,0,0,0,0,0,0,0,0x008D28A7,Teal Tools,0x00925EAD,"A bizarre set of tools, much\nin demand by some artisans.\nWhat could it contain?"
5362,4,5,1,6,7,0,0,0,0,0,0,0,0x008D28B2,Orange Tools,0x00925EFD,"A bizarre set of tools, much\nin demand by some artisans.\nWhat could it contain?"
5363,4,5,1,6,8,0,0,0,0,0,0,0,0x008D28BF,Pink Tools,0x00925F4D,"A bizarre set of tools, much\nin demand by some artisans.\nWhat could it contain?"
5364,4,5,1,6,10,0,0,0,0,0,0,0,0x008D28CA,Black Tools,0x00925F9D,"A bizarre set of tools, much\nin demand by some artisans.\nWhat could it contain?"
5365,4,5,99,37,2,0,0,0,0,0,0,0,0x008D28D6,Confidant Ticket,0x0010B6FE,時も場所も選ばず、誇れる\nものがたった１つだけあると\nすれば、それは仲間との絆。
5366,4,5,99,27,2,0,0,0,0,0,0,0,0x008D28E7,Confidant Force,0x0010B6FE,時も場所も選ばず、誇れる\nものがたった１つだけあると\nすれば、それは仲間との絆。
5367,4,5,99,37,1,0,0,0,0,0,0,0,0x008D28F7,Confidant Seal,0x0010B6FE,時も場所も選ばず、誇れる\nものがたった１つだけあると\nすれば、それは仲間との絆。
5368,4,5,99,27,4,0,0,0,0,0,0,0,0x008D2906,Sharp Bright Clay,0x0010B74D,放置すると鋭い形状に変化し、\n圧力を加えると発光しながら\n形状を変える不思議な粘土。
5369,4,5,99,27,10,0,0,0,0,0,0,0,0x008D2918,Wavestone,0x0010B7A0,ほとんど摩擦を感じない\n滑らかな石。たくさん集めて\n袋に詰めると、よく動き回る。
5370,4,5,99,36,7,0,0,0,0,0,0,0,0x008D2922,The Heart of a Man,0x0010B7EF,男心の移ろいやすさを綴った\n綺麗な詩集。著者は女性だが\n共感する男性も多いとか。
5371,4,5,99,31,10,0,0,0,0,0,0,0,0x008D2935,Black Spikes,0x0010B83E,天才職人が戯れで作った玩具。\n極めて出来がよく、武器の\n一部としてさえ使えるほど。
5372,4,5,99,10,4,0,0,0,0,0,0,0,0x008D2942,Lrg Shimmerbone,0x0010B88F,特殊な地層に埋もれたまま\n長い時を経て、ぼんやりと\n光るようになった巨大な骨。
5373,4,5,99,37,1,0,0,0,0,0,0,0,0x008D2952,Secret Design α,0x00103CC8,新しい秘密兵器の生産方法が\n書かれている図面。１枚では\n読み取ることができない。
5374,4,5,99,27,10,0,0,0,0,0,0,0,0x008D2963,Lunar Ink,0x0010B8DC,ある民族が夜の狩りで使う墨。\n肌と衣服を真っ黒に塗り、\n闇に乗じて獲物を仕留める。
5375,4,5,99,37,2,0,0,0,0,0,0,0,0x008D296D,Fest Echo I,0x00925FED,Awarded to those who have\nhoned their skills in the\nHunter Fest.
5376,4,5,99,37,2,0,0,0,0,0,0,0,0x008D2979,Fest Echo II,0x0092602E,Awarded to those who have\nhoned their skills in the\nHunter Fest.
5377,4,5,99,37,2,0,0,0,0,0,0,0,0x008D2986,Fest Echo III,0x0092606F,Awarded to those who have\nhoned their skills in the\nHunter Fest.
5378,4,5,99,37,2,0,0,0,0,0,0,0,0x008D2994,Fest Echo IV,0x009260B0,Awarded to those who have\nhoned their skills in the\nHunter Fest.
5379,4,5,99,33,7,0,0,0,0,0,0,0,0x008D29A1,Glossy Fragments,0x009260F1,A small part of the Taikun\nZamuza's shell. Tough enough\nto withstand fine craft.
5380,4,5,99,36,8,0,0,0,0,0,0,0,0x008D29B2,Book of Clowning,0x00926142,A book of countless happy\nideas for those wanting to\nbecome first-rate clowns.
5381,4,5,99,27,5,0,0,0,0,0,0,0,0x008D29C3,Purple Purecrystal,0x00926191,"While normally gray, this\nrare crystal shines purple\nin its pure form."
5382,4,5,99,36,7,0,0,0,0,0,0,0,0x008D29D6,Tome of Clowning,0x009261D8,A book of countless funny\nideas for those wanting to\nmaster the art of clowning.
5383,4,5,99,34,1,0,0,0,0,0,0,0,0x008D29E7,Hardcore Medal,0x00926229,A lynian medal stamped with\na pawprint. Its engraving\nis unfamiliar.
5384,4,5,99,37,4,0,0,0,0,0,0,0,0x008D29F6,Secret Ticket 1,0x0092626E,A ticket awarded for one's\ncommitment to mastering the\nSecret Codices.
5385,4,5,99,37,7,0,0,0,0,0,0,0,0x008D2A06,Secret Ticket 2,0x009262B5,A ticket awarded for one's\ncommitment to mastering the\nSecret Codices.
5386,4,5,99,37,8,0,0,0,0,0,0,0,0x008D2A16,Secret Ticket 3,0x009262FC,A ticket awarded for one's\ncommitment to mastering the\nSecret Codices.
5387,4,5,99,53,1,0,0,0,0,0,0,0,0x008D2A26,Secret Compass,0x0010BB48,ハンター同士が手を取り合う\nことで、更なる高みへと\n導かれることだろう。
5388,3,4,99,33,7,0,0,0,0,0,0,0,0x008D2A35,Sparkling Shard,0x00926343,The Felyne Caretaker's\nfavorite. You may be able\nto trade it for something.
5389,3,4,99,33,4,0,0,0,0,0,0,0,0x008D2A45,Shiny Shard,0x0092638F,The Felyne Caretaker's\nfavorite. You may be able\nto trade it for something.
5390,3,4,99,33,0,0,0,0,0,0,0,0,0x008D2A51,Fluffy Shard,0x009263DB,The Felyne Caretaker's\nfavorite. You may be able\nto trade it for something.
5391,3,4,99,33,6,0,0,0,0,0,0,0,0x008D2A5E,Smooth Shard,0x00926427,The Felyne Caretaker's\nfavorite. You may be able\nto trade it for something.
5392,3,4,99,37,0,0,0,0,0,0,0,0,0x008D2A6B,Guild Endorsement,0x00926473,A letter of recommendation\ngiven to promising hunters.\nTry bringing it to a Quest!
5393,3,4,99,37,0,0,0,0,0,0,0,0,0x000D8E96,ダミー５３９３,0x0000276D,ダミー
5394,3,4,99,37,0,0,0,0,0,0,0,0,0x000D8EA5,ダミー５３９４,0x0000276D,ダミー
5395,4,5,99,37,3,0,0,0,0,0,0,0,0x008D2A7D,Noble Design,0x009264C6,A guide on dressing like a\nreal aristocrat. Turn heads\nwith our irresistible style.
5396,4,5,99,37,2,0,0,0,0,0,0,0,0x008D2A8A,Fledgling Design,0x0092651A,A guide on dressing like a\nfledgling pupil. Strangely\n...nostalgic!?
5397,4,5,99,37,10,0,0,0,0,0,0,0,0x008D2A9B,Rider Design,0x0092655F,A guide on dressing like a\nbiker. Unleash your inner\nspeed demon and ride on!
5398,4,5,99,37,2,0,0,0,0,0,0,0,0x008D2AA8,Garden Design,0x0010BC96,心地よいガーデン風の\n部屋を作るための図面。\n季節の匂いが感じられる。
5399,4,5,99,37,7,0,0,0,0,0,0,0,0x008D2AB6,Mechanical Design,0x0010BCDB,見ているだけで心が躍る。\nからくりがいっぱいの\n部屋を作るための図面。
5400,4,5,1,35,2,0,0,0,5,0,0,0,0x008D2AC8,Rec Up Berry,0x009265AD,Produces a cloud around the\narea that temporarily boosts\nhealth recovery.
5401,4,5,99,43,0,0,0,0,0,0,0,0,0x008D2AD5,Iron Black Jewel,0x009265F7,An indispensable item used\nin Decorations. Exceedingly\nrare and valuable.
5402,4,5,99,43,5,0,0,0,0,0,0,0,0x008D2AE6,Iris Jewel,0x00926641,An indispensable item used\nin Decorations. Exceedingly\nrare and valuable.
5403,4,5,99,43,2,0,0,0,0,0,0,0,0x008D2AF1,Horsetail Jewel,0x0092668B,An indispensable item used\nin Decorations. Exceedingly\nrare and valuable.
5404,4,5,99,43,0,0,0,0,0,0,0,0,0x008D2B01,Argent Jewel,0x009266D5,An indispensable item used\nin Decorations. Exceedingly\nrare and valuable.
5405,4,5,99,43,4,0,0,0,0,0,0,0,0x008D2B0E,Pale Orange Jwl,0x0092671F,An indispensable item used\nin Decorations. Exceedingly\nrare and valuable.
5406,4,5,99,43,7,0,0,0,0,0,0,0,0x008D2B1E,Vermillion Jewel,0x00926769,An indispensable item used\nin Decorations. Exceedingly\nrare and valuable.
5407,4,5,99,43,0,0,0,0,0,0,0,0,0x008D2B2F,Sienna Jewel,0x009267B3,An indispensable item used\nin Decorations. Exceedingly\nrare and valuable.
5408,4,5,99,43,4,0,0,0,0,0,0,0,0x008D2B3C,Buttermilk Jewel,0x009267FD,An indispensable item used\nin Decorations. Exceedingly\nrare and valuable.
5409,4,5,99,43,3,0,0,0,0,0,0,0,0x008D2B4D,Dusky Blue Jewel,0x00926847,An indispensable item used\nin Decorations. Exceedingly\nrare and valuable.
5410,4,5,99,43,5,0,0,0,0,0,0,0,0x008D2B5E,Light Purple Jwl,0x00926891,An indispensable item used\nin Decorations. Exceedingly\nrare and valuable.
5411,6,7,99,43,4,0,100000,100,0,1772,0,0,0x008D2B6F,Tectonic Jewel+,0x009268DB,A Decoration for experts\nenchanted by rich skill\ncombinations.
5412,6,7,99,43,8,0,100000,100,0,1773,0,0,0x008D2B7F,Fate Jewel+,0x0092691A,A Decoration for experts\nenchanted by rich skill\ncombinations.
5413,6,7,99,43,4,0,100000,100,0,1774,0,0,0x008D2B8B,Capacity Jewel+,0x00926959,A Decoration for experts\nenchanted by rich skill\ncombinations.
5414,6,7,99,43,2,0,100000,100,0,1775,0,0,0x008D2B9B,Resistance Jwl+,0x00926998,A Decoration for experts\nenchanted by rich skill\ncombinations.
5415,6,7,99,43,8,0,100000,100,0,1776,0,0,0x008D2BAB,Friendship Jwl+,0x009269D7,A Decoration for experts\nenchanted by rich skill\ncombinations.
5416,6,7,99,43,7,0,100000,100,0,1777,0,0,0x008D2BBB,ShotPlus Jewel+,0x00926A16,A Decoration for experts\nenchanted by rich skill\ncombinations.
5417,6,7,99,43,7,0,100000,100,0,1778,0,0,0x008D2BCB,PiercePlus Jwl+,0x00926A55,A Decoration for experts\nenchanted by rich skill\ncombinations.
5418,6,7,99,43,7,0,100000,100,0,1779,0,0,0x008D2BDB,PelletPlus Jwl+,0x00926A94,A Decoration for experts\nenchanted by rich skill\ncombinations.
5419,6,7,99,43,10,0,100000,100,0,1780,0,0,0x008D2BEB,Sloth Jewel+,0x00926AD3,A Decoration for experts\nenchanted by rich skill\ncombinations.
5420,6,7,99,43,10,0,100000,100,0,1781,0,0,0x008D2BF8,Frailty Jewel+,0x00926B12,A Decoration for experts\nenchanted by rich skill\ncombinations.
5421,4,5,99,9,1,0,100000,10000,0,0,0,0,0x008D2C07,Teo Blazewing,0x00926B51,A wing imbued with hellfire.\nUsed to forge the finest of\nequipment.
5422,4,5,99,27,7,0,100000,10000,0,0,0,0,0x008D2C15,Pariapuria Stone,0x00926B95,A stone covered in bodily\nfluids. It seems to have\nsome sort of special power.
5423,4,5,99,23,10,0,100000,10000,0,0,0,0,0x008D2C26,Charred Drag Scl,0x00926BE4,A scale seemingly charred by\nthe Draguros's overflowing\npower. Priceless.
5424,4,5,99,43,10,0,2400,240,7,1782,0,0,0x008D2C37,Throwing Jewel 2,0x00926C2E,A Decoration that boosts\nKnives skills.
5425,4,5,99,43,2,0,2400,240,7,1783,0,0,0x008D2C48,Mindful Jwl 1,0x00926C56,A Decoration that boosts\nShock Absorber skills.
5426,4,5,99,43,1,0,2400,240,7,1784,0,0,0x008D2C56,Def Lock Jewel 1,0x00926C86,A Decoration that boosts\nDef Lock skills.
5427,4,5,99,43,4,0,0,0,7,1785,2,0,0x008D2C67,Handling 2 PA1,0x00926CB0,A Haven Poogie Decoration.\nIncompatible with certain\noutfits.
5428,4,5,99,43,4,0,0,0,7,1786,2,0,0x008D2C76,Handling 2 PA2,0x00926CEE,A Haven Poogie Decoration.\nIncompatible with certain\noutfits.
5429,4,5,99,43,4,0,0,0,7,1787,2,0,0x008D2C85,Elemental 2 PA1,0x00926D2C,A Haven Poogie Decoration.\nIncompatible with certain\noutfits.
5430,4,5,99,43,4,0,0,0,7,1788,2,0,0x008D2C95,Elemental 2 PA2,0x00926D6A,A Haven Poogie Decoration.\nIncompatible with certain\noutfits.
5431,4,5,99,43,4,0,0,0,7,1789,2,0,0x008D2CA5,Stam Rec 2 PA1,0x00926DA8,A Haven Poogie Decoration.\nIncompatible with certain\noutfits.
5432,4,5,99,43,4,0,0,0,7,1790,2,0,0x008D2CB4,Stam Rec 2 PA2,0x00926DE6,A Haven Poogie Decoration.\nIncompatible with certain\noutfits.
5433,4,5,99,43,4,0,0,0,7,1791,2,0,0x008D2CC3,Handicraft 2 PA1,0x00926E24,A Haven Poogie Decoration.\nIncompatible with certain\noutfits.
5434,4,5,99,43,4,0,0,0,7,1792,2,0,0x008D2CD4,Handicraft 2 PA2,0x00926E62,A Haven Poogie Decoration.\nIncompatible with certain\noutfits.
5435,4,5,99,43,4,0,0,0,7,1793,2,0,0x008D2CE5,Knives 2 PA1,0x00926EA0,A Haven Poogie Decoration.\nIncompatible with certain\noutfits.
5436,4,5,99,43,4,0,0,0,7,1794,2,0,0x008D2CF2,Knives 2 PA2,0x00926EDE,A Haven Poogie Decoration.\nIncompatible with certain\noutfits.
5437,4,5,99,43,4,0,0,0,7,1795,2,0,0x008D2CFF,Combo Rate 2 PA3,0x00926F1C,A Haven Poogie Decoration.\nIncompatible with certain\noutfits.
5438,4,5,99,43,4,0,0,0,7,1796,2,0,0x008D2D10,Combo Rate 2 PA4,0x00926F5A,A Haven Poogie Decoration.\nIncompatible with certain\noutfits.
5439,4,5,99,43,4,0,0,0,7,1797,2,0,0x008D2D21,Para SC+ 2 PB1,0x00926F98,A Haven Poogie Decoration.\nIncompatible with certain\noutfits.
5440,4,5,99,43,4,0,0,0,7,1798,2,0,0x008D2D30,Para SC+ 2 PB2,0x00926FD6,A Haven Poogie Decoration.\nIncompatible with certain\noutfits.
5441,4,5,99,43,4,0,0,0,7,1799,2,0,0x008D2D3F,Para SC+ 2 PB3,0x00927014,A Haven Poogie Decoration.\nIncompatible with certain\noutfits.
5442,4,5,99,43,4,0,0,0,7,1800,2,0,0x008D2D4E,Stamina 2 PB3,0x00927052,A Haven Poogie Decoration.\nIncompatible with certain\noutfits.
5443,4,5,99,43,4,0,0,0,7,1801,2,0,0x008D2D5C,Stamina 2 PB4,0x00927090,A Haven Poogie Decoration.\nIncompatible with certain\noutfits.
5444,4,5,99,43,4,0,0,0,7,1802,2,0,0x008D2D6A,Stamina 2 PB5,0x009270CE,A Haven Poogie Decoration.\nIncompatible with certain\noutfits.
5445,4,5,99,43,4,0,0,0,7,1803,2,0,0x008D2D78,Tremor Res 2 PB5,0x0092710C,A Haven Poogie Decoration.\nIncompatible with certain\noutfits.
5446,4,5,99,43,4,0,0,0,7,1804,2,0,0x008D2D89,Tremor Res 2 PB6,0x0092714A,A Haven Poogie Decoration.\nIncompatible with certain\noutfits.
5447,4,5,99,43,4,0,0,0,7,1805,2,0,0x008D2D9A,Tremor Res 2 PB7,0x00927188,A Haven Poogie Decoration.\nIncompatible with certain\noutfits.
5448,4,5,99,43,4,0,0,0,7,1806,2,0,0x008D2DAB,Precision 2 PB3,0x009271C6,A Haven Poogie Decoration.\nIncompatible with certain\noutfits.
5449,4,5,99,43,4,0,0,0,7,1807,2,0,0x008D2DBB,Precision 2 PB4,0x00927204,A Haven Poogie Decoration.\nIncompatible with certain\noutfits.
5450,4,5,99,43,4,0,0,0,7,1808,2,0,0x008D2DCB,Precision 2 PB5,0x00927242,A Haven Poogie Decoration.\nIncompatible with certain\noutfits.
5451,4,5,99,43,4,0,0,0,7,1809,2,0,0x008D2DDB,Def Lock 2 PB1,0x00927280,A Haven Poogie Decoration.\nIncompatible with certain\noutfits.
5452,4,5,99,43,4,0,0,0,7,1810,2,0,0x008D2DEA,Def Lock 2 PB2,0x009272BE,A Haven Poogie Decoration.\nIncompatible with certain\noutfits.
5453,4,5,99,43,4,0,0,0,7,1811,2,0,0x008D2DF9,Def Lock 2 PB3,0x009272FC,A Haven Poogie Decoration.\nIncompatible with certain\noutfits.
5454,4,5,99,43,4,0,0,0,7,1812,2,0,0x008D2E08,Bomb SC+ 2 PB3,0x0092733A,A Haven Poogie Decoration.\nIncompatible with certain\noutfits.
5455,4,5,99,43,4,0,0,0,7,1813,2,0,0x008D2E17,Bomb SC+ 2 PB4,0x00927378,A Haven Poogie Decoration.\nIncompatible with certain\noutfits.
5456,4,5,99,43,4,0,0,0,7,1814,2,0,0x008D2E26,Bomb SC+ 2 PB5,0x009273B6,A Haven Poogie Decoration.\nIncompatible with certain\noutfits.
5457,4,5,99,43,4,0,0,0,7,1815,2,0,0x008D2E35,Mndfulness 2 PB1,0x009273F4,A Haven Poogie Decoration.\nIncompatible with certain\noutfits.
5458,4,5,99,43,4,0,0,0,7,1816,2,0,0x008D2E46,Mndfulness 2 PB2,0x00927432,A Haven Poogie Decoration.\nIncompatible with certain\noutfits.
5459,4,5,99,43,4,0,0,0,7,1817,2,0,0x008D2E57,Mndfulness 2 PB3,0x00927470,A Haven Poogie Decoration.\nIncompatible with certain\noutfits.
5460,4,5,99,43,4,0,0,0,7,1818,2,0,0x008D2E68,WideRange 2 PB1,0x009274AE,A Haven Poogie Decoration.\nIncompatible with certain\noutfits.
5461,4,5,99,43,4,0,0,0,7,1819,2,0,0x008D2E78,WideRange 2 PB2,0x009274EC,A Haven Poogie Decoration.\nIncompatible with certain\noutfits.
5462,4,5,99,43,4,0,0,0,7,1820,2,0,0x008D2E88,WideRange 2 PB3,0x0092752A,A Haven Poogie Decoration.\nIncompatible with certain\noutfits.
5463,3,4,99,43,4,0,0,0,7,1821,2,0,0x008D2E98,Wind Res 2 PC1,0x00927568,A Haven Poogie Decoration.\nIncompatible with certain\noutfits.
5464,3,4,99,43,4,0,0,0,7,1822,2,0,0x008D2EA7,Wind Res 2 PC2,0x009275A6,A Haven Poogie Decoration.\nIncompatible with certain\noutfits.
5465,3,4,99,43,4,0,0,0,7,1823,2,0,0x008D2EB6,Wind Res 2 PC3,0x009275E4,A Haven Poogie Decoration.\nIncompatible with certain\noutfits.
5466,3,4,99,43,4,0,0,0,7,1824,2,0,0x008D2EC5,Wind Res 2 PC4,0x00927622,A Haven Poogie Decoration.\nIncompatible with certain\noutfits.
5467,3,4,99,43,4,0,0,0,7,1825,2,0,0x008D2ED4,Wind Res 2 PC5,0x00927660,A Haven Poogie Decoration.\nIncompatible with certain\noutfits.
5468,3,4,99,43,4,0,0,0,7,1826,2,0,0x008D2EE3,Sleep SC+ 2 PC4,0x0092769E,A Haven Poogie Decoration.\nIncompatible with certain\noutfits.
5469,3,4,99,43,4,0,0,0,7,1827,2,0,0x008D2EF3,Sleep SC+ 2 PC5,0x009276DC,A Haven Poogie Decoration.\nIncompatible with certain\noutfits.
5470,3,4,99,43,4,0,0,0,7,1828,2,0,0x008D2F03,Sleep SC+ 2 PC6,0x0092771A,A Haven Poogie Decoration.\nIncompatible with certain\noutfits.
5471,3,4,99,43,4,0,0,0,7,1829,2,0,0x008D2F13,Sleep SC+ 2 PC7,0x00927758,A Haven Poogie Decoration.\nIncompatible with certain\noutfits.
5472,3,4,99,43,4,0,0,0,7,1830,2,0,0x008D2F23,Sleep SC+ 2 PC8,0x00927796,A Haven Poogie Decoration.\nIncompatible with certain\noutfits.
5473,3,4,99,43,4,0,0,0,7,1831,2,0,0x008D2F33,Fasting 2 PC4,0x009277D4,A Haven Poogie Decoration.\nIncompatible with certain\noutfits.
5474,3,4,99,43,4,0,0,0,7,1832,2,0,0x008D2F41,Fasting 2 PC5,0x00927812,A Haven Poogie Decoration.\nIncompatible with certain\noutfits.
5475,3,4,99,43,4,0,0,0,7,1833,2,0,0x008D2F4F,Fasting 2 PC6,0x00927850,A Haven Poogie Decoration.\nIncompatible with certain\noutfits.
5476,3,4,99,43,4,0,0,0,7,1834,2,0,0x008D2F5D,Fasting 2 PC7,0x0092788E,A Haven Poogie Decoration.\nIncompatible with certain\noutfits.
5477,3,4,99,43,4,0,0,0,7,1835,2,0,0x008D2F6B,Fasting 2 PC8,0x009278CC,A Haven Poogie Decoration.\nIncompatible with certain\noutfits.
5478,3,4,99,43,4,0,0,0,7,1836,2,0,0x008D2F79,PoisonSC+ 2 PC7,0x0092790A,A Haven Poogie Decoration.\nIncompatible with certain\noutfits.
5479,3,4,99,43,4,0,0,0,7,1837,2,0,0x008D2F89,PoisonSC+ 2 PC8,0x00927948,A Haven Poogie Decoration.\nIncompatible with certain\noutfits.
5480,3,4,99,43,4,0,0,0,7,1838,2,0,0x008D2F99,PoisonSC+ 2 PC9,0x00927986,A Haven Poogie Decoration.\nIncompatible with certain\noutfits.
5481,3,4,99,43,4,0,0,0,7,1839,2,0,0x008D2FA9,PoisonSC+ 2 PC10,0x009279C4,A Haven Poogie Decoration.\nIncompatible with certain\noutfits.
5482,3,4,99,43,4,0,0,0,7,1840,2,0,0x008D2FBA,PoisonSC+ 2 PC11,0x00927A02,A Haven Poogie Decoration.\nIncompatible with certain\noutfits.
5483,3,4,99,43,4,0,0,0,7,1841,2,0,0x008D2FCB,Potential 2 PC4,0x00927A40,A Haven Poogie Decoration.\nIncompatible with certain\noutfits.
5484,3,4,99,43,4,0,0,0,7,1842,2,0,0x008D2FDB,Potential 2 PC5,0x00927A7E,A Haven Poogie Decoration.\nIncompatible with certain\noutfits.
5485,3,4,99,43,4,0,0,0,7,1843,2,0,0x008D2FEB,Potential 2 PC6,0x00927ABC,A Haven Poogie Decoration.\nIncompatible with certain\noutfits.
5486,3,4,99,43,4,0,0,0,7,1844,2,0,0x008D2FFB,Potential 2 PC7,0x00927AFA,A Haven Poogie Decoration.\nIncompatible with certain\noutfits.
5487,3,4,99,43,4,0,0,0,7,1845,2,0,0x008D300B,Potential 2 PC8,0x00927B38,A Haven Poogie Decoration.\nIncompatible with certain\noutfits.
5488,3,4,99,43,4,0,0,0,7,1846,2,0,0x008D301B,Loading 2 PC4,0x00927B76,A Haven Poogie Decoration.\nIncompatible with certain\noutfits.
5489,3,4,99,43,4,0,0,0,7,1847,2,0,0x008D3029,Loading 2 PC5,0x00927BB4,A Haven Poogie Decoration.\nIncompatible with certain\noutfits.
5490,3,4,99,43,4,0,0,0,7,1848,2,0,0x008D3037,Loading 2 PC6,0x00927BF2,A Haven Poogie Decoration.\nIncompatible with certain\noutfits.
5491,3,4,99,43,4,0,0,0,7,1849,2,0,0x008D3045,Loading 2 PC7,0x00927C30,A Haven Poogie Decoration.\nIncompatible with certain\noutfits.
5492,3,4,99,43,4,0,0,0,7,1850,2,0,0x008D3053,Loading 2 PC8,0x00927C6E,A Haven Poogie Decoration.\nIncompatible with certain\noutfits.
5493,3,4,99,43,4,0,0,0,7,1851,2,0,0x008D3061,Dragon Res 2 PC4,0x00927CAC,A Haven Poogie Decoration.\nIncompatible with certain\noutfits.
5494,3,4,99,43,4,0,0,0,7,1852,2,0,0x008D3072,Dragon Res 2 PC5,0x00927CEA,A Haven Poogie Decoration.\nIncompatible with certain\noutfits.
5495,3,4,99,43,4,0,0,0,7,1853,2,0,0x008D3083,Dragon Res 2 PC6,0x00927D28,A Haven Poogie Decoration.\nIncompatible with certain\noutfits.
5496,3,4,99,43,4,0,0,0,7,1854,2,0,0x008D3094,Dragon Res 2 PC7,0x00927D66,A Haven Poogie Decoration.\nIncompatible with certain\noutfits.
5497,3,4,99,43,4,0,0,0,7,1855,2,0,0x008D30A5,Dragon Res 2 PC8,0x00927DA4,A Haven Poogie Decoration.\nIncompatible with certain\noutfits.
5498,3,4,99,43,4,0,0,0,7,1856,2,0,0x008D30B6,Hunger 2 PC4,0x00927DE2,A Haven Poogie Decoration.\nIncompatible with certain\noutfits.
5499,3,4,99,43,4,0,0,0,7,1857,2,0,0x008D30C3,Hunger 2 PC5,0x00927E20,A Haven Poogie Decoration.\nIncompatible with certain\noutfits.
5500,3,4,99,43,4,0,0,0,7,1858,2,0,0x008D30D0,Hunger 2 PC6,0x00927E5E,A Haven Poogie Decoration.\nIncompatible with certain\noutfits.
5501,3,4,99,43,4,0,0,0,7,1859,2,0,0x008D30DD,Hunger 2 PC7,0x00927E9C,A Haven Poogie Decoration.\nIncompatible with certain\noutfits.
5502,3,4,99,43,4,0,0,0,7,1860,2,0,0x008D30EA,Hunger 2 PC8,0x00927EDA,A Haven Poogie Decoration.\nIncompatible with certain\noutfits.
5503,3,4,99,43,4,0,0,0,7,1861,2,0,0x008D30F7,Para Res 2 PC4,0x00927F18,A Haven Poogie Decoration.\nIncompatible with certain\noutfits.
5504,3,4,99,43,4,0,0,0,7,1862,2,0,0x008D3106,Para Res 2 PC5,0x00927F56,A Haven Poogie Decoration.\nIncompatible with certain\noutfits.
5505,3,4,99,43,4,0,0,0,7,1863,2,0,0x008D3115,Para Res 2 PC6,0x00927F94,A Haven Poogie Decoration.\nIncompatible with certain\noutfits.
5506,3,4,99,43,4,0,0,0,7,1864,2,0,0x008D3124,Para Res 2 PC7,0x00927FD2,A Haven Poogie Decoration.\nIncompatible with certain\noutfits.
5507,3,4,99,43,4,0,0,0,7,1865,2,0,0x008D3133,Para Res 2 PC8,0x00928010,A Haven Poogie Decoration.\nIncompatible with certain\noutfits.
5508,3,4,99,43,4,0,0,0,7,1866,2,0,0x008D3142,Stun Res 2 PC4,0x0092804E,A Haven Poogie Decoration.\nIncompatible with certain\noutfits.
5509,3,4,99,43,4,0,0,0,7,1867,2,0,0x008D3151,Stun Res 2 PC5,0x0092808C,A Haven Poogie Decoration.\nIncompatible with certain\noutfits.
5510,3,4,99,43,4,0,0,0,7,1868,2,0,0x008D3160,Stun Res 2 PC6,0x009280CA,A Haven Poogie Decoration.\nIncompatible with certain\noutfits.
5511,3,4,99,43,4,0,0,0,7,1869,2,0,0x008D316F,Stun Res 2 PC7,0x00928108,A Haven Poogie Decoration.\nIncompatible with certain\noutfits.
5512,3,4,99,43,4,0,0,0,7,1870,2,0,0x008D317E,Stun Res 2 PC8,0x00928146,A Haven Poogie Decoration.\nIncompatible with certain\noutfits.
5513,3,4,99,43,4,0,0,0,7,1871,2,0,0x008D318D,Poison Res 2 PC4,0x00928184,A Haven Poogie Decoration.\nIncompatible with certain\noutfits.
5514,3,4,99,43,4,0,0,0,7,1872,2,0,0x008D319E,Poison Res 2 PC5,0x009281C2,A Haven Poogie Decoration.\nIncompatible with certain\noutfits.
5515,3,4,99,43,4,0,0,0,7,1873,2,0,0x008D31AF,Poison Res 2 PC6,0x00928200,A Haven Poogie Decoration.\nIncompatible with certain\noutfits.
5516,3,4,99,43,4,0,0,0,7,1874,2,0,0x008D31C0,Poison Res 2 PC7,0x0092823E,A Haven Poogie Decoration.\nIncompatible with certain\noutfits.
5517,3,4,99,43,4,0,0,0,7,1875,2,0,0x008D31D1,Poison Res 2 PC8,0x0092827C,A Haven Poogie Decoration.\nIncompatible with certain\noutfits.
5518,3,4,99,43,4,0,0,0,7,1876,2,0,0x008D31E2,SpdGather 2 PC7,0x009282BA,A Haven Poogie Decoration.\nIncompatible with certain\noutfits.
5519,3,4,99,43,4,0,0,0,7,1877,2,0,0x008D31F2,SpdGather 2 PC8,0x009282F8,A Haven Poogie Decoration.\nIncompatible with certain\noutfits.
5520,3,4,99,43,4,0,0,0,7,1878,2,0,0x008D3202,SpdGather 2 PC9,0x00928336,A Haven Poogie Decoration.\nIncompatible with certain\noutfits.
5521,3,4,99,43,4,0,0,0,7,1879,2,0,0x008D3212,SpdGather 2 PC10,0x00928374,A Haven Poogie Decoration.\nIncompatible with certain\noutfits.
5522,3,4,99,43,4,0,0,0,7,1880,2,0,0x008D3223,SpdGather 2 PC11,0x009283B2,A Haven Poogie Decoration.\nIncompatible with certain\noutfits.
5523,4,5,99,43,8,0,100000,5000,7,1881,1,0,0x008D3234,Handling 2 SA1,0x009283F0,A Haven Poogie Decoration.\nCompatible with all outfits.
5524,4,5,99,43,8,0,100000,5000,7,1882,1,0,0x008D3243,Fasting 2 SA1,0x00928428,A Haven Poogie Decoration.\nCompatible with all outfits.
5525,4,5,99,43,8,0,100000,5000,7,1883,1,0,0x008D3251,FastCharge 2 SA1,0x00928460,A Haven Poogie Decoration.\nCompatible with all outfits.
5526,4,5,99,43,8,0,100000,5000,7,1884,1,0,0x008D3262,Guard 2 SA1,0x00928498,A Haven Poogie Decoration.\nCompatible with all outfits.
5527,4,5,99,43,8,0,100000,5000,7,1885,1,0,0x008D326E,Precision 2 SA2,0x009284D0,A Haven Poogie Decoration.\nCompatible with all outfits.
5528,4,5,99,43,8,0,100000,5000,7,1886,1,0,0x008D327E,Protection 2 SA3,0x00928508,A Haven Poogie Decoration.\nCompatible with all outfits.
5529,4,5,99,43,8,0,10000,500,7,1887,1,0,0x008D328F,Knives 2 SB1,0x00928540,A Haven Poogie Decoration.\nCompatible with all outfits.
5530,4,5,99,43,8,0,10000,500,7,1888,1,0,0x008D329C,Knives 2 SB2,0x00928578,A Haven Poogie Decoration.\nCompatible with all outfits.
5531,4,5,99,43,8,0,10000,500,7,1889,1,0,0x008D32A9,Knives 2 SB3,0x009285B0,A Haven Poogie Decoration.\nCompatible with all outfits.
5532,4,5,99,43,8,0,10000,500,7,1890,1,0,0x008D32B6,Knives 2 SB4,0x009285E8,A Haven Poogie Decoration.\nCompatible with all outfits.
5533,4,5,99,43,8,0,10000,500,7,1891,1,0,0x008D32C3,Mndfulness 2 SB1,0x00928620,A Haven Poogie Decoration.\nCompatible with all outfits.
5534,4,5,99,43,8,0,10000,500,7,1892,1,0,0x008D32D4,Mndfulness 2 SB2,0x00928658,A Haven Poogie Decoration.\nCompatible with all outfits.
5535,4,5,99,43,8,0,10000,500,7,1893,1,0,0x008D32E5,Mndfulness 2 SB3,0x00928690,A Haven Poogie Decoration.\nCompatible with all outfits.
5536,4,5,99,43,8,0,10000,500,7,1894,1,0,0x008D32F6,Mndfulness 2 SB4,0x009286C8,A Haven Poogie Decoration.\nCompatible with all outfits.
5537,4,5,99,43,8,0,10000,500,7,1895,1,0,0x008D3307,Def Lock 2 SB1,0x00928700,A Haven Poogie Decoration.\nCompatible with all outfits.
5538,4,5,99,43,8,0,10000,500,7,1896,1,0,0x008D3316,Def Lock 2 SB2,0x00928738,A Haven Poogie Decoration.\nCompatible with all outfits.
5539,4,5,99,43,8,0,10000,500,7,1897,1,0,0x008D3325,Def Lock 2 SB3,0x00928770,A Haven Poogie Decoration.\nCompatible with all outfits.
5540,4,5,99,43,8,0,10000,500,7,1898,1,0,0x008D3334,Def Lock 2 SB4,0x009287A8,A Haven Poogie Decoration.\nCompatible with all outfits.
5541,3,4,99,43,8,0,1000,50,7,1899,1,0,0x008D3343,LastingPwr 2 SC4,0x009287E0,A Haven Poogie Decoration.\nCompatible with all outfits.
5542,3,4,99,43,8,0,1000,50,7,1900,1,0,0x008D3354,LastingPwr 2 SC5,0x00928818,A Haven Poogie Decoration.\nCompatible with all outfits.
5543,3,4,99,43,8,0,1000,50,7,1901,1,0,0x008D3365,LastingPwr 2 SC6,0x00928850,A Haven Poogie Decoration.\nCompatible with all outfits.
5544,3,4,99,43,8,0,1000,50,7,1902,1,0,0x008D3376,LastingPwr 2 SC7,0x00928888,A Haven Poogie Decoration.\nCompatible with all outfits.
5545,3,4,99,43,8,0,1000,50,7,1903,1,0,0x008D3387,LastingPwr 2 SC8,0x009288C0,A Haven Poogie Decoration.\nCompatible with all outfits.
5546,3,4,99,43,8,0,1000,50,7,1904,1,0,0x008D3398,WideRange 2 SC3,0x009288F8,A Haven Poogie Decoration.\nCompatible with all outfits.
5547,3,4,99,43,8,0,1000,50,7,1905,1,0,0x008D33A8,WideRange 2 SC4,0x00928930,A Haven Poogie Decoration.\nCompatible with all outfits.
5548,3,4,99,43,8,0,1000,50,7,1906,1,0,0x008D33B8,WideRange 2 SC5,0x00928968,A Haven Poogie Decoration.\nCompatible with all outfits.
5549,3,4,99,43,8,0,1000,50,7,1907,1,0,0x008D33C8,WideRange 2 SC6,0x009289A0,A Haven Poogie Decoration.\nCompatible with all outfits.
5550,3,4,99,43,8,0,1000,50,7,1908,1,0,0x008D33D8,WideRange 2 SC7,0x009289D8,A Haven Poogie Decoration.\nCompatible with all outfits.
5551,3,4,99,43,8,0,1000,50,7,1909,1,0,0x008D33E8,Recovery 2 SC3,0x00928A10,A Haven Poogie Decoration.\nCompatible with all outfits.
5552,3,4,99,43,8,0,1000,50,7,1910,1,0,0x008D33F7,Recovery 2 SC4,0x00928A48,A Haven Poogie Decoration.\nCompatible with all outfits.
5553,3,4,99,43,8,0,1000,50,7,1911,1,0,0x008D3406,Recovery 2 SC5,0x00928A80,A Haven Poogie Decoration.\nCompatible with all outfits.
5554,3,4,99,43,8,0,1000,50,7,1912,1,0,0x008D3415,Recovery 2 SC6,0x00928AB8,A Haven Poogie Decoration.\nCompatible with all outfits.
5555,3,4,99,43,8,0,1000,50,7,1913,1,0,0x008D3424,Recovery 2 SC7,0x00928AF0,A Haven Poogie Decoration.\nCompatible with all outfits.
5556,3,4,99,43,8,0,1000,50,7,1914,1,0,0x008D3433,Gluttony 2 SC5,0x00928B28,A Haven Poogie Decoration.\nCompatible with all outfits.
5557,3,4,99,43,8,0,1000,50,7,1915,1,0,0x008D3442,Gluttony 2 SC6,0x00928B60,A Haven Poogie Decoration.\nCompatible with all outfits.
5558,3,4,99,43,8,0,1000,50,7,1916,1,0,0x008D3451,Gluttony 2 SC7,0x00928B98,A Haven Poogie Decoration.\nCompatible with all outfits.
5559,3,4,99,43,8,0,1000,50,7,1917,1,0,0x008D3460,Gluttony 2 SC8,0x00928BD0,A Haven Poogie Decoration.\nCompatible with all outfits.
5560,3,4,99,43,8,0,1000,50,7,1918,1,0,0x008D346F,Gluttony 2 SC9,0x00928C08,A Haven Poogie Decoration.\nCompatible with all outfits.
5561,3,4,99,43,8,0,1000,50,7,1919,1,0,0x008D347E,Snow Res 2 SC5,0x00928C40,A Haven Poogie Decoration.\nCompatible with all outfits.
5562,3,4,99,43,8,0,1000,50,7,1920,1,0,0x008D348D,Snow Res 2 SC6,0x00928C78,A Haven Poogie Decoration.\nCompatible with all outfits.
5563,3,4,99,43,8,0,1000,50,7,1921,1,0,0x008D349C,Snow Res 2 SC7,0x00928CB0,A Haven Poogie Decoration.\nCompatible with all outfits.
5564,3,4,99,43,8,0,1000,50,7,1922,1,0,0x008D34AB,Snow Res 2 SC8,0x00928CE8,A Haven Poogie Decoration.\nCompatible with all outfits.
5565,3,4,99,43,8,0,1000,50,7,1923,1,0,0x008D34BA,Snow Res 2 SC9,0x00928D20,A Haven Poogie Decoration.\nCompatible with all outfits.
5566,3,4,99,43,8,0,1000,50,7,1924,1,0,0x008D34C9,BombBoost 2 SC5,0x00928D58,A Haven Poogie Decoration.\nCompatible with all outfits.
5567,3,4,99,43,8,0,1000,50,7,1925,1,0,0x008D34D9,BombBoost 2 SC6,0x00928D90,A Haven Poogie Decoration.\nCompatible with all outfits.
5568,3,4,99,43,8,0,1000,50,7,1926,1,0,0x008D34E9,BombBoost 2 SC7,0x00928DC8,A Haven Poogie Decoration.\nCompatible with all outfits.
5569,3,4,99,43,8,0,1000,50,7,1927,1,0,0x008D34F9,BombBoost 2 SC8,0x00928E00,A Haven Poogie Decoration.\nCompatible with all outfits.
5570,3,4,99,43,8,0,1000,50,7,1928,1,0,0x008D3509,BombBoost 2 SC9,0x00928E38,A Haven Poogie Decoration.\nCompatible with all outfits.
5571,4,5,99,37,0,0,0,0,0,0,0,0,0x008D3519,Caesius Tkt: Head,0x00928E70,Instructions on forging the\nCaesius armor. Bring them to\nthe Smithy!
5572,4,5,99,37,0,0,0,0,0,0,0,0,0x008D352B,Caesius Tkt: Chest,0x00928EB5,Instructions on forging the\nCaesius armor. Bring them to\nthe Smithy!
5573,4,5,99,37,0,0,0,0,0,0,0,0,0x008D353E,Caesius Tkt: Arms,0x00928EFA,Instructions on forging the\nCaesius armor. Bring them to\nthe Smithy!
5574,4,5,99,37,0,0,0,0,0,0,0,0,0x008D3550,Caesius Tkt: Waist,0x00928F3F,Instructions on forging the\nCaesius armor. Bring them to\nthe Smithy!
5575,4,5,99,37,0,0,0,0,0,0,0,0,0x008D3563,Caesius Tkt: Legs,0x00928F84,Instructions on forging the\nCaesius armor. Bring them to\nthe Smithy!
5576,4,5,99,37,0,0,0,0,0,0,0,0,0x008D3575,Gero Gladius Tkt,0x00928FC9,Instructions on forging the\nGelo Gladius. Bring them to\nthe Smithy!
5577,4,5,99,37,10,0,0,0,0,0,0,0,0x008D3586,Urnagladius Tkt,0x0092900D,Instructions on forging the\nUrna Gladius. Bring them to\nthe Smithy!
5578,4,5,99,37,10,0,0,0,0,0,0,0,0x008D3596,Sedum Ticket,0x00929051,Instructions on forging the\nMarcus Triton. Bring them to\nthe Smithy!
5579,4,5,99,37,0,0,0,0,0,0,0,0,0x008D35A3,Purum Ticket,0x00929096,Instructions on forging the\nMarcus Purus. Bring them to\nthe Smithy!
5580,4,5,99,37,10,0,0,0,0,0,0,0,0x008D35B0,Fame S Ticket,0x009290DA,Instructions on forging the\nFamous Sphere. Bring them to\nthe Smithy!
5581,4,5,99,37,10,0,0,0,0,0,0,0,0x008D35BE,Calypso S Ticket,0x0092911F,Instructions on forging the\nCharybdis Sphere. Bring them\nto the Smithy!
5582,4,5,99,37,10,0,0,0,0,0,0,0,0x008D35CF,Kano A Ticket,0x00929167,Instructions on forging\nthe Treasured Penance.\nBring them to the Smithy!
5583,4,5,99,37,0,0,0,0,0,0,0,0,0x008D35DD,Argum S Ticket,0x009291B0,Instructions on forging the\nChained Sphere. Bring them\nto the Smithy!
5584,4,5,99,37,0,0,0,0,0,0,0,0,0x008D35EC,Latin S Ticket,0x009291F6,Instructions on forging the\nAntique Sphere. Bring them\nto the Smithy!
5585,4,5,99,37,0,0,0,0,0,0,0,0,0x008D35FB,Urbelkana Ticket,0x0092923C,Instructions on forging the\nBattling Berkana. Bring them\nto the Smithy!
5586,4,5,99,27,2,0,0,0,0,0,0,0,0x008D360C,Ancient Quartz,0x0010C18B,太古の職人が加工を施したと\nされる晶石。失われた技術を\n使用しており、再現は不可能。
5587,4,5,99,27,4,0,0,0,0,0,0,0,0x008D361B,Corum Steel,0x0010C1DE,電流を通すと発熱する鋼石。\n高電圧をかければ肉も焼け\nるほど。
5588,4,5,99,33,4,0,0,0,0,0,0,0,0x008D3627,Megolum Wire,0x0010C21B,より高熱が出るようコルム鋼\n石を加工した鋼線。非常に丈\n夫で焼き切れることはない。
5589,4,5,99,24,3,0,0,0,0,0,0,0,0x008D3634,Onness Fluid,0x0010C26C,常温でも固体化する液体。\n触れた物質の温度を奪う\n性質がある。
5590,4,5,99,38,1,0,0,0,0,0,0,0,0x008D3641,Sword Fragment,0x0010C2A9,砕けた剣の欠片。\n砕けても鋭さは失われず、\n熱を帯びている。
5591,4,5,99,33,5,0,0,0,0,0,0,0,0x008D3650,Purple Icicle,0x0010C2E4,古の毒を閉じ込めた氷柱。\n溶け出した水は非常に危険。
5592,4,5,99,27,0,0,0,0,0,0,0,0,0x008D365E,Starlit Crystal,0x0010C318,光る粒子を含んだ結晶体。\n贈り物にしても喜ばれる。
5593,4,5,99,27,1,0,0,0,0,0,0,0,0x008D366E,Scrlt Drgnsteel,0x0010C34A,どこからも採掘した記録がな\nい深緋の金属。龍の属性を\n帯びている。
5594,4,5,99,27,1,0,0,0,0,0,0,0,0x008D367E,Ghost Iron,0x0010C38B,どんなに屈強な鬼でもこの金\n属で作られた棒で叩かれると\n泣きだすと言われる謎の鉱石。
5595,4,5,99,37,1,0,0,0,0,0,0,0,0x008D3689,Guild Banner,0x0010C3DE,ハンターズギルドに認められ\nたハンターにのみ挙げること\nが許される伝説のバナー。
5596,4,5,99,27,3,0,0,0,0,0,0,0,0x008D3696,Mallow Caldite,0x00929284,An ore said to contain the\npower of flame. Its color\nchanges with viewing angle.
5597,4,5,99,27,2,0,0,0,0,0,0,0,0x008D36A5,Judas Caldite,0x009292D5,An ore said to contain the\npower of flame. Its color\nchanges with viewing angle.
5598,4,5,99,37,10,0,0,0,0,0,0,0,0x008D36B3,Black Fest Mem.,0x00929326,Awarded to those who have\nhoned their skills in the\nHunter Fest.
5599,4,5,99,37,10,0,0,0,0,0,0,0,0x008D36C3,White Fest Mem.,0x00929367,Awarded to those who have\nhoned their skills in the\nHunter Fest.
5600,4,5,99,37,2,0,0,0,0,0,0,0,0x008D36D3,Fest Echo V,0x009293A8,Awarded to those who have\nhoned their skills in the\nHunter Fest.
5601,4,5,99,37,2,0,0,0,0,0,0,0,0x008D36DF,Fest Echo VI,0x009293E9,Awarded to those who have\nhoned their skills in the\nHunter Fest.
5602,4,5,99,37,2,0,0,0,0,0,0,0,0x008D36EC,Fest Echo VII,0x0092942A,Awarded to those who have\nhoned their skills in the\nHunter Fest.
5603,4,5,99,37,2,0,0,0,0,0,0,0,0x008D36FA,Fest Echo VIII,0x0092946B,Awarded to those who have\nhoned their skills in the\nHunter Fest.
5604,4,5,99,37,2,0,0,0,0,0,0,0,0x008D3709,Fest Echo IX,0x009294AC,Awarded to those who have\nhoned their skills in the\nHunter Fest.
5605,4,5,99,37,2,0,0,0,0,0,0,0,0x008D3716,Fest Echo X,0x009294ED,Awarded to those who have\nhoned their skills in the\nHunter Fest.
5606,4,5,99,37,6,0,0,0,0,0,0,0,0x008D3722,HC Crafting Tkt,0x0092952E,Awarded to those who have\nhoned their skills in the\nHunter Fest.
5607,4,5,99,14,3,0,0,0,0,0,0,0,0x008D3732,Blue Hunter Hide,0x0092956F,"The hide of the ever-present\n""Blue Hunter"". It seems to\ncome from a young specimen."
5608,4,5,99,14,1,0,0,0,0,0,0,0,0x008D3743,Red Hunter Hide,0x009295C3,"The hide of the ever-present\n""Red Hunter"". It seems to\ncome from a young specimen."
5609,4,5,99,27,5,0,0,0,0,0,0,0,0x008D3753,Anti-Dragon Steel,0x0010C4EE,ある事態を想定し、ギルドが\n工房へ開発を依頼した合金。\n龍属性が高くなるように配合。
5610,4,5,99,33,2,0,0,0,0,0,0,0,0x008D3765,Eastern Bamboo,0x00929616,Bamboo bought from a distant\nland by the Hunter's Guild.\nUsed during an annual event.
5611,4,5,99,33,4,0,0,0,0,0,0,0,0x008D3774,Eastern Strip,0x0092966C,A paper strip used during an\nannual event. Make your wish\nand bring it to the Smithy!
5612,4,5,99,33,6,0,0,0,0,0,0,0,0x008D3782,Refreshing Fan,0x0010C5D9,体に向けて扇ぐことで、少し\n涼しくなる気がする道具。\n誰かに扇いでもらうのが一番。
5613,4,5,99,33,8,0,0,0,0,0,0,0,0x008D3791,Midsummer Memory,0x0010C62A,温暖期の暑い中、狩りをした\nときの思い出。この時期は、\nうちわが手放せない。
5614,4,5,99,15,1,0,0,0,0,0,0,0,0x008D37A2,Mezeporta Flower,0x0010C675,メゼポルタ広場の近くで栽培\nしている花。管理人は、あの\n花売り娘らしい。
5615,4,5,99,9,0,0,0,0,0,0,0,0,0x008D37B3,Shiny White Shell,0x0010C6BC,正体不明のモンスターの素材。\n表面の光沢の度合いから、\n最近の甲殻のようだ。
5616,4,5,99,24,0,0,0,0,0,0,0,0,0x008D37C5,Moonlight Booze,0x009296C2,An eastern wine said to be\nespecially smooth when drunk\nunder the moon's glow.
5617,4,5,99,15,4,0,0,0,0,0,0,0,0x008D37D5,Moonlight Herb,0x00929711,A nocturnal plant whose\nvery existence remained\nunknown until recently.
5618,4,5,99,9,0,0,0,0,0,0,0,0,0x008D37E4,Silver Wings,0x00929759,The silver feather of a\ncertain monster. Carried\nby many as a charm.
5619,4,5,99,9,0,0,0,0,0,0,0,0,0x008D37F1,Silver Fur,0x0092979E,The silver pelt of a certain\nmonster. Carried by many as\na charm.
5620,4,5,99,9,0,0,0,0,0,0,0,0,0x008D37FC,Silver Pinion,0x009297E0,The silver flight feather\nof a certain monster.\nCarried by many as a charm.
5621,4,5,99,34,2,0,0,0,0,0,0,0,0x008D380A,Flourishing Coin,0x0010C884,採集を極めたハンターの証。\nその功績から世界の繁栄に\n貢献したと称えられるほど。
5622,4,5,99,1,1,0,0,0,0,0,0,0,0x008D381B,Grt Flare Jewel,0x000F800B,ある種の鉱石から生産された\n防具を強化できる素材。種類\nによって多彩な変化を見せる。
5623,4,5,99,1,10,0,0,0,0,0,0,0,0x008D382B,Grt Pierce Jewel,0x000F800B,ある種の鉱石から生産された\n防具を強化できる素材。種類\nによって多彩な変化を見せる。
5624,4,5,99,1,0,0,0,0,0,0,0,0,0x008D383C,Grt Blast Jewel,0x000F800B,ある種の鉱石から生産された\n防具を強化できる素材。種類\nによって多彩な変化を見せる。
5625,4,5,99,27,0,0,0,0,0,0,0,0,0x008D384C,Old W.Meteorite,0x0010C8D3,遥か昔に空から落下した星鉄\nが、環境により白く変化した\nもの。白星鉄よりレアである。
5626,4,5,99,37,5,0,0,0,0,0,0,0,0x008D385C,Dragon Twins Tkt,0x0092982C,Instructions on forging the\nDual Drakes. Bring them to\nthe Smithy!
5627,4,5,99,37,3,0,0,0,0,0,0,0,0x008D386D,Dual Ice Tkt,0x0092986F,Instructions on forging the\nDual Ice. Bring them to the\nSmithy!
5628,4,5,99,37,0,0,0,0,0,0,0,0,0x008D387A,I.Bowgun Ticket,0x009298AF,Instructions on forging the\nIthna Bowgun. Bring them to\nthe Smithy!
5629,4,5,99,37,0,0,0,0,0,0,0,0,0x008D388A,I.Bullet Ticket,0x009298F3,Instructions on forging the\nIthna Bullet. Bring them to\nthe Smithy!
5630,4,5,99,37,0,0,0,0,0,0,0,0,0x008D389A,I.Blaster Ticket,0x00929937,Instructions on forging the\nIthna Blast. Bring them to\nthe Smithy!
5631,4,5,99,37,0,0,0,0,0,0,0,0,0x008D38AB,I.Assault Ticket,0x0092997A,Instructions on forging the\nIthna Assault. Bring them to\nthe Smithy!
5632,4,5,99,37,0,0,0,0,0,0,0,0,0x008D38BC,S.Bowgun Ticket,0x009299BF,Instructions on forging the\nThalata Bowgun. Bring them\nto the Smithy!
5633,4,5,99,37,0,0,0,0,0,0,0,0,0x008D38CC,S.Bullet Ticket,0x00929A05,Instructions on forging the\nThalata Bullet. Bring them\nto the Smithy!
5634,4,5,99,37,0,0,0,0,0,0,0,0,0x008D38DC,S.Blaster Ticket,0x00929A4B,Instructions on forging the\nThalata Blast. Bring them\nto the Smithy!
5635,4,5,99,37,0,0,0,0,0,0,0,0,0x008D38ED,S.Assault Ticket,0x00929A90,Instructions on forging the\nThalata Assault. Bring them\nto the Smithy!
5636,4,5,99,37,0,0,0,0,0,0,0,0,0x008D38FE,Siena Tkt: Head,0x00929AD7,Instructions on forging the\nSiena armor. Bring them to\nthe Smithy!
5637,4,5,99,37,0,0,0,0,0,0,0,0,0x008D390E,Siena Tkt: Chest,0x00929B1A,Instructions on forging the\nSiena armor. Bring them to\nthe Smithy!
5638,4,5,99,37,0,0,0,0,0,0,0,0,0x008D391F,Siena Tkt: Arms,0x00929B5D,Instructions on forging the\nSiena armor. Bring them to\nthe Smithy!
5639,4,5,99,37,0,0,0,0,0,0,0,0,0x008D392F,Siena Tkt: Waist,0x00929BA0,Instructions on forging the\nSiena armor. Bring them to\nthe Smithy!
5640,4,5,99,37,0,0,0,0,0,0,0,0,0x008D3940,Siena Tkt: Legs,0x00929BE3,Instructions on forging the\nSiena armor. Bring them to\nthe Smithy!
5641,4,5,99,37,0,0,0,0,0,0,0,0,0x008D3950,Sasa's Love Letter,0x0010CBC9,胸の内を認めた達筆な手紙。\n凛とした女性を思わせるが、\n僅かに動揺も見られる。
5642,4,5,99,33,0,0,0,0,0,0,0,0,0x008D3963,Rabbit Gloves,0x00929C26,A pair of small gloves made\nto be used with a foreign\ntool. Warm and comforting.
5643,4,5,99,27,1,0,0,0,0,0,0,0,0x008D3971,Daorite Ore,0x0010CC5B,身の毛のよだつ真紅の鉱石。\nありふれた鉱石が古龍の血を\n浴びて変質したとの説もある。
5644,4,5,99,27,0,0,0,0,0,0,0,0,0x008D397D,Pale Daorite,0x0010CCAE,決して溶けない特殊な氷。\n安定した低温が、古龍さえも\n氷漬けにすると言われる。
5645,4,5,99,27,5,0,0,0,0,0,0,0,0x008D398A,Purple Daorite,0x0010CCFB,決して溶けない特殊な氷。\n結晶が鋭利な形状に変化し、\n武器の斬れ味を強化する。
5646,4,5,99,33,5,0,0,0,0,0,0,0,0x008D3999,Auspicious Twine,0x0010CD48,高い身分に相応しい美麗な糸。\n神の乗り物である紫色の雲を\n紡いで作られたと伝えられる。
5647,4,5,99,1,2,0,0,0,0,0,0,0,0x008D39AA,Song of Streams,0x00929C77,An idea beyond the reach\nof human thought. Revealed\nby listening to nature.
5648,4,5,99,1,2,0,0,0,0,0,0,0,0x008D39BA,Song of Boulders,0x00929CC3,An idea beyond the reach\nof human thought. Revealed\nby listening to nature.
5649,4,5,99,1,2,0,0,0,0,0,0,0,0x008D39CB,Song of Plateaus,0x00929D0F,An idea beyond the reach\nof human thought. Revealed\nby listening to nature.
5650,4,5,99,1,2,0,0,0,0,0,0,0,0x008D39DC,Song of Fallen Trees,0x00929D5B,An idea beyond the reach\nof human thought. Revealed\nby listening to nature.
5651,4,5,99,1,2,0,0,0,0,0,0,0,0x008D39F1,Song of Mists,0x00929DA7,An idea beyond the reach\nof human thought. Revealed\nby listening to nature.
5652,4,5,99,1,2,0,0,0,0,0,0,0,0x008D39FF,Song of the Abyss,0x00929DF3,An idea beyond the reach\nof human thought. Revealed\nby listening to nature.
5653,4,5,99,1,2,0,0,0,0,0,0,0,0x008D3A11,Song of Tornadoes,0x00929E3F,An idea beyond the reach\nof human thought. Revealed\nby listening to nature.
5654,4,5,99,1,2,0,0,0,0,0,0,0,0x008D3A23,Song of Blizzards,0x00929E8B,An idea beyond the reach\nof human thought. Revealed\nby listening to nature.
5655,4,5,99,37,4,0,0,0,0,0,0,0,0x008D3A35,S.Tweeter Ticket,0x00929ED7,Instructions on forging the\nSparking Roar. Bring them to\nthe Smithy!
5656,4,5,99,37,10,0,0,0,0,0,0,0,0x008D3A46,N.Tweeter Ticket,0x00929F1C,Instructions on forging the\nNaga Roar. Bring them to the\nSmithy!
5657,4,5,99,37,1,0,0,0,0,0,0,0,0x008D3A57,S.Fanfare Ticket,0x00929F5D,Instructions on forging the\nSamaran Finale. Bring them\nto the Smithy!
5658,4,5,99,37,6,0,0,0,0,0,0,0,0x008D3A68,N.Fanfare Ticket,0x00929FA3,Instructions on forging the\nFrozen Finale. Bring them\nto the Smithy!
5659,4,5,99,37,4,0,0,0,0,0,0,0,0x008D3A79,Gauss Tkt: Head,0x00929FE8,Instructions on forging the\nGauss armor. Bring them to\nthe Smithy!
5660,4,5,99,37,4,0,0,0,0,0,0,0,0x008D3A89,Gauss Tkt: Chest,0x0092A02B,Instructions on forging the\nGauss armor. Bring them to\nthe Smithy!
5661,4,5,99,37,4,0,0,0,0,0,0,0,0x008D3A9A,Gauss Tkt: Arms,0x0092A06E,Instructions on forging the\nGauss armor. Bring them to\nthe Smithy!
5662,4,5,99,37,4,0,0,0,0,0,0,0,0x008D3AAA,Gauss Tkt: Waist,0x0092A0B1,Instructions on forging the\nGauss armor. Bring them to\nthe Smithy!
5663,4,5,99,37,4,0,0,0,0,0,0,0,0x008D3ABB,Gauss Tkt: Legs,0x0092A0F4,Instructions on forging the\nGauss armor. Bring them to\nthe Smithy!
5664,4,5,99,37,0,0,0,0,0,0,0,0,0x008D3ACB,Weber Tkt: Head,0x0092A137,Instructions on forging the\nWeber armor. Bring them to\nthe Smithy!
5665,4,5,99,37,0,0,0,0,0,0,0,0,0x008D3ADB,Weber Tkt: Chest,0x0092A17A,Instructions on forging the\nWeber armor. Bring them to\nthe Smithy!
5666,4,5,99,37,0,0,0,0,0,0,0,0,0x008D3AEC,Weber Tkt: Arms,0x0092A1BD,Instructions on forging the\nWeber armor. Bring them to\nthe Smithy!
5667,4,5,99,37,0,0,0,0,0,0,0,0,0x008D3AFC,Weber Tkt: Waist,0x0092A200,Instructions on forging the\nWeber armor. Bring them to\nthe Smithy!
5668,4,5,99,37,0,0,0,0,0,0,0,0,0x008D3B0D,Weber Tkt: Legs,0x0092A243,Instructions on forging the\nWeber armor. Bring them to\nthe Smithy!
5669,4,5,99,37,10,0,0,0,0,0,0,0,0x008D3B1D,Gilbert Tkt: Head,0x0092A286,Instructions on forging the\nGilbert armor. Bring them to\nthe Smithy!
5670,4,5,99,37,10,0,0,0,0,0,0,0,0x008D3B2F,Gilbert Tkt: Chest,0x0092A2CB,Instructions on forging the\nGilbert armor. Bring them to\nthe Smithy!
5671,4,5,99,37,10,0,0,0,0,0,0,0,0x008D3B42,Gilbert Tkt: Arms,0x0092A310,Instructions on forging the\nGilbert armor. Bring them to\nthe Smithy!
5672,4,5,99,37,10,0,0,0,0,0,0,0,0x008D3B54,Gilbert Tkt: Waist,0x0092A355,Instructions on forging the\nGilbert armor. Bring them to\nthe Smithy!
5673,4,5,99,37,10,0,0,0,0,0,0,0,0x008D3B67,Gilbert Tkt: Legs,0x0092A39A,Instructions on forging the\nGilbert armor. Bring them to\nthe Smithy!
5674,4,5,99,37,3,0,0,0,0,0,0,0,0x008D3B79,Toria Ticket 1,0x0092A3DF,Instructions on forging the\nTriad Earring. Bring them to\nthe Smithy!
5675,4,5,99,37,3,0,0,0,0,0,0,0,0x008D3B88,Toria Ticket 2,0x0092A424,Instructions on forging the\nTriad Earring. Bring them to\nthe Smithy!
5676,4,5,99,37,3,0,0,0,0,0,0,0,0x008D3B97,Toria Ticket 3,0x0092A469,Instructions on forging the\nTriad Earring. Bring them to\nthe Smithy!
5677,4,5,99,37,3,0,0,0,0,0,0,0,0x008D3BA6,Toria Ticket 4,0x0092A4AE,Instructions on forging the\nTriad Earring. Bring them to\nthe Smithy!
5678,4,5,99,37,3,0,0,0,0,0,0,0,0x008D3BB5,Toria Ticket 5,0x0092A4F3,Instructions on forging the\nTriad Earring. Bring them to\nthe Smithy!
5679,4,5,99,37,3,0,0,0,0,0,0,0,0x008D3BC4,Toria Ticket 6,0x0092A538,Instructions on forging the\nTriad Earring. Bring them to\nthe Smithy!
5680,4,5,99,37,3,0,0,0,0,0,0,0,0x008D3BD3,Toria Ticket 7,0x0092A57D,Instructions on forging the\nTriad Earring. Bring them to\nthe Smithy!
5681,4,5,99,37,3,0,0,0,0,0,0,0,0x008D3BE2,Toria Ticket 8,0x0092A5C2,Instructions on forging the\nTriad Earring. Bring them to\nthe Smithy!
5682,4,5,99,37,3,0,0,0,0,0,0,0,0x008D3BF1,BP14 Ticket 1,0x0092A607,"A ticket made of special,\nrare paper. Can be exchanged\nfor a special item."
5683,4,5,99,37,3,0,0,0,0,0,0,0,0x008D3BFF,BP14 Ticket 2,0x0092A652,"A ticket made of special,\nrare paper. Can be exchanged\nfor a special item."
5684,4,5,99,37,3,0,0,0,0,0,0,0,0x008D3C0D,BP14 Ticket 3,0x0092A69D,"A ticket made of special,\nrare paper. Can be exchanged\nfor a special item."
5685,4,5,99,37,3,0,0,0,0,0,0,0,0x008D3C1B,BP14 Ticket 4,0x0092A6E8,"A ticket made of special,\nrare paper. Can be exchanged\nfor a special item."
5686,4,5,99,37,3,0,0,0,0,0,0,0,0x008D3C29,BP14 Ticket 5,0x0092A733,"A ticket made of special,\nrare paper. Can be exchanged\nfor a special item."
5687,4,5,99,37,3,0,0,0,0,0,0,0,0x008D3C37,BP14 Ticket 6,0x0092A77E,"A ticket made of special,\nrare paper. Can be exchanged\nfor a special item."
5688,4,5,99,37,3,0,0,0,0,0,0,0,0x008D3C45,BP14 Ticket 7,0x0092A7C9,"A ticket made of special,\nrare paper. Can be exchanged\nfor a special item."
5689,4,5,99,37,3,0,0,0,0,0,0,0,0x008D3C53,BP14 Ticket 8,0x0092A814,"A ticket made of special,\nrare paper. Can be exchanged\nfor a special item."
5690,4,5,99,37,4,0,0,0,0,0,0,0,0x008D3C61,Cloud Buster Tkt,0x0092A85F,Instructions on forging the\nCloud Buster I. Bring them\nto the Smithy!
5691,4,5,99,37,1,0,0,0,0,0,0,0,0x008D3C72,Fire Blade Tkt,0x0092A8A5,Instructions on forging the\nFiery Blade I. Bring them to\nthe Smithy!
5692,4,5,99,37,5,0,0,0,0,0,0,0,0x008D3C81,Dragoon Swrd Tkt,0x0092A8EA,Instructions on forging the\nDragoon Sword I. Bring them\nto the Smithy!
5693,4,5,99,37,3,0,0,0,0,0,0,0,0x008D3C92,Gratitude Tkt 5,0x0092A931,A token of gratitude given\nto hunters who have long\nventured into the unknown.
5694,4,5,99,37,6,0,0,0,0,0,0,0,0x008D3CA2,Lucius's Plea Ⅰ,0x0092A980,Proof that Lucius accepted\nyou as a competent hunter.\nUsed to initiate a Quest.
5695,4,5,99,37,6,0,0,0,0,0,0,0,0x008D3CB3,Lucius's Plea Ⅱ,0x0092A9D0,Proof that Lucius accepted\nyou as a competent hunter.\nUsed to initiate a Quest.
5696,4,5,99,37,6,0,0,0,0,0,0,0,0x008D3CC4,Lucius's Plea Ⅲ,0x0092AA20,Proof that Lucius accepted\nyou as a competent hunter.\nUsed to initiate a Quest.
5697,4,5,10,80,6,0,0,0,0,0,0,0,0x008D3CD5,Refreshing Drink,0x0010D0A5,風呂あがりに飲むことで、\n火照った体を冷ませる。\nスカッと、さわやか！！
5698,4,5,10,18,7,0,0,0,0,0,0,0,0x008D3CE6,Steamed Bread,0x0010D0EC,もふもふと甘くうまい、\n温泉の蒸気で蒸されたパン。\n湯の印が付いている。
5699,4,5,10,45,4,0,0,0,0,0,0,0,0x008D3CF4,Rich Fruit,0x0010D133,食べやすい形に進化した果実。\nまろやかな口当たり、\nしかも…酸っぱくない！！
5700,4,5,99,34,4,0,0,0,0,0,0,0,0x008D3CFF,Gold Denarius,0x0092AA70,A golden Roman coin.\nNot usable outside of their\nmighty empire.
5701,4,5,99,34,0,0,0,0,0,0,0,0,0x008D3D0D,Silver Denarius,0x0092AAB0,A silver Roman coin.\nNot usable outside of their\nmighty empire.
5702,4,5,99,34,7,0,0,0,0,0,0,0,0x008D3D1D,Copper Denarius,0x0092AAF0,A copper Roman coin.\nNot usable outside of their\nmighty empire.
5703,4,5,5,26,7,40,500,80,0,0,0,0,0x008D3D2D,Blast S,0x0010D253,特殊な液体を仕込んだ弾丸。\n地面に着弾すると化学反応を\n起こす。最大５発。
5704,4,5,5,26,1,41,500,80,0,0,0,0,0x008D3D35,Fire Blast S,0x0010D29C,特殊な液体を仕込んだ火属性\nの弾丸。地面に着弾すると\n化学反応を起こす。最大５発。
5705,4,5,5,26,6,42,500,80,0,0,0,0,0x008D3D42,Water Blast S,0x0010D2ED,特殊な液体を仕込んだ水属性\nの弾丸。地面に着弾すると\n化学反応を起こす。最大５発。
5706,4,5,5,26,4,43,500,80,0,0,0,0,0x008D3D50,Thndr Blast S,0x0010D33E,特殊な液体を仕込んだ雷属性\nの弾丸。地面に着弾すると\n化学反応を起こす。最大５発。
5707,4,5,5,26,3,44,500,80,0,0,0,0,0x008D3D5E,Ice Blast S,0x0010D38F,特殊な液体を仕込んだ氷属性\nの弾丸。地面に着弾すると\n化学反応を起こす。最大５発。
5708,4,5,5,26,5,45,500,80,0,0,0,0,0x008D3D6A,Drgn Blast S,0x0010D3E0,特殊な液体を仕込んだ龍属性\nの弾丸。地面に着弾すると\n化学反応を起こす。最大５発。
5709,4,5,99,24,8,0,500,80,0,0,0,0,0x008D3D77,Blasting Fluid,0x0092AB30,A special liquid used to\ncraft explosive shots.
5710,3,4,3,18,2,0,0,0,0,0,0,0,0x008D3D86,Soothing Seed,0x0092AB60,Bury this in the ground to\ncreate your own safe space.\nWhy not take a breather?
5711,3,4,1,30,4,0,0,0,0,0,0,0,0x008D3D94,Goocoo Flute,0x0092ABB0,A flute modeled after a\nGoocoo. Said to calm down\neven monsters.
5712,3,4,5,2,4,0,0,0,0,0,0,0,0x008D3DA1,Goocoo Fireworks,0x0092ABF1,A Goocoo-themed skyrocket.\nHow about celebrating at\nthe end of a Quest?
5713,3,4,3,0,2,0,0,0,0,0,0,0,0x008D3DB2,Lost Ball,0x0092AC39,"Where am I? If you're lost,\ntry throwing it to find your\nplace to be."
5714,3,4,3,16,4,0,0,0,0,0,0,0,0x008D3DBC,Goocoo Pickaxe,0x0092AC7F,A Goocoo-themed Pickaxe that\nrarely increases the amount\nof items mined.
5715,3,4,10,4,4,0,0,0,0,0,0,0,0x008D3DCB,Goocoo Bait,0x0092ACC8,A Goocoo-shaped lure that\nrarely increases the amount\nof fish caught.
5716,3,4,3,13,4,0,0,0,0,0,0,0,0x008D3DD7,Goocoo Bug Net,0x0092AD0E,A Goocoo-themed Bug Net that\nrarely increases the amount\nof bugs caught.
5717,3,4,3,33,4,0,0,0,0,0,0,0,0x008D3DE6,Goocoo Gloves,0x0092AD57,Goocoo-themed gloves that\nrarely increase the amount\nof items gathered.
5718,3,4,3,18,2,0,0,0,0,0,0,0,0x008D3DF4,EZ Healing Ball,0x0092AD9F,Bury this to create your\nown safe space. Why not\nrest a while? ~C05(Supply Item)
5719,3,4,1,30,4,0,0,0,0,0,0,0,0x008D3E04,EZ Goocoo Whistle,0x0092ADF0,A flute said to be able\nto calm monsters down.\n~C05(Supply Item)
5720,3,4,5,2,4,0,0,0,0,0,0,0,0x008D3E16,EZ Goocoo Fireworks,0x0092AE31,A Goocoo-themed skyrocket.\nFire it at the end of a\nQuest! ~C05(Supply Item)
5721,3,4,3,0,2,0,0,0,0,0,0,0,0x008D3E2A,EZ Goocoo Lost Ball,0x0092AE7D,"Where am I? If you're lost,\ntry throwing it to find your\nplace to be. ~C05(Supply Item)"
5722,3,4,3,16,4,0,0,0,0,0,0,0,0x008D3E3E,EZ Pickaxe+,0x0092AED5,Rarely increases the amount\nof items obtained while\nmining. ~C05(Supply Item)
5723,3,4,10,4,4,0,0,0,0,0,0,0,0x008D3E4A,EZ Bait+,0x0092AF23,A lure that rarely increases\nthe amount of fish caught.\n~C05(Supply Item)
5724,3,4,3,13,4,0,0,0,0,0,0,0,0x008D3E53,EZ Bug Net+,0x0092AF6D,A net that rarely increases\nthe amount of bugs caught.\n~C05(Supply Item)
5725,3,4,3,33,4,0,0,0,0,0,0,0,0x008D3E5F,EZ Glove+,0x0092AFB6,A pair of gloves that rarely\nincrease the amount of items\ngathered. ~C05(Supply Item)
5726,4,5,99,31,7,0,0,21000,0,0,0,0,0x008D3E69,Beast Spike,0x0092B00C,A protective fanged beast\nspike. Its smooth surface\ncaptivates the beholder.
5727,4,5,99,31,3,0,300000,30000,0,0,0,0,0x008D3E75,Grenzebul Rocker,0x0092B059,A violent Grenzebul horn.\nIts hardness far exceeds\nthat of ordinary horns.
5728,4,5,99,31,3,0,400000,40000,0,0,0,0,0x008D3E86,Grenze Greaser,0x0092B0A4,A horn carved from a fierce\nGrenzebul. Longer and more\nferocious than usual.
5729,4,5,99,31,3,0,500000,50000,0,0,0,0,0x008D3E95,Grenze Impaler,0x0092B0F1,A superior Grenzebul horn.\nNot even an amateur smithy\ncould damage it.
5730,4,5,99,9,7,0,400000,40000,0,0,0,0,0x008D3EA4,Rusted Heavywing,0x0092B138,The wing of a Kushala Daora.\nUnimaginably heavy and\ndifficult to handle.
5731,4,5,99,9,7,0,500000,50000,0,0,0,0,0x008D3EB5,Rusted Leadwing,0x0092B181,A wing carved from a fierce\nKushala Daora. So heavy it\nfeels like solid lead.
5732,4,5,99,9,7,0,600000,60000,0,0,0,0,0x008D3EC5,Rusted Fellwing,0x0092B1CF,A superior Kushala Daora\nwing. One flap can summon\na violent gale in its wake.
5733,4,5,99,43,1,3,0,0,7,1929,0,0,0x008D3ED5,Training Jewel 6,0x0092B21E,A special Decoration made\nfor training purposes. It\ncannot be crafted.
5734,4,5,99,9,5,0,0,70000,0,0,0,0,0x008D3EE6,F.Espi Noxspike,0x0092B265,A toxic spike whose beauty\nlures the beholder into a\ndeadly embrace.
5735,4,5,99,23,3,0,0,50000,0,0,0,0,0x008D3EF6,A.Rath Kingscl,0x0092B2AA,A scale found on the oldest\nAzure Rathalos. Supremely\ntough and beautiful.
5736,4,5,99,9,8,0,0,50000,0,0,0,0,0x008D3F05,P.Rath Graceshl,0x0092B2F5,"A sublime, rare outer shell.\nIts flawless surface holds\na beautiful luster."
5737,4,5,99,27,4,0,0,60000,0,0,0,0,0x008D3F15,Dazzling Bezoar,0x0092B341,"A mysterious stone with a\nsoft, pulsing glow. Its\nbeauty is outstanding."
5738,4,5,99,23,3,0,20000,2000,0,0,0,0,0x008D3F25,Quarzeps Scale,0x0092B38A,A scale with a mineral-like\ncomposition. Emits a clear\nsound when struck.
5739,4,5,99,31,3,0,35000,3500,0,0,0,0,0x008D3F34,Quarzeps Claw,0x0092B3D4,A Quarzeps claw. Short but\nextremely sturdy and sharp. \nFeels rugged to the touch.
5740,4,5,99,14,3,0,50000,5000,0,0,0,0,0x008D3F42,Quarzeps Hide,0x0092B427,"A Quarzeps belly hide. Its\ncrawling has polished it to\na unique, glossy sheen."
5741,4,5,99,23,3,0,90000,9000,0,0,0,0,0x008D3F50,Quarz Crystalscl,0x0092B476,A scale believed to deflect\nlightning. The subject of\nongoing research.
5742,4,5,99,1,3,0,300000,30000,0,0,0,0,0x008D3F61,Quarzeps Gem,0x0092B4BE,A crystal that absorbs and\nreleases energy. Its light\nensnares the beholder.
5743,4,5,99,23,3,0,15000,1500,0,0,0,0,0x008D3F6E,Leviathan Scale,0x0092B50B,A smooth leviathan scale.\nIts gem-like texture conveys\na sense of nature's majesty.
5744,4,5,99,23,3,0,25000,2500,0,0,0,0,0x008D3F7E,Leviathan Scale+,0x0092B55F,A smooth leviathan scale.\nIts gem-like texture conveys\na sense of nature's majesty.
5745,4,5,99,23,3,0,40000,4000,0,0,0,0,0x008D3F8F,Leviathan Shard,0x0092B5B3,A smooth leviathan scale.\nIts gem-like texture conveys\na sense of nature's majesty.
5746,4,5,99,14,3,0,15000,1500,0,0,0,0,0x008D3F9F,Leviathan Hide,0x0092B607,"A glossy leviathan hide.\nSturdy, and highly resistant\nto environmental changes."
5747,4,5,99,14,3,0,25000,2500,0,0,0,0,0x008D3FAE,Leviathan Hide+,0x0092B657,"A glossy leviathan hide.\nSturdy, and highly resistant\nto environmental changes."
5748,4,5,99,14,3,0,40000,4000,0,0,0,0,0x008D3FBE,Leviathan Piel,0x0092B6A7,"A glossy leviathan hide.\nSturdy, and highly resistant\nto environmental changes."
5749,4,5,99,1,5,0,400000,40000,0,0,0,0,0x008D3FCD,Leviathan Gem,0x0092B6F7,"Its outer layer is a gentle\npurple, yet its center burns\nwith a dark, spectral hue."
5750,4,5,99,37,5,0,100000,10000,0,0,0,0,0x008D3FDB,Quarzeps Cert.,0x0092B74B,A certificate given only to\nthose who've triumphed over\nthe most arduous of hunts.
5751,4,5,99,37,0,0,0,0,0,0,0,0,0x008D3FEA,Candy Design,0x0092B79E,An embodiment of the days\nyou were surrounded by all\nsorts of tempting sweets.
5752,4,5,99,37,7,0,0,0,0,0,0,0,0x008D3FF7,Naughty Design,0x0092B7ED,A guide on rekindling your\nchildhood memories. Conquer\nthe great outdoors!
5753,4,5,99,37,0,0,0,0,0,0,0,0,0x008D4006,Memorial Design,0x0092B838,Instructions on sewing a\ncommemorative costume that\nwill put you in a good mood.
5754,4,5,99,37,6,0,0,0,0,0,0,0,0x008D4016,Festival Design,0x0092B889,A sewing pattern for a\nfestival themed costume.\nTime for some real fun!
5755,4,5,99,37,0,0,0,0,0,0,0,0,0x008D4026,Mission Ticket,0x0092B8D1,A ticket with a stamp of\nmission accomplishment.
5756,3,4,99,14,7,0,1000,100,0,0,0,0,0x008D4035,Gogomoa Hairball,0x0092B902,A souvenir of your first\nhunt with the Instructor.\nNo choice but to sell it.
5757,4,5,99,33,7,0,0,0,0,0,0,0,0x008D4046,Shiny Things,0x0010DF23,世話やきネコ驚愕の\nソウルフルなもの。
5758,4,5,99,33,7,0,0,0,0,0,0,0,0x008D4053,Hairy Things,0x0010DF49,世話やきネコ戦慄の\nソウルフルなもの。
5759,4,5,99,33,7,0,0,0,0,0,0,0,0x008D4060,Gritty Things,0x0010DF6F,世話やきネコ愕然の\nソウルフルなもの。
5760,4,5,99,33,7,0,0,0,0,0,0,0,0x008D406E,Rough Things,0x0010DF95,世話やきネコ衝撃の\nソウルフルなもの。
5761,3,4,1,35,0,0,0,0,0,0,0,0,0x008D407B,Rookie Bag,0x0092B94F,A special bag filled with\nmaterials to craft one of\neleven weapon types.
5762,3,4,10,1,5,0,0,10,0,0,0,0,0x008D4086,Halk Toxcaster,0x0092B998,Orders the Halk to perform\na Poison-based attack. \n~C05(Level 3 Halk Only)
5763,4,5,99,18,0,0,5250,525,0,0,0,0,0x008D4095,Millennial Rice,0x0092B9E3,A rare variety of rice that\nisn't easily harvested. Its\ntaste is simply incredible.
5764,4,5,99,3,8,0,5600,560,0,0,0,0,0x008D40A5,Silver Liver,0x0092BA37,A highly nutritious liver\nwith a silver sheen. Beloved\nby hunters.
5765,4,5,99,5,6,0,7700,770,0,0,0,0,0x008D40B2,Rich Blowfish,0x0092BA7A,A hard-to-cook fish packed\nwith nutrients. Makes your\nskin extra smooth.
5766,4,5,99,3,1,0,6400,640,0,0,0,0,0x008D40C0,Dragon Fillet,0x0092BAC3,Only a very tiny amount of\nthis precious meat can be\ncut from a single wyvern.
5767,3,4,99,45,2,0,5000,500,0,0,0,0,0x008D40CE,Rainbow Lettuce,0x0092BB12,An enigmatic lettuce with a\ntaste that changes each time\nit is eaten.
5768,3,4,99,45,2,0,5000,500,0,0,0,0,0x008D40DE,Queen Parsley,0x0092BB58,"An aromatic type of parsley,\ncapable of transforming any\ndish into a work of art."
5769,3,4,99,24,4,0,5000,500,0,0,0,0,0x008D40EC,Bitter Cheese,0x0092BBAA,A highly pungent cheese.\nIts aroma is said to be\nextremely addictive.
5770,3,4,99,15,7,0,5000,500,0,0,0,0,0x008D40FA,Dancing Spice,0x0092BBF0,A top-quality spice whose\npotency causes everyone to\ndance uncontrollably.
5771,3,4,30,1,0,0,0,10,0,0,0,0,0x008D4108,Halk Call,0x0092BC3B,Use this to have your Halk\ntransport you to another\nhunter.
5772,4,5,99,37,3,0,0,0,0,0,0,0,0x008D4112,Spec. Armor Tkt,0x0092BC77,A ticket made from some\noddly special paper. Can be\ntraded for something unique.
5773,4,5,99,9,1,0,0,0,0,0,0,0,0x008D4122,??? Red Eye,0x0092BCC8,The eye of an awakened black\nwyvern. Its blood-red color\nterrifies all who behold it.
5774,3,4,99,0,0,3,0,0,0,0,0,0,0x000DA4B1,ダミー５７７４,0x000DF952,dummy
5775,3,4,99,0,0,3,0,0,0,0,0,0,0x000DA4C0,ダミー５７７５,0x000DF952,dummy
5776,3,4,99,37,0,0,1000,100,0,0,0,0,0x008D412E,Wht Aberrant Tkt,0x0092BD1E,Awarded for hunting certain\nAberrant Monsters. Collect\nenough and it might pay off.
5777,3,4,99,37,1,0,1000,100,0,0,0,0,0x008D413F,Red Aberrant Tkt,0x0092BD72,Awarded for hunting certain\nAberrant Monsters. Collect\nenough and it might pay off.
5778,3,4,99,37,2,0,1000,100,0,0,0,0,0x008D4150,Grn Aberrant Tkt,0x0092BDC6,Awarded for hunting certain\nAberrant Monsters. Collect\nenough and it might pay off.
5779,3,4,99,37,3,0,1000,100,0,0,0,0,0x008D4161,Blu Aberrant Tkt,0x0092BE1A,Awarded for hunting certain\nAberrant Monsters. Collect\nenough and it might pay off.
5780,3,4,99,37,4,0,1000,100,0,0,0,0,0x008D4172,Ylw Aberrant Tkt,0x0092BE6E,Awarded for hunting certain\nAberrant Monsters. Collect\nenough and it might pay off.
5781,3,4,99,37,5,0,1000,100,0,0,0,0,0x008D4183,Prp Aberrant Tkt,0x0092BEC2,Awarded for hunting certain\nAberrant Monsters. Collect\nenough and it might pay off.
5782,3,4,99,37,6,0,1000,100,0,0,0,0,0x008D4194,Cyn Aberrant Tkt,0x0092BF16,Awarded for hunting certain\nAberrant Monsters. Collect\nenough and it might pay off.
5783,3,4,99,37,7,0,1000,100,0,0,0,0,0x008D41A5,Org Aberrant Tkt,0x0092BF6A,Awarded for hunting certain\nAberrant Monsters. Collect\nenough and it might pay off.
5784,3,4,99,37,8,0,1000,100,0,0,0,0,0x008D41B6,Pnk Aberrant Tkt,0x0092BFBE,Awarded for hunting certain\nAberrant Monsters. Collect\nenough and it might pay off.
5785,3,4,99,37,10,0,1000,100,0,0,0,0,0x008D41C7,Gry Aberrant Tkt,0x0092C012,Awarded for hunting certain\nAberrant Monsters. Collect\nenough and it might pay off.
5786,3,4,99,43,1,0,1000,100,0,0,0,0,0x008D41D8,Red Aberrite,0x0092C066,A jewel awarded to hunters\nwho've helped study certain\nAberrant Monsters.
5787,3,4,99,43,4,0,1000,100,0,0,0,0,0x008D41E5,Yellow Aberrite,0x0092C0B0,A jewel awarded to hunters\nwho've helped study certain\nAberrant Monsters.
5788,3,4,99,43,3,0,1000,100,0,0,0,0,0x008D41F5,Blue Aberrite,0x0092C0FA,A jewel awarded to hunters\nwho've helped study certain\nAberrant Monsters.
5789,3,4,99,43,10,0,1000,100,0,0,0,0,0x008D4203,Gray Aberrite,0x0092C144,A jewel awarded to hunters\nwho've helped study certain\nAberrant Monsters.
5790,3,4,99,43,5,0,1000,100,0,0,0,0,0x008D4211,Purple Aberrite,0x0092C18E,A jewel awarded to hunters\nwho've helped study certain\nAberrant Monsters.
5791,4,5,1,35,5,0,0,0,0,0,0,0,0x008D4221,Combo Drink,0x0092C1D8,Temporarily increases your\nCombination success rate to\n100％ when ingested.
5792,3,4,99,0,0,0,0,0,0,0,0,0,0x000DA5BB,ダミー５７９２,0x0000276D,ダミー
5793,4,5,3,35,4,0,0,0,0,0,0,0,0x008D422D,Psychic Powder,0x0092C224,Negates stamina consumption\nand grants the effects of a\nPsychoserum.
5794,4,5,1,80,1,0,0,0,0,0,0,0,0x008D423C,Quality Elixir,0x0092C269,"Drastically decreases Health\nand Stamina, but increases\nyour maximum Health level."
5795,4,5,5,82,4,0,0,0,0,0,0,0,0x008D424B,Thndr Res Berry,0x0092C2BC,Its effect persists even\nafter fainting. Only one\ncan be eaten per Quest.
5796,4,5,5,82,3,0,0,0,0,0,0,0,0x008D425B,Ice Res Berry,0x0092C306,Its effect persists even\nafter fainting. Only one\ncan be eaten per Quest.
5797,4,5,5,82,0,0,0,0,0,0,0,0,0x008D4269,Wind Res Berry,0x0092C350,Its effect persists even\nafter fainting. Only one\ncan be eaten per Quest.
5798,4,5,5,82,7,0,0,0,0,0,0,0,0x008D4278,Evasion Berry,0x0092C39A,Its effect persists even\nafter fainting. Only one\ncan be eaten per Quest.
5799,4,5,5,82,2,0,0,0,0,0,0,0,0x008D4286,Stun Res Berry,0x0092C3E4,Its effect persists even\nafter fainting. Only one\ncan be eaten per Quest.
5800,6,7,99,43,3,0,100000,100,7,1930,0,0,0x008D4295,Recoil Jewel SP+,0x0092C42E,A skill-rich Decoration that\ncan only be attached to SP\nArmor.
5801,6,7,99,43,3,0,100000,100,7,1931,0,0,0x008D42A6,Recoil Jewel EX,0x0092C46D,A skill-rich Decoration that\ncan only be attached to SP\nArmor.
5802,6,7,99,43,1,0,100000,100,7,1932,0,0,0x008D42B6,Attack Jewel SP+,0x0092C4AC,A skill-rich Decoration that\ncan only be attached to SP\nArmor.
5803,6,7,99,43,1,0,100000,100,7,1933,0,0,0x008D42C7,Attack Jewel EX,0x0092C4EB,A skill-rich Decoration that\ncan only be attached to SP\nArmor.
5804,6,7,99,43,0,0,100000,100,7,1934,0,0,0x008D42D7,Wind Res Jwl SP+,0x0092C52A,A skill-rich Decoration that\ncan only be attached to SP\nArmor.
5805,6,7,99,43,0,0,100000,100,7,1935,0,0,0x008D42E8,Wind Res Jwl EX,0x0092C569,A skill-rich Decoration that\ncan only be attached to SP\nArmor.
5806,6,7,99,43,4,0,100000,100,7,1936,0,0,0x008D42F8,Grinder Jwl SP+,0x0092C5A8,A skill-rich Decoration that\ncan only be attached to SP\nArmor.
5807,6,7,99,43,4,0,100000,100,7,1937,0,0,0x008D4308,Grinder Jwl EX,0x0092C5E7,A skill-rich Decoration that\ncan only be attached to SP\nArmor.
5808,6,7,99,43,0,0,100000,100,7,1938,0,0,0x008D4317,Ammosmth Jwl SP+,0x0092C626,A skill-rich Decoration that\ncan only be attached to SP\nArmor.
5809,6,7,99,43,0,0,100000,100,7,1939,0,0,0x008D4328,Ammosmith Jwl EX,0x0092C665,A skill-rich Decoration that\ncan only be attached to SP\nArmor.
5810,6,7,99,43,4,0,100000,100,7,1940,0,0,0x008D4339,Capacity Jwl SP+,0x0092C6A4,A skill-rich Decoration that\ncan only be attached to SP\nArmor.
5811,6,7,99,43,4,0,100000,100,7,1941,0,0,0x008D434A,Capacity Jwl EX,0x0092C6E3,A skill-rich Decoration that\ncan only be attached to SP\nArmor.
5812,6,7,99,43,6,0,100000,100,7,1942,0,0,0x008D435A,Quickload Jwl SP+,0x0092C722,A skill-rich Decoration that\ncan only be attached to SP\nArmor.
5813,6,7,99,43,6,0,100000,100,7,1943,0,0,0x008D436C,Quickload Jwl EX,0x0092C761,A skill-rich Decoration that\ncan only be attached to SP\nArmor.
5814,6,7,99,43,0,0,100000,100,7,1944,0,0,0x008D437D,Forcesht Jwl SP+,0x0092C7A0,A skill-rich Decoration that\ncan only be attached to SP\nArmor.
5815,6,7,99,43,0,0,100000,100,7,1945,0,0,0x008D438E,Forceshot Jwl EX,0x0092C7DF,A skill-rich Decoration that\ncan only be attached to SP\nArmor.
5816,6,7,99,43,0,0,100000,100,7,1946,0,0,0x008D439F,Pierce Jwl SP+,0x0092C81E,A skill-rich Decoration that\ncan only be attached to SP\nArmor.
5817,6,7,99,43,0,0,100000,100,7,1947,0,0,0x008D43AE,Pierce Jwl EX,0x0092C85D,A skill-rich Decoration that\ncan only be attached to SP\nArmor.
5818,6,7,99,43,0,0,100000,100,7,1948,0,0,0x008D43BC,Pellet Jwl SP+,0x0092C89C,A skill-rich Decoration that\ncan only be attached to SP\nArmor.
5819,6,7,99,43,0,0,100000,100,7,1949,0,0,0x008D43CB,Pellet Jwl EX,0x0092C8DB,A skill-rich Decoration that\ncan only be attached to SP\nArmor.
5820,6,7,99,43,3,0,100000,100,7,1950,0,0,0x008D43D9,Bulwark Jwl SP+,0x0092C91A,A skill-rich Decoration that\ncan only be attached to SP\nArmor.
5821,6,7,99,43,3,0,100000,100,7,1951,0,0,0x008D43E9,Bulwark Jwl EX,0x0092C959,A skill-rich Decoration that\ncan only be attached to SP\nArmor.
5822,6,7,99,43,7,0,100000,100,7,1952,0,0,0x008D43F8,Sprinter Jwl SP+,0x0092C998,A skill-rich Decoration that\ncan only be attached to SP\nArmor.
5823,6,7,99,43,7,0,100000,100,7,1953,0,0,0x008D4409,Sprinter Jwl EX,0x0092C9D7,A skill-rich Decoration that\ncan only be attached to SP\nArmor.
5824,6,7,99,43,4,0,100000,100,7,1954,0,0,0x008D4419,Tectonic Jwl SP+,0x0092CA16,A skill-rich Decoration that\ncan only be attached to SP\nArmor.
5825,6,7,99,43,4,0,100000,100,7,1955,0,0,0x008D442A,Tectonic Jwl EX,0x0092CA55,A skill-rich Decoration that\ncan only be attached to SP\nArmor.
5826,6,7,99,43,8,0,100000,100,7,1956,0,0,0x008D443A,Precision Jwl SP+,0x0092CA94,A skill-rich Decoration that\ncan only be attached to SP\nArmor.
5827,6,7,99,43,8,0,100000,100,7,1957,0,0,0x008D444C,Precision Jwl EX,0x0092CAD3,A skill-rich Decoration that\ncan only be attached to SP\nArmor.
5828,6,7,99,43,6,0,100000,100,7,1958,0,0,0x008D445D,Wayfarer Jwl SP+,0x0092CB12,A skill-rich Decoration that\ncan only be attached to SP\nArmor.
5829,6,7,99,43,6,0,100000,100,7,1959,0,0,0x008D446E,Wayfarer Jwl EX,0x0092CB51,A skill-rich Decoration that\ncan only be attached to SP\nArmor.
5830,6,7,99,43,1,0,100000,100,7,1960,0,0,0x008D447E,Throwing Jwl SP+,0x0092CB90,A skill-rich Decoration that\ncan only be attached to SP\nArmor.
5831,6,7,99,43,1,0,100000,100,7,1961,0,0,0x008D448F,Throwing Jwl EX,0x0092CBCF,A skill-rich Decoration that\ncan only be attached to SP\nArmor.
5832,6,7,99,43,8,0,100000,100,7,1962,0,0,0x008D449F,Charger Jwl SP,0x0092CC0E,A skill-rich Decoration that\ncan only be attached to SP\nArmor.
5833,6,7,99,43,8,0,100000,100,7,1963,0,0,0x008D44AE,Charger Jwl SP+,0x0092CC4D,A skill-rich Decoration that\ncan only be attached to SP\nArmor.
5834,6,7,99,43,8,0,100000,100,7,1964,0,0,0x008D44BE,Charger Jwl EX,0x0092CC8C,A skill-rich Decoration that\ncan only be attached to SP\nArmor.
5835,6,7,99,43,5,0,100000,100,7,1965,0,0,0x008D44CD,Artillery Jwl SP,0x0092CCCB,A skill-rich Decoration that\ncan only be attached to SP\nArmor.
5836,6,7,99,43,5,0,100000,100,7,1966,0,0,0x008D44DE,Artillery Jwl SP+,0x0092CD0A,A skill-rich Decoration that\ncan only be attached to SP\nArmor.
5837,6,7,99,43,5,0,100000,100,7,1967,0,0,0x008D44F0,Artillery Jwl EX,0x0092CD49,A skill-rich Decoration that\ncan only be attached to SP\nArmor.
5838,6,7,99,43,4,0,100000,100,7,1968,0,0,0x008D4501,Trapmstr Jwl SP,0x0092CD88,A skill-rich Decoration that\ncan only be attached to SP\nArmor.
5839,6,7,99,43,4,0,100000,100,7,1969,0,0,0x008D4511,Trapmstr Jwl SP+,0x0092CDC7,A skill-rich Decoration that\ncan only be attached to SP\nArmor.
5840,6,7,99,43,4,0,100000,100,7,1970,0,0,0x008D4522,Trapmstr Jwl EX,0x0092CE06,A skill-rich Decoration that\ncan only be attached to SP\nArmor.
5841,6,7,99,43,4,0,100000,100,7,1971,0,0,0x008D4532,Hearing Jwl SP,0x0092CE45,A skill-rich Decoration that\ncan only be attached to SP\nArmor.
5842,6,7,99,43,4,0,100000,100,7,1972,0,0,0x008D4541,Hearing Jwl SP+,0x0092CE84,A skill-rich Decoration that\ncan only be attached to SP\nArmor.
5843,6,7,99,43,4,0,100000,100,7,1973,0,0,0x008D4551,Hearing Jwl EX,0x0092CEC3,A skill-rich Decoration that\ncan only be attached to SP\nArmor.
5844,3,4,10,1,4,0,0,10,0,0,0,0,0x008D4560,Halk Paracaster,0x0092CF02,Throw this to have your\nHalk perform a paralyzing\nattack. ~C05(Level 3 Halk Only)
5845,3,4,10,1,6,0,0,10,0,0,0,0,0x008D4570,Halk Sleepcaster,0x0092CF54,Throw this to have your\nHalk perform a soporific\nattack. ~C05(Level 3 Halk Only)
5846,3,4,10,1,7,0,0,10,0,0,0,0,0x008D4581,Halk Slicecaster,0x0092CFA5,Throw this to have your\nHalk perform a cutting\nattack. ~C05(Level 3 Halk Only)
5847,3,4,10,1,1,0,0,10,0,0,0,0,0x008D4592,Halk Blastcaster+,0x0092CFF4,Throw this to have your\nHalk use a Barrel Bomb to\nattack. ~C05(Level 3 Halk Only)
5848,3,4,10,1,1,0,0,10,0,0,0,0,0x008D45A4,Halk Blastcaster,0x0092D046,Throw this to have your\nHalk use a Barrel Bomb to\nattack. ~C05(Level 3 Halk Only)
5849,6,7,99,43,2,0,100000,100,7,1974,0,0,0x008D45B5,Mindful Jewel+,0x0092D098,A Decoration for experts\nenchanted by rich skill\ncombinations.
5850,6,7,99,43,7,0,100000,100,7,1975,0,0,0x008D45C4,Willpower Jewel+,0x0092D0D7,A Decoration for experts\nenchanted by rich skill\ncombinations.
5851,6,7,99,43,5,0,100000,100,7,1976,0,0,0x008D45D5,Dragon Res Jwl+,0x0092D116,A Decoration for experts\nenchanted by rich skill\ncombinations.
5852,6,7,99,43,1,0,100000,100,7,1977,0,0,0x008D45E5,Def Lock Jewel+,0x0092D155,A Decoration for experts\nenchanted by rich skill\ncombinations.
5853,6,7,99,43,0,0,100000,100,7,1978,0,0,0x008D45F5,Forceshot Jewel+,0x0092D194,A Decoration for experts\nenchanted by rich skill\ncombinations.
5854,6,7,99,43,0,0,100000,100,7,1979,0,0,0x008D4606,Pierce Jewel+,0x0092D1D3,A Decoration for experts\nenchanted by rich skill\ncombinations.
5855,6,7,99,43,0,0,100000,100,7,1980,0,0,0x008D4614,Pellet Jewel+,0x0092D212,A Decoration for experts\nenchanted by rich skill\ncombinations.
5856,6,7,99,43,4,0,100000,100,7,1981,0,0,0x008D4622,Safety Jewel+,0x0092D251,A Decoration for experts\nenchanted by rich skill\ncombinations.
5857,6,7,99,43,1,0,100000,100,7,1982,0,0,0x008D4630,Element Jewel+,0x0092D290,A Decoration for experts\nenchanted by rich skill\ncombinations.
5858,6,7,99,43,8,0,100000,100,7,1983,0,0,0x008D463F,Disabler Jewel+,0x0092D2CF,A Decoration for experts\nenchanted by rich skill\ncombinations.
5859,4,5,99,43,4,0,0,0,0,1984,2,0,0x008D464F,Fencing 2 PA1,0x0092D30E,A Haven Poogie Decoration.\nIncompatible with certain\noutfits.
5860,4,5,99,43,4,0,0,0,0,1985,2,0,0x008D465D,Fencing 2 PA2,0x0092D34C,A Haven Poogie Decoration.\nIncompatible with certain\noutfits.
5861,4,5,99,43,4,0,0,0,0,1986,2,0,0x008D466B,StatusRes 2 PA1,0x0092D38A,A Haven Poogie Decoration.\nIncompatible with certain\noutfits.
5862,4,5,99,43,4,0,0,0,0,1987,2,0,0x008D467B,StatusRes 2 PA2,0x0092D3C8,A Haven Poogie Decoration.\nIncompatible with certain\noutfits.
5863,4,5,99,43,4,0,0,0,0,1988,2,0,0x008D468B,Sharpness 2 PA1,0x0092D406,A Haven Poogie Decoration.\nIncompatible with certain\noutfits.
5864,4,5,99,43,4,0,0,0,0,1989,2,0,0x008D469B,Sharpness 2 PA2,0x0092D444,A Haven Poogie Decoration.\nIncompatible with certain\noutfits.
5865,4,5,99,43,4,0,0,0,0,1990,2,0,0x008D46AB,Para Res 2 PA1,0x0092D482,A Haven Poogie Decoration.\nIncompatible with certain\noutfits.
5866,4,5,99,43,4,0,0,0,0,1991,2,0,0x008D46BA,Para Res 2 PA2,0x0092D4C0,A Haven Poogie Decoration.\nIncompatible with certain\noutfits.
5867,4,5,99,43,4,0,0,0,0,1992,2,0,0x008D46C9,Stun Res 2 PA1,0x0092D4FE,A Haven Poogie Decoration.\nIncompatible with certain\noutfits.
5868,4,5,99,43,4,0,0,0,0,1993,2,0,0x008D46D8,Stun Res 2 PA2,0x0092D53C,A Haven Poogie Decoration.\nIncompatible with certain\noutfits.
5869,4,5,99,43,4,0,0,0,0,1994,2,0,0x008D46E7,Poison Res 2 PA1,0x0092D57A,A Haven Poogie Decoration.\nIncompatible with certain\noutfits.
5870,4,5,99,43,4,0,0,0,0,1995,2,0,0x008D46F8,Poison Res 2 PA2,0x0092D5B8,A Haven Poogie Decoration.\nIncompatible with certain\noutfits.
5871,4,5,99,43,4,0,0,0,0,1996,2,0,0x008D4709,ReloadSpd 2 PB1,0x0092D5F6,A Haven Poogie Decoration.\nIncompatible with certain\noutfits.
5872,4,5,99,43,4,0,0,0,0,1997,2,0,0x008D4719,ReloadSpd 2 PB2,0x0092D634,A Haven Poogie Decoration.\nIncompatible with certain\noutfits.
5873,4,5,99,43,4,0,0,0,0,1998,2,0,0x008D4729,ReloadSpd 2 PB3,0x0092D672,A Haven Poogie Decoration.\nIncompatible with certain\noutfits.
5874,4,5,99,43,4,0,0,0,0,1999,2,0,0x008D4739,Sleep SC+ 2 PB1,0x0092D6B0,A Haven Poogie Decoration.\nIncompatible with certain\noutfits.
5875,4,5,99,43,4,0,0,0,0,2000,2,0,0x008D4749,Sleep SC+ 2 PB2,0x0092D6EE,A Haven Poogie Decoration.\nIncompatible with certain\noutfits.
5876,4,5,99,43,4,0,0,0,0,2001,2,0,0x008D4759,Sleep SC+ 2 PB3,0x0092D72C,A Haven Poogie Decoration.\nIncompatible with certain\noutfits.
5877,4,5,99,43,4,0,0,0,0,2002,2,0,0x008D4769,FastCharge 2 PB3,0x0092D76A,A Haven Poogie Decoration.\nIncompatible with certain\noutfits.
5878,4,5,99,43,4,0,0,0,0,2003,2,0,0x008D477A,FastCharge 2 PB4,0x0092D7A8,A Haven Poogie Decoration.\nIncompatible with certain\noutfits.
5879,4,5,99,43,4,0,0,0,0,2004,2,0,0x008D478B,FastCharge 2 PB5,0x0092D7E6,A Haven Poogie Decoration.\nIncompatible with certain\noutfits.
5880,4,5,99,43,4,0,0,0,0,2005,2,0,0x008D479C,Knives 2 PB1,0x0092D824,A Haven Poogie Decoration.\nIncompatible with certain\noutfits.
5881,4,5,99,43,4,0,0,0,0,2006,2,0,0x008D47A9,Knives 2 PB2,0x0092D862,A Haven Poogie Decoration.\nIncompatible with certain\noutfits.
5882,4,5,99,43,4,0,0,0,0,2007,2,0,0x008D47B6,Knives 2 PB3,0x0092D8A0,A Haven Poogie Decoration.\nIncompatible with certain\noutfits.
5883,4,5,99,43,4,0,0,0,0,2008,2,0,0x008D47C3,Pierce S+ 2 PB1,0x0092D8DE,A Haven Poogie Decoration.\nIncompatible with certain\noutfits.
5884,4,5,99,43,4,0,0,0,0,2009,2,0,0x008D47D3,Pierce S+ 2 PB2,0x0092D91C,A Haven Poogie Decoration.\nIncompatible with certain\noutfits.
5885,4,5,99,43,4,0,0,0,0,2010,2,0,0x008D47E3,Pierce S+ 2 PB3,0x0092D95A,A Haven Poogie Decoration.\nIncompatible with certain\noutfits.
5886,4,5,99,43,4,0,0,0,0,2011,2,0,0x008D47F3,SpdGather 2 PB1,0x0092D998,A Haven Poogie Decoration.\nIncompatible with certain\noutfits.
5887,4,5,99,43,4,0,0,0,0,2012,2,0,0x008D4803,SpdGather 2 PB2,0x0092D9D6,A Haven Poogie Decoration.\nIncompatible with certain\noutfits.
5888,4,5,99,43,4,0,0,0,0,2013,2,0,0x008D4813,SpdGather 2 PB3,0x0092DA14,A Haven Poogie Decoration.\nIncompatible with certain\noutfits.
5889,4,5,99,43,4,0,0,0,0,2014,2,0,0x008D4823,Whim 2 PB1,0x0092DA52,A Haven Poogie Decoration.\nIncompatible with certain\noutfits.
5890,4,5,99,43,4,0,0,0,0,2015,2,0,0x008D482E,Whim 2 PB2,0x0092DA90,A Haven Poogie Decoration.\nIncompatible with certain\noutfits.
5891,4,5,99,43,4,0,0,0,0,2016,2,0,0x008D4839,Whim 2 PB3,0x0092DACE,A Haven Poogie Decoration.\nIncompatible with certain\noutfits.
5892,4,5,99,43,4,0,0,0,0,2017,2,0,0x008D4844,Handicraft 2 PB1,0x0092DB0C,A Haven Poogie Decoration.\nIncompatible with certain\noutfits.
5893,4,5,99,43,4,0,0,0,0,2018,2,0,0x008D4855,Handicraft 2 PB2,0x0092DB4A,A Haven Poogie Decoration.\nIncompatible with certain\noutfits.
5894,4,5,99,43,4,0,0,0,0,2019,2,0,0x008D4866,Handicraft 2 PB3,0x0092DB88,A Haven Poogie Decoration.\nIncompatible with certain\noutfits.
5895,3,4,99,43,4,0,0,0,0,2020,2,0,0x008D4877,Fencing 2 PC1,0x0092DBC6,A Haven Poogie Decoration.\nIncompatible with certain\noutfits.
5896,3,4,99,43,4,0,0,0,0,2021,2,0,0x008D4885,Fencing 2 PC2,0x0092DC04,A Haven Poogie Decoration.\nIncompatible with certain\noutfits.
5897,3,4,99,43,4,0,0,0,0,2022,2,0,0x008D4893,Fencing 2 PC3,0x0092DC42,A Haven Poogie Decoration.\nIncompatible with certain\noutfits.
5898,3,4,99,43,4,0,0,0,0,2023,2,0,0x008D48A1,Fencing 2 PC4,0x0092DC80,A Haven Poogie Decoration.\nIncompatible with certain\noutfits.
5899,3,4,99,43,4,0,0,0,0,2024,2,0,0x008D48AF,Fencing 2 PC5,0x0092DCBE,A Haven Poogie Decoration.\nIncompatible with certain\noutfits.
5900,3,4,99,43,4,0,0,0,0,2025,2,0,0x008D48BD,StatusRes 2 PC1,0x0092DCFC,A Haven Poogie Decoration.\nIncompatible with certain\noutfits.
5901,3,4,99,43,4,0,0,0,0,2026,2,0,0x008D48CD,StatusRes 2 PC2,0x0092DD3A,A Haven Poogie Decoration.\nIncompatible with certain\noutfits.
5902,3,4,99,43,4,0,0,0,0,2027,2,0,0x008D48DD,StatusRes 2 PC3,0x0092DD78,A Haven Poogie Decoration.\nIncompatible with certain\noutfits.
5903,3,4,99,43,4,0,0,0,0,2028,2,0,0x008D48ED,StatusRes 2 PC4,0x0092DDB6,A Haven Poogie Decoration.\nIncompatible with certain\noutfits.
5904,3,4,99,43,4,0,0,0,0,2029,2,0,0x008D48FD,StatusRes 2 PC5,0x0092DDF4,A Haven Poogie Decoration.\nIncompatible with certain\noutfits.
5905,3,4,99,43,4,0,0,0,0,2030,2,0,0x008D490D,Handling 2 PC1,0x0092DE32,A Haven Poogie Decoration.\nIncompatible with certain\noutfits.
5906,3,4,99,43,4,0,0,0,0,2031,2,0,0x008D491C,Handling 2 PC2,0x0092DE70,A Haven Poogie Decoration.\nIncompatible with certain\noutfits.
5907,3,4,99,43,4,0,0,0,0,2032,2,0,0x008D492B,Handling 2 PC3,0x0092DEAE,A Haven Poogie Decoration.\nIncompatible with certain\noutfits.
5908,3,4,99,43,4,0,0,0,0,2033,2,0,0x008D493A,Handling 2 PC4,0x0092DEEC,A Haven Poogie Decoration.\nIncompatible with certain\noutfits.
5909,3,4,99,43,4,0,0,0,0,2034,2,0,0x008D4949,Handling 2 PC5,0x0092DF2A,A Haven Poogie Decoration.\nIncompatible with certain\noutfits.
5910,3,4,99,43,4,0,0,0,0,2035,2,0,0x008D4958,Elemental 2 PC1,0x0092DF68,A Haven Poogie Decoration.\nIncompatible with certain\noutfits.
5911,3,4,99,43,4,0,0,0,0,2036,2,0,0x008D4968,Elemental 2 PC2,0x0092DFA6,A Haven Poogie Decoration.\nIncompatible with certain\noutfits.
5912,3,4,99,43,4,0,0,0,0,2037,2,0,0x008D4978,Elemental 2 PC3,0x0092DFE4,A Haven Poogie Decoration.\nIncompatible with certain\noutfits.
5913,3,4,99,43,4,0,0,0,0,2038,2,0,0x008D4988,Elemental 2 PC4,0x0092E022,A Haven Poogie Decoration.\nIncompatible with certain\noutfits.
5914,3,4,99,43,4,0,0,0,0,2039,2,0,0x008D4998,Elemental 2 PC5,0x0092E060,A Haven Poogie Decoration.\nIncompatible with certain\noutfits.
5915,3,4,99,43,4,0,0,0,0,2040,2,0,0x008D49A8,Stam Rec 2 PC1,0x0092E09E,A Haven Poogie Decoration.\nIncompatible with certain\noutfits.
5916,3,4,99,43,4,0,0,0,0,2041,2,0,0x008D49B7,Stam Rec 2 PC2,0x0092E0DC,A Haven Poogie Decoration.\nIncompatible with certain\noutfits.
5917,3,4,99,43,4,0,0,0,0,2042,2,0,0x008D49C6,Stam Rec 2 PC3,0x0092E11A,A Haven Poogie Decoration.\nIncompatible with certain\noutfits.
5918,3,4,99,43,4,0,0,0,0,2043,2,0,0x008D49D5,Stam Rec 2 PC4,0x0092E158,A Haven Poogie Decoration.\nIncompatible with certain\noutfits.
5919,3,4,99,43,4,0,0,0,0,2044,2,0,0x008D49E4,Stam Rec 2 PC5,0x0092E196,A Haven Poogie Decoration.\nIncompatible with certain\noutfits.
5920,3,4,99,43,4,0,0,0,0,2045,2,0,0x008D49F3,Guts 2 PC8,0x0092E1D4,A Haven Poogie Decoration.\nIncompatible with certain\noutfits.
5921,3,4,99,43,4,0,0,0,0,2046,2,0,0x008D49FE,Guts 2 PC9,0x0092E212,A Haven Poogie Decoration.\nIncompatible with certain\noutfits.
5922,3,4,99,43,4,0,0,0,0,2047,2,0,0x008D4A09,Guts 2 PC10,0x0092E250,A Haven Poogie Decoration.\nIncompatible with certain\noutfits.
5923,3,4,99,43,4,0,0,0,0,2048,2,0,0x008D4A15,Guts 2 PC11,0x0092E28E,A Haven Poogie Decoration.\nIncompatible with certain\noutfits.
5924,3,4,99,43,4,0,0,0,0,2049,2,0,0x008D4A21,Guts 2 PC12,0x0092E2CC,A Haven Poogie Decoration.\nIncompatible with certain\noutfits.
5925,3,4,99,43,4,0,0,0,0,2050,2,0,0x008D4A2D,Knives 2 PC1,0x0092E30A,A Haven Poogie Decoration.\nIncompatible with certain\noutfits.
5926,3,4,99,43,4,0,0,0,0,2051,2,0,0x008D4A3A,Knives 2 PC2,0x0092E348,A Haven Poogie Decoration.\nIncompatible with certain\noutfits.
5927,3,4,99,43,4,0,0,0,0,2052,2,0,0x008D4A47,Knives 2 PC3,0x0092E386,A Haven Poogie Decoration.\nIncompatible with certain\noutfits.
5928,3,4,99,43,4,0,0,0,0,2053,2,0,0x008D4A54,Knives 2 PC4,0x0092E3C4,A Haven Poogie Decoration.\nIncompatible with certain\noutfits.
5929,3,4,99,43,4,0,0,0,0,2054,2,0,0x008D4A61,Knives 2 PC5,0x0092E402,A Haven Poogie Decoration.\nIncompatible with certain\noutfits.
5930,3,4,99,43,4,0,0,0,0,2055,2,0,0x008D4A6E,Mndfulness 2 PC1,0x0092E440,A Haven Poogie Decoration.\nIncompatible with certain\noutfits.
5931,3,4,99,43,4,0,0,0,0,2056,2,0,0x008D4A7F,Mndfulness 2 PC2,0x0092E47E,A Haven Poogie Decoration.\nIncompatible with certain\noutfits.
5932,3,4,99,43,4,0,0,0,0,2057,2,0,0x008D4A90,Mndfulness 2 PC3,0x0092E4BC,A Haven Poogie Decoration.\nIncompatible with certain\noutfits.
5933,3,4,99,43,4,0,0,0,0,2058,2,0,0x008D4AA1,Mndfulness 2 PC4,0x0092E4FA,A Haven Poogie Decoration.\nIncompatible with certain\noutfits.
5934,3,4,99,43,4,0,0,0,0,2059,2,0,0x008D4AB2,Mndfulness 2 PC5,0x0092E538,A Haven Poogie Decoration.\nIncompatible with certain\noutfits.
5935,3,4,99,43,4,0,0,0,0,2060,2,0,0x008D4AC3,Def Lock 2 PC1,0x0092E576,A Haven Poogie Decoration.\nIncompatible with certain\noutfits.
5936,3,4,99,43,4,0,0,0,0,2061,2,0,0x008D4AD2,Def Lock 2 PC2,0x0092E5B4,A Haven Poogie Decoration.\nIncompatible with certain\noutfits.
5937,3,4,99,43,4,0,0,0,0,2062,2,0,0x008D4AE1,Def Lock 2 PC3,0x0092E5F2,A Haven Poogie Decoration.\nIncompatible with certain\noutfits.
5938,3,4,99,43,4,0,0,0,0,2063,2,0,0x008D4AF0,Def Lock 2 PC4,0x0092E630,A Haven Poogie Decoration.\nIncompatible with certain\noutfits.
5939,3,4,99,43,4,0,0,0,0,2064,2,0,0x008D4AFF,Def Lock 2 PC5,0x0092E66E,A Haven Poogie Decoration.\nIncompatible with certain\noutfits.
5940,3,4,99,43,4,0,0,0,0,2065,2,0,0x008D4B0E,Pierce S+ 2 PC1,0x0092E6AC,A Haven Poogie Decoration.\nIncompatible with certain\noutfits.
5941,3,4,99,43,4,0,0,0,0,2066,2,0,0x008D4B1E,Pierce S+ 2 PC2,0x0092E6EA,A Haven Poogie Decoration.\nIncompatible with certain\noutfits.
5942,3,4,99,43,4,0,0,0,0,2067,2,0,0x008D4B2E,Pierce S+ 2 PC3,0x0092E728,A Haven Poogie Decoration.\nIncompatible with certain\noutfits.
5943,3,4,99,43,4,0,0,0,0,2068,2,0,0x008D4B3E,Pierce S+ 2 PC4,0x0092E766,A Haven Poogie Decoration.\nIncompatible with certain\noutfits.
5944,3,4,99,43,4,0,0,0,0,2069,2,0,0x008D4B4E,Pierce S+ 2 PC5,0x0092E7A4,A Haven Poogie Decoration.\nIncompatible with certain\noutfits.
5945,3,4,99,43,4,0,0,0,0,2070,2,0,0x008D4B5E,Gathering 2 PC1,0x0092E7E2,A Haven Poogie Decoration.\nIncompatible with certain\noutfits.
5946,3,4,99,43,4,0,0,0,0,2071,2,0,0x008D4B6E,Gathering 2 PC2,0x0092E820,A Haven Poogie Decoration.\nIncompatible with certain\noutfits.
5947,3,4,99,43,4,0,0,0,0,2072,2,0,0x008D4B7E,Gathering 2 PC3,0x0092E85E,A Haven Poogie Decoration.\nIncompatible with certain\noutfits.
5948,3,4,99,43,4,0,0,0,0,2073,2,0,0x008D4B8E,Gathering 2 PC4,0x0092E89C,A Haven Poogie Decoration.\nIncompatible with certain\noutfits.
5949,3,4,99,43,4,0,0,0,0,2074,2,0,0x008D4B9E,Gathering 2 PC5,0x0092E8DA,A Haven Poogie Decoration.\nIncompatible with certain\noutfits.
5950,3,4,99,43,4,0,0,0,0,2075,2,0,0x008D4BAE,Para Res 2 PC9,0x0092E918,A Haven Poogie Decoration.\nIncompatible with certain\noutfits.
5951,3,4,99,43,4,0,0,0,0,2076,2,0,0x008D4BBD,Para Res 2 PC10,0x0092E956,A Haven Poogie Decoration.\nIncompatible with certain\noutfits.
5952,3,4,99,43,4,0,0,0,0,2077,2,0,0x008D4BCD,Para Res 2 PC11,0x0092E994,A Haven Poogie Decoration.\nIncompatible with certain\noutfits.
5953,3,4,99,43,4,0,0,0,0,2078,2,0,0x008D4BDD,Para Res 2 PC12,0x0092E9D2,A Haven Poogie Decoration.\nIncompatible with certain\noutfits.
5954,3,4,99,43,4,0,0,0,0,2079,2,0,0x008D4BED,Para Res 2 PC13,0x0092EA10,A Haven Poogie Decoration.\nIncompatible with certain\noutfits.
5955,4,5,99,43,8,0,100000,5000,0,2080,1,0,0x008D4BFD,Sharpness 2 SA3,0x0092EA4E,A Haven Poogie Decoration.\nCompatible with all outfits.
5956,4,5,99,43,8,0,100000,5000,0,2081,1,0,0x008D4C0D,Handicraft 2 SA1,0x0092EA86,A Haven Poogie Decoration.\nCompatible with all outfits.
5957,4,5,99,43,8,0,100000,5000,0,2082,1,0,0x008D4C1E,Rapid Fire 2 SA1,0x0092EABE,A Haven Poogie Decoration.\nCompatible with all outfits.
5958,4,5,99,43,8,0,100000,5000,0,2083,1,0,0x008D4C2F,Evasion 2 SA1,0x0092EAF6,A Haven Poogie Decoration.\nCompatible with all outfits.
5959,4,5,99,43,8,0,100000,5000,0,2084,1,0,0x008D4C3D,Pierce Up 2 SA1,0x0092EB2E,A Haven Poogie Decoration.\nCompatible with all outfits.
5960,4,5,99,43,8,0,10000,500,0,2085,1,0,0x008D4C4D,Pierce S+ 2 SB1,0x0092EB66,A Haven Poogie Decoration.\nCompatible with all outfits.
5961,4,5,99,43,8,0,10000,500,0,2086,1,0,0x008D4C5D,Pierce S+ 2 SB2,0x0092EB9E,A Haven Poogie Decoration.\nCompatible with all outfits.
5962,4,5,99,43,8,0,10000,500,0,2087,1,0,0x008D4C6D,Pierce S+ 2 SB3,0x0092EBD6,A Haven Poogie Decoration.\nCompatible with all outfits.
5963,4,5,99,43,8,0,10000,500,0,2088,1,0,0x008D4C7D,Pierce S+ 2 SB4,0x0092EC0E,A Haven Poogie Decoration.\nCompatible with all outfits.
5964,4,5,99,43,8,0,10000,500,0,2089,1,0,0x008D4C8D,Pierce S+ 2 SB5,0x0092EC46,A Haven Poogie Decoration.\nCompatible with all outfits.
5965,4,5,99,43,8,0,10000,500,0,2090,1,0,0x008D4C9D,WideRange 2 SB3,0x0092EC7E,A Haven Poogie Decoration.\nCompatible with all outfits.
5966,4,5,99,43,8,0,10000,500,0,2091,1,0,0x008D4CAD,WideRange 2 SB4,0x0092ECB6,A Haven Poogie Decoration.\nCompatible with all outfits.
5967,4,5,99,43,8,0,10000,500,0,2092,1,0,0x008D4CBD,WideRange 2 SB5,0x0092ECEE,A Haven Poogie Decoration.\nCompatible with all outfits.
5968,4,5,99,43,8,0,10000,500,0,2093,1,0,0x008D4CCD,WideRange 2 SB6,0x0092ED26,A Haven Poogie Decoration.\nCompatible with all outfits.
5969,4,5,99,43,8,0,10000,500,0,2094,1,0,0x008D4CDD,WideRange 2 SB7,0x0092ED5E,A Haven Poogie Decoration.\nCompatible with all outfits.
5970,3,4,99,43,8,0,1000,50,0,2095,1,0,0x008D4CED,Transporter 2 SC3,0x0092ED96,A Haven Poogie Decoration.\nCompatible with all outfits.
5971,3,4,99,43,8,0,1000,50,0,2096,1,0,0x008D4CFF,Transporter 2 SC4,0x0092EDCE,A Haven Poogie Decoration.\nCompatible with all outfits.
5972,3,4,99,43,8,0,1000,50,0,2097,1,0,0x008D4D11,Transporter 2 SC5,0x0092EE06,A Haven Poogie Decoration.\nCompatible with all outfits.
5973,3,4,99,43,8,0,1000,50,0,2098,1,0,0x008D4D23,Transporter 2 SC6,0x0092EE3E,A Haven Poogie Decoration.\nCompatible with all outfits.
5974,3,4,99,43,8,0,1000,50,0,2099,1,0,0x008D4D35,Transporter 2 SC7,0x0092EE76,A Haven Poogie Decoration.\nCompatible with all outfits.
5975,3,4,99,43,8,0,1000,50,0,2100,1,0,0x008D4D47,Dragon Res 2 SC3,0x0092EEAE,A Haven Poogie Decoration.\nCompatible with all outfits.
5976,3,4,99,43,8,0,1000,50,0,2101,1,0,0x008D4D58,Dragon Res 2 SC4,0x0092EEE6,A Haven Poogie Decoration.\nCompatible with all outfits.
5977,3,4,99,43,8,0,1000,50,0,2102,1,0,0x008D4D69,Dragon Res 2 SC5,0x0092EF1E,A Haven Poogie Decoration.\nCompatible with all outfits.
5978,3,4,99,43,8,0,1000,50,0,2103,1,0,0x008D4D7A,Dragon Res 2 SC6,0x0092EF56,A Haven Poogie Decoration.\nCompatible with all outfits.
5979,3,4,99,43,8,0,1000,50,0,2104,1,0,0x008D4D8B,Dragon Res 2 SC7,0x0092EF8E,A Haven Poogie Decoration.\nCompatible with all outfits.
5980,3,4,99,43,8,0,1000,50,0,2105,1,0,0x008D4D9C,Gathering 2 SC3,0x0092EFC6,A Haven Poogie Decoration.\nCompatible with all outfits.
5981,3,4,99,43,8,0,1000,50,0,2106,1,0,0x008D4DAC,Gathering 2 SC4,0x0092EFFE,A Haven Poogie Decoration.\nCompatible with all outfits.
5982,3,4,99,43,8,0,1000,50,0,2107,1,0,0x008D4DBC,Gathering 2 SC5,0x0092F036,A Haven Poogie Decoration.\nCompatible with all outfits.
5983,3,4,99,43,8,0,1000,50,0,2108,1,0,0x008D4DCC,Gathering 2 SC6,0x0092F06E,A Haven Poogie Decoration.\nCompatible with all outfits.
5984,3,4,99,43,8,0,1000,50,0,2109,1,0,0x008D4DDC,Gathering 2 SC7,0x0092F0A6,A Haven Poogie Decoration.\nCompatible with all outfits.
5985,3,4,99,43,8,0,1000,50,0,2110,1,0,0x008D4DEC,Sleep Res 2 SC5,0x0092F0DE,A Haven Poogie Decoration.\nCompatible with all outfits.
5986,3,4,99,43,8,0,1000,50,0,2111,1,0,0x008D4DFC,Sleep Res 2 SC6,0x0092F116,A Haven Poogie Decoration.\nCompatible with all outfits.
5987,3,4,99,43,8,0,1000,50,0,2112,1,0,0x008D4E0C,Sleep Res 2 SC7,0x0092F14E,A Haven Poogie Decoration.\nCompatible with all outfits.
5988,3,4,99,43,8,0,1000,50,0,2113,1,0,0x008D4E1C,Sleep Res 2 SC8,0x0092F186,A Haven Poogie Decoration.\nCompatible with all outfits.
5989,3,4,99,43,8,0,1000,50,0,2114,1,0,0x008D4E2C,Sleep Res 2 SC9,0x0092F1BE,A Haven Poogie Decoration.\nCompatible with all outfits.
5990,3,4,99,43,8,0,1000,50,0,2115,1,0,0x008D4E3C,Antiseptic 2 SC5,0x0092F1F6,A Haven Poogie Decoration.\nCompatible with all outfits.
5991,3,4,99,43,8,0,1000,50,0,2116,1,0,0x008D4E4D,Antiseptic 2 SC6,0x0092F22E,A Haven Poogie Decoration.\nCompatible with all outfits.
5992,3,4,99,43,8,0,1000,50,0,2117,1,0,0x008D4E5E,Antiseptic 2 SC7,0x0092F266,A Haven Poogie Decoration.\nCompatible with all outfits.
5993,3,4,99,43,8,0,1000,50,0,2118,1,0,0x008D4E6F,Antiseptic 2 SC8,0x0092F29E,A Haven Poogie Decoration.\nCompatible with all outfits.
5994,3,4,99,43,8,0,1000,50,0,2119,1,0,0x008D4E80,Antiseptic 2 SC9,0x0092F2D6,A Haven Poogie Decoration.\nCompatible with all outfits.
5995,4,5,99,35,0,0,0,0,0,0,0,0,0x008D4E91,Glimmering Base,0x0092F30E,Used to craft various Poogie\nDecorations. Bring it to the\nSmithy!
5996,4,5,99,35,2,0,0,0,0,0,0,0,0x008D4EA1,Insect Base,0x0092F350,Used to craft various Poogie\nDecorations. Bring it to the\nSmithy!
5997,4,5,99,35,4,0,0,0,0,0,0,0,0x008D4EAD,Cream Base,0x0092F392,Used to craft various Poogie\nDecorations. Bring it to the\nSmithy!
5998,4,5,99,35,3,0,0,0,0,0,0,0,0x008D4EB8,Navy Base,0x0092F3D4,Used to craft various Poogie\nDecorations. Bring it to the\nSmithy!
5999,4,5,99,35,5,0,0,0,0,0,0,0,0x008D4EC2,Indigo Base,0x0092F416,Used to craft various Poogie\nDecorations. Bring it to the\nSmithy!
6000,4,5,99,43,8,0,0,0,0,0,0,0,0x008D4ECE,Pink Jewel,0x0092F458,An indispensable item used\nin Decorations. Exceedingly\nrare and valuable.
6001,4,5,99,43,7,0,0,0,0,0,0,0,0x008D4ED9,Light Brown Jwl,0x0092F4A2,An indispensable item used\nin Decorations. Exceedingly\nrare and valuable.
6002,4,5,99,43,7,0,0,0,0,0,0,0,0x008D4EE9,Tawny Jewel,0x0092F4EC,An indispensable item used\nin Decorations. Exceedingly\nrare and valuable.
6003,4,5,99,43,4,0,0,0,0,0,0,0,0x008D4EF5,Alabaster Jewel,0x0092F536,An indispensable item used\nin Decorations. Exceedingly\nrare and valuable.
6004,4,5,99,43,4,0,0,0,0,0,0,0,0x008D4F05,Amber Jewel,0x0092F580,An indispensable item used\nin Decorations. Exceedingly\nrare and valuable.
6005,4,5,99,43,10,0,0,0,0,0,0,0,0x008D4F11,Slate Jewel,0x0092F5CA,An indispensable item used\nin Decorations. Exceedingly\nrare and valuable.
6006,4,5,99,43,7,0,0,0,0,0,0,0,0x008D4F1D,Flax Jewel,0x0092F614,An indispensable item used\nin Decorations. Exceedingly\nrare and valuable.
6007,4,5,99,43,2,0,0,0,0,0,0,0,0x008D4F28,Willow Jewel,0x0092F65E,An indispensable item used\nin Decorations. Exceedingly\nrare and valuable.
6008,4,5,99,43,5,0,0,0,0,0,0,0,0x008D4F35,Light Indigo Jwl,0x0092F6A8,An indispensable item used\nin Decorations. Exceedingly\nrare and valuable.
6009,4,5,99,43,2,0,0,0,0,0,0,0,0x008D4F46,Chatreuse Jewel,0x0092F6F2,An indispensable item used\nin Decorations. Exceedingly\nrare and valuable.
6010,4,5,99,37,5,0,100000,10000,0,0,0,0,0x008D4F56,Quarzeps Cert. S,0x0010EA4A,悪天候の中、狩猟を達成した\n者だけが得ることのできる\n屈強なハンターの証。
6011,4,5,99,37,5,0,100000,10000,0,0,0,0,0x008D4F67,Quarzeps Cert. D,0x0010EA93,苛烈な狩猟を達成した者だけ\nが得ることのできる、不屈の\nハンターの証。
6012,4,5,99,34,4,0,0,0,0,0,0,0,0x008D4F78,Speedrun Coin G,0x0010EAD8,韋駄天杯で優秀な成績を収め\nた狩人に送られる証。「公式\nのしるし【金】」と交換可能。
6013,4,5,99,34,10,0,0,0,0,0,0,0,0x008D4F88,Speedrun Coin S,0x0010EB2B,韋駄天杯で優秀な成績を収め\nた狩人に送られる証。「公式\nのしるし【銀】」と交換可能。
6014,4,5,99,34,7,0,0,0,0,0,0,0,0x008D4F98,Speedrun Coin B,0x0010EB7E,韋駄天杯で優秀な成績を収め\nた狩人に送られる証。「公式\nのしるし【銅】」と交換可能。
6015,4,5,99,34,4,0,0,0,0,0,0,0,0x008D4FA8,Kingfisher Coin G,0x0010EBD1,巨大魚杯で優秀な成績を収め\nた狩人に送られる証。「魚杯\nのしるし【金】」と交換可能。
6016,4,5,99,34,10,0,0,0,0,0,0,0,0x008D4FBA,Kingfisher Coin S,0x0010EC24,巨大魚杯で優秀な成績を収め\nた狩人に送られる証。「魚杯\nのしるし【銀】」と交換可能。
6017,4,5,99,34,7,0,0,0,0,0,0,0,0x008D4FCC,Kingfisher Coin B,0x0010EC77,巨大魚杯で優秀な成績を収め\nた狩人に送られる証。「魚杯\nのしるし【銅】」と交換可能。
6018,4,5,99,37,6,0,0,0,0,0,0,0,0x008D4FDE,Choco Vanilla Tkt,0x0092F73C,Instructions on forging the\nDual Cones. Bring them to\nthe Smithy!
6019,4,5,99,37,6,0,0,0,0,0,0,0,0x008D4FF0,Berry Vanilla Tkt,0x0092F77E,Instructions on forging the\nDual Cones. Bring them to\nthe Smithy!
6020,4,5,99,37,6,0,0,0,0,0,0,0,0x008D5002,Choco Matcha Tkt,0x0092F7C0,Instructions on forging the\nDual Cones. Bring them to\nthe Smithy!
6021,4,5,99,37,6,0,0,0,0,0,0,0,0x008D5013,Berry Matcha Tkt,0x0092F802,Instructions on forging the\nDual Cones. Bring them to\nthe Smithy!
6022,4,5,99,37,3,0,0,0,0,0,0,0,0x008D5024,Double Choco Tkt,0x0092F844,Instructions on forging the\nSuper Dual Cones. Bring them\nto the Smithy!
6023,4,5,99,37,3,0,0,0,0,0,0,0,0x008D5035,Double Berry Tkt,0x0092F88C,Instructions on forging the\nSuper Dual Cones. Bring them\nto the Smithy!
6024,4,5,99,18,8,0,0,0,0,0,0,0,0x008D5046,Fluffberry,0x0010ED42,氷の国で珍重されている\nという謎の木の実。\nとってもパリふわ。
6025,4,5,99,18,7,0,0,0,0,0,0,0,0x008D5051,Crispberry,0x0010ED7F,氷の国で珍重されている\nという謎の木の実。\nとってもサクサク。
6026,4,5,99,33,10,0,0,0,0,0,0,0,0x008D505C,Dowsing Rod,0x0010EDBC,地中にある物を探す時に\n使用する不思議な道具。\n仕組みは謎に包まれている。
6027,4,5,99,37,10,0,0,0,0,0,0,0,0x008D5068,Garon License,0x0010EE05,真の力を解放したガルセイン\nの所持を許された者の証。\n正義の下にある限り有効。
6028,4,5,99,1,4,0,0,0,0,0,0,0,0x008D5076,Ticking Something,0x0010EE52,肌触りがあまりにも良いため\n我を忘れて触り続けてしまう\nカチコチした何か。
6029,4,5,99,38,4,0,0,0,0,0,0,0,0x008D5088,Carbide Edge,0x0010EE9B,最新の製錬技術を用いて\n究極の硬さを得た小さな刃。\n斬れ味を飛躍的に高める。
6030,4,5,99,33,8,0,0,0,0,0,0,0,0x008D5095,Charming Gear,0x0092F8D4,An intricate gear that\nenables the doll to perform\nmore captivating movements.
6031,4,5,99,33,3,0,0,0,0,0,0,0,0x008D50A3,Sonic Gear,0x0092F923,An intricate gear that\nenables the doll to perform\nmore destructive movements.
6032,4,5,99,36,10,0,0,0,0,0,0,0,0x008D50AE,Master's Tome 6,0x0010EF6C,既に絶版となった謎の本。\nどうやら、とある武器の強化\n方法が記載されているようだ。
6033,4,5,99,41,6,0,0,0,0,0,0,0,0x008D50BE,Jebia Hymn,0x0092F972,A hymn composed to praise\nthe Aqra Jebia. Imbued with\ntwisted affection.
6034,4,5,99,14,10,0,0,0,0,0,0,0,0x008D50C9,Black Beast Fur,0x0010F004,黒き獣から入手できる毛皮。\nその毛並は見る者を脅えさせ、\n触れる者をシビレさせる。
6035,4,5,99,31,0,0,0,0,0,0,0,0,0x008D50D9,Eternal Icefang,0x0010F055,冷たく輝く牙。\n帯びた冷気は永久に消えず、\n触れた物を瞬時に凍らせる。
6036,4,5,99,35,4,0,0,0,0,0,0,0,0x008D50E9,Conductive Pad,0x0010F09A,伝導率、緩衝性、肌触りを\n追求した最高級クッション。\nぬいぐるみの尻に装着する。
6037,4,5,99,27,10,0,0,0,0,0,0,0,0x008D50F8,Magdaora Alloy,0x0010F0E9,メインフレームの構造に\n技術革新をもたらす可能性を\n秘めた合金。成分は不明。
6038,4,5,99,35,5,0,0,0,0,0,0,0,0x008D5107,Suspicious Parts,0x0010F134,怪しげな骨や皮がいくつか\n入っている袋。数を集めな\nいとゴミ同然。
6039,4,5,99,10,5,0,0,0,0,0,0,0,0x008D5118,Shivering Beak,0x0010F175,常に震えている不思議なクチ\nバシ。頑強な素材と組み合わ\nせることで、震えは止まる。
6040,4,5,99,14,5,0,0,0,0,0,0,0,0x008D5127,Poisonous Hide,0x0010F1C6,長い年月をかけて汚染された\n毒怪鳥の皮。不用意に触れた\n者を確実に死に至らしめる。
6041,4,5,99,37,1,0,0,0,0,0,0,0,0x008D5136,Explosives License,0x0010F217,爆発物のスペシャリストであ\nることを示す免許。爆発物を\n作成する時はこれが必要。
6042,4,5,99,33,2,0,0,0,0,0,0,0,0x008D5149,Eastern Bamboo,0x0010F266,東方の地で祭事に用いる竹。\nある時期になるとメゼポルタ\n広場にも飾られる。
6043,4,5,99,33,0,0,0,0,0,0,0,0,0x008D5158,E. Straw Rope,0x0010F2AF,あらゆるモノを縛るときに\n用いる。このわら縄は、ある\n武器の強化に必要。
6044,4,5,99,27,0,0,0,0,0,0,0,0,0x008D5166,Excavated Ore,0x0010F2F6,破れた地図で印されていた\n場所を掘って見つけた鉱石。\n鉄鉱石より比重が高い。
6045,4,5,99,27,3,0,0,0,0,0,0,0,0x008D5174,Ice Stones,0x0010F341,ある月夜の日に発見した石。\nこの石は常に低温を保つ為、\n食料の保存などに使われる。
6046,4,5,99,27,6,0,0,0,0,0,0,0,0x008D517F,Rimeblade Cryst,0x0010F392,氷属性武器の強化に欠かす\nことのできない触媒。斬れ味\nと攻撃力を高める効果がある。
6047,4,5,99,27,3,0,0,0,0,0,0,0,0x008D518F,Calm Caldite,0x0092F9BB,An ore said to contain the\npower of flame. Its color\nchanges with viewing angle.
6048,4,5,99,27,3,0,0,0,0,0,0,0,0x008D519C,Spirited Caldite,0x0092FA0C,An ore said to contain the\npower of flame. Its color\nchanges with viewing angle.
6049,4,5,99,27,3,0,0,0,0,0,0,0,0x008D51AD,Pure Caldite,0x0092FA5D,An ore said to contain the\npower of flame. Its color\nchanges with viewing angle.
6050,4,5,99,27,10,0,0,0,0,0,0,0,0x008D51BA,N545 Ore,0x0010F3E3,５４５番目に発見された鉱石。\nある重砲の生産に必要。他の\n武具に使用されたことはない。
6051,4,5,99,33,8,0,0,0,0,0,0,0,0x008D51C3,Sweet Temptation,0x0092FAAE,The irresistible taste of a\nsweet treat. Don't forget to\nshare your Porta Chocolate!
6052,4,5,99,9,1,0,0,0,0,0,0,0,0x008D51D4,Dry Red Heavyshl,0x0010F47D,砂漠に生息する、紅い飛竜種\nの殻。かなりの年数が経過\nしている為、脆い。
6053,4,5,99,33,7,0,0,0,0,0,0,0,0x008D51E5,Shaka Stationery,0x0092FB03,A notebook carried by the\nShakalaka. Its contents are\nindecipherable.
6054,4,5,99,36,7,0,0,0,0,0,0,0,0x008D51F6,Shakalaka Book,0x0092FB49,Held by a certain Shakalaka.\nThe contents suggest that it\nis actually a fairy tale.
6055,4,5,99,6,2,0,0,0,0,0,0,0,0x008D5205,Christmas Gifts,0x0092FB9D,A gift packed with every\ndream imaginable. Given at\na certain time of the year.
6056,4,5,99,33,1,0,0,0,0,0,0,0,0x008D5215,Festive Candles,0x0092FBED,Candles used to decorate a\nPorta Cake. Blowing them out\nis always so exciting!
6057,4,5,99,15,2,0,0,0,0,0,0,0,0x008D5225,Ylw Tea Leaves,0x0010F5F4,一人前の使用人として仕事を\n全うした証の品。若々しい\n新芽の香りが鼻をくすぐる。
6058,4,5,99,15,1,0,0,0,0,0,0,0,0x008D5234,Red Tea Leaves,0x0010F643,一流の使用人として仕事を\n全うした証の品。深みのある\n成熟した香りが鼻をくすぐる。
6059,4,5,99,27,10,0,0,0,0,0,0,0,0x008D5243,Super Hard WCCO,0x0010F694,決して砕けず、決して斬れず。\n最高峰の硬度はその構造に\n由来し、元素自体は脆い。
6060,4,5,99,27,0,0,0,0,0,0,0,0,0x008D5253,Super Hard HCLM,0x0010F694,決して砕けず、決して斬れず。\n最高峰の硬度はその構造に\n由来し、元素自体は脆い。
6061,4,5,99,41,10,0,0,0,0,0,0,0,0x008D5263,Dongle Requiem,0x0010F6E3,報われない魂を鎮めるべく、\n漆黒の教義を賛美する音楽。\n人の正常な意識を乱す。
6062,4,5,99,41,0,0,0,0,0,0,0,0,0x008D5272,Dongle Oracle,0x0010F730,報われない魂を鎮めるべく、\n天上より響く神格の歌声。\n人の正常な意識を乱す。
6063,4,5,99,25,0,0,0,0,0,0,0,0,0x008D5280,Epidosis Egg,0x0092FC3C,A special egg used to craft\ncertain weapons. Prized for\nits versatility.
6064,4,5,99,25,1,0,0,0,0,0,0,0,0x008D528D,Canbrio Eggs,0x0092FC85,A special egg used to craft\ncertain weapons. Prized for\nits versatility.
6065,4,5,99,14,5,0,0,0,0,0,0,0,0x008D529A,Prismatic Leather,0x0010F7C8,様々な素材を組み合わせ、\n門外不出の製法によって\n生まれた複雑な色の皮。
6066,4,5,99,27,4,0,0,0,0,0,0,0,0x008D52AC,Gospel Stone,0x0010F80F,古代より伝わる神秘の石。\nある民族は自分たちの命を\n投げ捨ててまで守ったという。
6067,4,5,99,37,3,0,0,0,0,0,0,0,0x008D52B9,BP15 Ticket 1,0x0092FCCE,"A ticket made of special,\nrare paper. Can be exchanged\nfor a special item."
6068,4,5,99,37,3,0,0,0,0,0,0,0,0x008D52C7,BP15 Ticket 2,0x0092FD19,"A ticket made of special,\nrare paper. Can be exchanged\nfor a special item."
6069,4,5,99,37,3,0,0,0,0,0,0,0,0x008D52D5,BP15 Ticket 3,0x0092FD64,"A ticket made of special,\nrare paper. Can be exchanged\nfor a special item."
6070,4,5,99,37,3,0,0,0,0,0,0,0,0x008D52E3,BP15 Ticket 4,0x0092FDAF,"A ticket made of special,\nrare paper. Can be exchanged\nfor a special item."
6071,4,5,99,37,3,0,0,0,0,0,0,0,0x008D52F1,BP15 Ticket 5,0x0092FDFA,"A ticket made of special,\nrare paper. Can be exchanged\nfor a special item."
6072,4,5,99,37,3,0,0,0,0,0,0,0,0x008D52FF,BP15 Ticket 6,0x0092FE45,"A ticket made of special,\nrare paper. Can be exchanged\nfor a special item."
6073,4,5,99,37,3,0,0,0,0,0,0,0,0x008D530D,BP15 Ticket 7,0x0092FE90,"A ticket made of special,\nrare paper. Can be exchanged\nfor a special item."
6074,3,4,99,0,0,0,0,0,0,0,0,0,0x000DB69F,ダミー６０７４,0x0000276D,ダミー
6075,3,4,99,0,0,0,0,0,0,0,0,0,0x000DB6AE,ダミー６０７５,0x0000276D,ダミー
6076,3,4,99,0,0,0,0,0,0,0,0,0,0x000DB6BD,ダミー６０７６,0x0000276D,ダミー
6077,3,4,99,0,0,0,0,0,0,0,0,0,0x000DB6CC,ダミー６０７７,0x0000276D,ダミー
6078,3,4,99,0,0,0,0,0,0,0,0,0,0x000DB6DB,ダミー６０７８,0x0000276D,ダミー
6079,3,4,99,0,0,0,0,0,0,0,0,0,0x000DB6EA,ダミー６０７９,0x0000276D,ダミー
6080,3,4,99,0,0,0,0,0,0,0,0,0,0x000DB6F9,ダミー６０８０,0x0000276D,ダミー
6081,3,4,99,0,0,0,0,0,0,0,0,0,0x000DB708,ダミー６０８１,0x0000276D,ダミー
6082,3,4,99,0,0,0,0,0,0,0,0,0,0x000DB717,ダミー６０８２,0x0000276D,ダミー
6083,3,4,99,0,0,0,0,0,0,0,0,0,0x000DB726,ダミー６０８３,0x0000276D,ダミー
6084,3,4,99,0,0,0,0,0,0,0,0,0,0x000DB735,ダミー６０８４,0x0000276D,ダミー
6085,3,4,99,0,0,0,0,0,0,0,0,0,0x000DB744,ダミー６０８５,0x0000276D,ダミー
6086,3,4,99,0,0,0,0,0,0,0,0,0,0x000DB753,ダミー６０８６,0x0000276D,ダミー
6087,3,4,99,0,0,0,0,0,0,0,0,0,0x000DB762,ダミー６０８７,0x0000276D,ダミー
6088,4,5,99,37,7,0,0,0,0,0,0,0,0x008D531B,Agama Ticket,0x0092FEDB,Instructions on forging the\nAgamid Shooter. Bring them\nto the Smithy!
6089,4,5,99,37,7,0,0,0,0,0,0,0,0x008D5328,Beer Ticket,0x0092FF21,Instructions on forging the\nBia Shooter. Bring them to\nthe Smithy!
6090,4,5,99,37,7,0,0,0,0,0,0,0,0x008D5334,Aqua Ticket,0x0092FF64,Instructions on forging the\nAqua Shooter. Bring them to\nthe Smithy!
6091,4,5,99,37,8,0,0,0,0,0,0,0,0x008D5340,Zodiac Ticket H,0x0092FFA8,Instructions on forging the\nZodiac armor. Bring them to\nthe Smithy!
6092,4,5,99,37,8,0,0,0,0,0,0,0,0x008D5350,Zodiac Ticket C,0x0092FFEC,Instructions on forging the\nZodiac armor. Bring them to\nthe Smithy!
6093,4,5,99,37,8,0,0,0,0,0,0,0,0x008D5360,Zodiac Ticket A,0x00930030,Instructions on forging the\nZodiac armor. Bring them to\nthe Smithy!
6094,4,5,99,37,8,0,0,0,0,0,0,0,0x008D5370,Zodiac Ticket W,0x00930074,Instructions on forging the\nZodiac armor. Bring them to\nthe Smithy!
6095,4,5,99,37,8,0,0,0,0,0,0,0,0x008D5380,Zodiac Ticket L,0x009300B8,Instructions on forging the\nZodiac armor. Bring them to\nthe Smithy!
6096,4,5,99,37,3,0,0,0,0,0,0,0,0x008D5390,Wheel Ticket,0x009300FC,Instructions on forging the\nWill Spear. Bring them to\nthe Smithy!
6097,4,5,99,37,4,0,0,0,0,0,0,0,0x008D539D,Oviri Tkt,0x0093013E,Instructions on forging the\nOviri Spear. Bring them to\nthe Smithy!
6098,4,5,99,37,3,0,0,0,0,0,0,0,0x008D53A7,Ohai Tkt,0x00930181,Instructions on forging the\nPale Sword. Bring them to\nthe Smithy!
6099,4,5,99,37,4,0,0,0,0,0,0,0,0x008D53B0,Indus Tkt,0x009301C3,Instructions on forging the\nRuby Sword. Bring them to\nthe Smithy!
6100,4,5,99,37,10,0,0,0,0,0,0,0,0x008D53BA,Octol Tkt,0x00930205,Instructions on forging the\nOctol Launcher. Bring them\nto the Smithy!
6101,4,5,99,37,10,0,0,0,0,0,0,0,0x008D53C4,Pasami Tkt,0x0093024B,Instructions on forging the\nAtomic Launcher. Bring them\nto the Smithy!
6102,4,5,99,37,10,0,0,0,0,0,0,0,0x008D53CF,Pasdaina Tkt,0x00930292,Instructions on forging the\nKinetic Launcher. Bring them\nto the Smithy!
6103,4,5,99,37,1,0,0,0,0,0,0,0,0x008D53DC,Piscari Ticket,0x009302DA,Instructions on forging\nthe Whirlwind Launcher.\nBring them to the Smithy!
6104,4,5,99,37,1,0,0,0,0,0,0,0,0x008D53EB,Piscurin Ticket,0x00930324,Instructions on forging the\nWar God Launcher. Bring them\nto the Smithy!
6105,4,5,99,37,1,0,0,0,0,0,0,0,0x008D53FB,Piscall Ticket,0x0093036C,Instructions on forging\nthe Commander Launcher.\nBring them to the Smithy!
6106,4,5,99,37,5,0,0,0,0,0,0,0,0x008D540A,Nagrin Ticket,0x009303B6,Instructions on forging the\nNagrin DT. Bring them to the\nSmithy!
6107,4,5,99,37,5,0,0,0,0,0,0,0,0x008D5418,Caliguli Ticket,0x009303F7,Instructions on forging the\nCaligiuri. Bring them to the\nSmithy!
6108,4,5,99,37,5,0,0,0,0,0,0,0,0x008D5428,Cava Ticket,0x00930438,Instructions on forging\nthe Cabaret Aftercare.\nBring them to the Smithy!
6109,4,5,99,37,5,0,0,0,0,0,0,0,0x008D5434,Lovely Cat Tkt,0x00930481,Instructions on forging the\nLoving Cat. Bring them to\nthe Smithy!
6110,4,5,99,37,5,0,0,0,0,0,0,0,0x008D5443,Mount Ticket,0x009304C3,Instructions on forging the\nMount Shasta. Bring them to\nthe Smithy!
6111,4,5,99,37,5,0,0,0,0,0,0,0,0x008D5450,Grande Ticket,0x00930507,Instructions on forging the\nGrande Amore. Bring them to\nthe Smithy!
6112,4,5,99,37,5,0,0,0,0,0,0,0,0x008D545E,Lavia Ticket,0x0093054B,Instructions on forging the\nLa Vie en Rose. Bring them\nto the Smithy!
6113,4,5,99,31,10,0,100000,10000,0,0,0,0,0x008D546B,??? Claw Shard,0x00930591,"Even in its broken state,\nthis claw carries the might\nof the black flying wyvern."
6114,4,5,99,24,1,0,100000,10000,0,0,0,0,0x008D547A,Vivid Blood,0x009305E3,"The blood of a powerful\nmonster. Born from violent\nexertion: hot, yet alluring."
6115,3,4,99,0,0,0,0,0,0,0,0,0,0x000DB90A,ダミー６１１５,0x0000276D,ダミー
6116,4,5,99,37,5,0,0,0,0,0,0,0,0x008D5486,Dragoon Ticket,0x00930633,Instructions on forging the\nDragoon Gadget. Bring them\nto the Smithy!
6117,4,5,99,37,4,0,0,0,0,0,0,0,0x008D5495,L.Burst Ticket,0x00930679,Instructions on forging the\nLightning Burst. Bring them\nto the Smithy!
6118,4,5,99,37,5,0,0,0,0,0,0,0,0x008D54A4,Rasta Ticket,0x009306C0,Instructions on forging the\nLustrous Sword. Bring them\nto the Smithy!
6119,4,5,99,37,6,0,0,0,0,0,0,0,0x008D54B1,Stern Ticket,0x00930706,Instructions on forging the\nStern Sword. Bring them to\nthe Smithy!
6120,4,5,99,37,7,0,0,0,0,0,0,0,0x008D54BE,Reist Ticket H,0x00930749,Instructions on forging the\nReist armor. Bring it to the\nSmithy!
6121,4,5,99,37,7,0,0,0,0,0,0,0,0x008D54CD,Reist Ticket C,0x0093078A,Instructions on forging the\nReist armor. Bring it to the\nSmithy!
6122,4,5,99,37,7,0,0,0,0,0,0,0,0x008D54DC,Reist Ticket A,0x009307CB,Instructions on forging the\nReist armor. Bring it to the\nSmithy!
6123,4,5,99,37,7,0,0,0,0,0,0,0,0x008D54EB,Reist Ticket W,0x0093080C,Instructions on forging the\nReist armor. Bring it to the\nSmithy!
6124,4,5,99,37,7,0,0,0,0,0,0,0,0x008D54FA,Reist Ticket L,0x0093084D,Instructions on forging the\nReist armor. Bring it to the\nSmithy!
6125,4,5,99,37,0,0,0,0,0,0,0,0,0x008D5509,Fuego Ticket,0x0093088E,Instructions on forging the\nAcute Flame. Bring it to the\nSmithy!
6126,4,5,99,37,1,0,0,0,0,0,0,0,0x008D5516,Para Ticket,0x009308CF,Instructions on forging the\nAcute Shock. Bring it to the\nSmithy!
6127,4,5,99,37,2,0,0,0,0,0,0,0,0x008D5522,Vada Ticket,0x00930910,Instructions on forging the\nAcute Stream. Bring it to\nthe Smithy!
6128,4,5,99,37,3,0,0,0,0,0,0,0,0x008D552E,Veno Ticket,0x00930952,Instructions on forging the\nAcute Venom. Bring it to\nthe Smithy!
6129,4,5,99,37,4,0,0,0,0,0,0,0,0x008D553A,Ron Ticket,0x00930993,Instructions on forging the\nAcute Dragon. Bring it to\nthe Smithy!
6130,4,5,99,43,10,0,0,0,0,0,0,0,0x008D5545,Steel Blue Jewel,0x009309D5,An indispensable item used\nin Decorations. Exceedingly\nrare and valuable.
6131,4,5,99,43,3,0,0,0,0,0,0,0,0x008D5556,Dark Blue Jewel,0x00930A1F,An indispensable item used\nin Decorations. Exceedingly\nrare and valuable.
6132,4,5,99,43,7,0,0,0,0,0,0,0,0x008D5566,Rust Jewel,0x00930A69,An indispensable item used\nin Decorations. Exceedingly\nrare and valuable.
6133,4,5,99,43,4,0,0,0,0,0,0,0,0x008D5571,Yellow Jewel,0x00930AB3,An indispensable item used\nin Decorations. Exceedingly\nrare and valuable.
6134,4,5,99,43,10,0,0,0,0,0,0,0,0x008D557E,Jet-Black Jewel,0x00930AFD,An indispensable item used\nin Decorations. Exceedingly\nrare and valuable.
6135,4,5,99,43,1,0,0,0,0,0,0,0,0x008D558E,Scarlet Jewel,0x00930B47,An indispensable item used\nin Decorations. Exceedingly\nrare and valuable.
6136,4,5,99,43,5,0,0,0,0,0,0,0,0x008D559C,Purple Jewel,0x00930B91,An indispensable item used\nin Decorations. Exceedingly\nrare and valuable.
6137,4,5,99,43,7,0,0,0,0,0,0,0,0x008D55A9,Orpiment Jewel,0x00930BDB,An indispensable item used\nin Decorations. Exceedingly\nrare and valuable.
6138,4,5,99,43,4,0,0,0,0,0,0,0,0x008D55B8,Moss Brown Jwl,0x00930C25,An indispensable item used\nin Decorations. Exceedingly\nrare and valuable.
6139,4,5,99,43,2,0,0,0,0,0,0,0,0x008D55C7,Spring Green Jwl,0x00930C6F,An indispensable item used\nin Decorations. Exceedingly\nrare and valuable.
6140,4,5,99,9,1,0,30000,3000,0,0,0,0,0x008D55D8,Odiba Shell,0x00930CB9,A robust shell with a deep\nred hue. Evolved to allow\nfor life in the sands.
6141,4,5,99,23,1,0,50000,5000,0,0,0,0,0x008D55E4,Odiba Heavyscale,0x00930D05,A robust scale serving as\nprotection from the immense\npressure of the sand.
6142,4,5,99,9,1,0,100000,10000,0,0,0,0,0x008D55F5,Odiba Greatjaw,0x00930D51,A powerful jaw that doubles\nas a suction organ used to\nclear away obstructing sand.
6143,4,5,99,31,1,0,200000,20000,0,0,0,0,0x008D5604,Odiba Ragehorn,0x00930DA5,A highly developed white\ndorsal spike. A symbol of\nthe Odibataurus's rage.
6144,4,5,99,31,1,0,100000,10000,0,0,0,0,0x008D5613,Odiba Black Claw,0x00930DF0,A claw used to traverse the\nvast sea of sand. Capable of\ncleaving the sturdiest rock.
6145,4,5,99,9,1,0,500000,50000,0,0,0,0,0x008D5624,Odiba Spike,0x00930E46,"A rare material formed as\nthe spike gradually wears\ndown, becoming razor-sharp."
6146,4,5,99,37,5,0,100000,10000,0,0,0,0,0x008D5630,Odiba Cert. R,0x00930E96,A certificate given only to\nthose who've repelled the\nfearsome Crimson Colossus.
6147,4,5,99,37,5,0,100000,10000,0,0,0,0,0x008D563E,Odiba Cert.,0x00930EE7,A certificate given only to\nthose who've triumphed over\nthe most arduous of hunts.
6148,4,5,99,23,1,0,100000,10000,0,0,0,0,0x008D564A,Scarred Odi Scl,0x00930F3A,A supreme Odibataurus scale.\nIts surface is covered with\na myriad of scars.
6149,4,5,99,14,7,0,300000,30000,0,0,0,0,0x008D565A,Gogo Scarletpelt,0x001102C5,幾多の毛の中でも硬く鋭い毛。\n強くたくましい跳緋獣から\nしか取ることができない。
6150,4,5,99,14,7,0,400000,40000,0,0,0,0,0x008D566B,Gogomoa Wildpelt,0x00930F86,Beautiful Gogomoa fur. Its\nsoft texture captivates all\nwho touch it.
6151,4,5,99,14,7,0,500000,50000,0,0,0,0,0x008D567C,Gogo Mightpelt,0x00930FCB,Crimson fur obtained from a\nparticularly fierce Gogomoa.\nExtremely delicate.
6152,4,5,99,23,4,0,400000,40000,0,0,0,0,0x008D568B,Bel Voltscale,0x00931018,A supercharged Belkuros\nscale. It smells a little\nburned.
6153,4,5,99,23,4,0,500000,50000,0,0,0,0,0x008D5699,Bel Lumenscale,0x00931052,A beautiful Belkuros scale\nthat shines bright even in\nthe deepest darkness.
6154,4,5,99,10,3,0,500000,50000,0,0,0,0,0x008D56A8,Gaudy Beak,0x0093109E,A gaudy Blue Kut-Ku beak.\nAs conspicuous and showy\nas the monster itself.
6155,4,5,99,9,8,0,500000,50000,0,0,0,0,0x008D56B3,Crimson Belly,0x009310E8,Marbled belly meat with a\nvibrant hue. Its velvety\ntexture is irresistible.
6156,4,5,99,31,10,0,600000,60000,0,0,0,0,0x008D56C1,Violent Horn,0x00931134,A horn from a Black Diablos\nradiating with anger. Its\nshape is unusually twisted.
6157,3,4,99,43,0,0,1000,100,0,0,0,0,0x008D56CE,White Aberrite,0x00931186,A jewel awarded to hunters\nwho've helped study certain\nAberrant Monsters.
6158,3,4,99,43,2,0,1000,100,0,0,0,0,0x008D56DD,Green Aberrite,0x009311D0,A jewel awarded to hunters\nwho've helped study certain\nAberrant Monsters.
6159,3,4,99,43,6,0,1000,100,0,0,0,0,0x008D56EC,Cyan Aberrite,0x0093121A,A jewel awarded to hunters\nwho've helped study certain\nAberrant Monsters.
6160,3,4,99,43,7,0,1000,100,0,0,0,0,0x008D56FA,Orange Aberrite,0x00931264,A jewel awarded to hunters\nwho've helped study certain\nAberrant Monsters.
6161,3,4,99,43,8,0,1000,100,0,0,0,0,0x008D570A,Pink Aberrite,0x009312AE,A jewel awarded to hunters\nwho've helped study certain\nAberrant Monsters.
6162,3,4,99,43,10,0,1000,100,0,0,0,0,0x008D5718,Silver Aberrite,0x009312F8,A jewel awarded to hunters\nwho've helped study certain\nAberrant Monsters.
6163,3,4,99,43,4,0,1000,100,0,0,0,0,0x008D5728,Golden Aberrite,0x00931342,A jewel awarded to hunters\nwho've helped study certain\nAberrant Monsters.
6164,3,4,99,37,0,0,0,0,0,0,0,0,0x008D5738,Mizuki's Letter,0x0093138C,A letter of introduction\nfrom the Episodic Quest Gal.\nTry bringing it to a Quest!
6165,3,4,5,24,0,0,1000,100,0,0,0,0,0x008D5748,Bland Goocoo Soup,0x009313DE,An underboiled broth made\nat the Goocoo Pot.\nNot Goocoo flavored.
6166,3,4,5,24,4,0,5000,500,0,0,0,0,0x008D575A,Tasty Goocoo Soup,0x00931420,A perfectly boiled broth\nmade at the Goocoo Pot.\nNot Goocoo flavored.
6167,3,4,5,24,7,0,1000,100,0,0,0,0,0x008D576C,Rich Goocoo Soup,0x00931466,An overboiled broth made\nat the Goocoo Pot.\nNot Goocoo flavored.
6168,4,5,5,82,1,0,0,0,0,0,0,0,0x008D577D,Fire Atk Berry,0x009314A7,Its effect persists even\nafter fainting. Only one\ncan be eaten per Quest.
6169,4,5,5,82,6,0,0,0,0,0,0,0,0x008D578C,Water Atk Berry,0x009314F1,Its effect persists even\nafter fainting. Only one\ncan be eaten per Quest.
6170,4,5,5,82,3,0,0,0,0,0,0,0,0x008D579C,Ice Atk Berry,0x0093153B,Its effect persists even\nafter fainting. Only one\ncan be eaten per Quest.
6171,4,5,5,82,4,0,0,0,0,0,0,0,0x008D57AA,Thunder Atk Berry,0x00931585,Its effect persists even\nafter fainting. Only one\ncan be eaten per Quest.
6172,4,5,5,82,5,0,0,0,0,0,0,0,0x008D57BC,Dragon Atk Berry,0x009315CF,Its effect persists even\nafter fainting. Only one\ncan be eaten per Quest.
6173,4,5,5,82,0,0,0,0,0,0,0,0,0x008D57CD,Tremor Res Berry,0x00931619,Its effect persists even\nafter fainting. Only one\ncan be eaten per Quest.
6174,4,5,3,35,4,0,0,0,0,0,0,0,0x008D57DE,Brace Powder,0x00931663,A powder that temporarily\nprevents you and nearby\nallies from being flinched.
6175,4,5,1,37,3,0,0,0,0,0,0,0,0x008D57EB,Guild Letter,0x009316B1,A letter brimming with\npassion. Increases the\namount of HRP obtained.
6176,4,5,1,37,10,0,0,0,0,0,0,0,0x008D57F8,Guild Accolade,0x009316F7,A thick and lengthy letter\nof recommendation. Greatly\nincreases HRP obtained.
6177,4,5,99,37,0,0,0,0,0,0,0,0,0x008D5807,Monster Design,0x00931745,A design for a monster-\nthemed room. Not as scary\nas you thought!
6178,4,5,99,37,7,0,0,0,0,0,0,0,0x008D5816,Big-Eared Design,0x00931787,A design for a pair of\nlarge ears reminiscent\nof a Yian Kut-Ku.
6179,4,5,99,37,6,0,0,0,0,0,0,0,0x008D5827,Small-Eared Design,0x009317C7,"A design for a pair of\ngaudy ears, similar to\nthose of a Blue Kut-Ku."
6180,4,5,99,37,5,0,0,0,0,0,0,0,0x008D583A,Pointy-Eared Design,0x0093180D,"A design for a pair of\nsharp ears, similar to\nthose of a Yian Garuga."
6181,4,5,99,37,7,0,0,0,0,0,0,0,0x008D584E,Bright-Tailed Design,0x00931853,A pattern for making orange\ntail feathers. Become as...\nHypnocatrice?
6182,4,5,99,37,8,0,0,0,0,0,0,0,0x008D5863,Lovely-Tailed Design,0x00931899,A pattern for making reddish\npurple tail feathers. Become\nas...Vivid Hypnocatrice?
6183,4,5,99,37,3,0,0,0,0,0,0,0,0x008D5878,Pale-Tailed Design,0x009318EC,A pattern for making bluish\nwhite tail feathers. Become\nas...Pale Hypnocatrice?
6184,4,5,99,37,5,0,0,0,0,0,0,0,0x008D588B,Flashing Design,0x0093193C,A design for a set of mock\nGypceros decorations. Beak\nand crest included.
6185,4,5,99,37,5,0,0,0,0,0,0,0,0x008D589B,Flickering Design,0x00931986,A design for a set of mock\nPurple Gypceros decorations.\nBeak and crest included.
6186,4,5,99,37,6,0,0,0,0,0,0,0,0x008D58AD,Angry Design,0x009319D7,"A design for a large,\nVelocidrome-like crest."
6187,4,5,99,37,1,0,0,0,0,0,0,0,0x008D58BA,Commanding Design,0x00931A05,"A design for a large,\nIodrome-like crest."
6188,4,5,99,37,4,0,0,0,0,0,0,0,0x008D58CC,Numbing Design,0x00931A2F,"A design for a large,\nGendrome-like crest."
6189,4,5,99,37,0,0,0,0,0,0,0,0,0x008D58DB,Frosty Design,0x00931A5A,"A design for a large,\nGiaprey-like crest."
6190,4,5,99,37,0,0,0,0,0,0,0,0,0x008D58E9,Survey Ticket,0x00931A84,Combine this with certain\nmonster materials to create\nvarious clothing designs.
6191,4,5,99,37,10,0,0,0,0,0,0,0,0x008D58F7,Demonic Design,0x00931AD4,A pattern for repurposing\nthe Kijin armor to fit a\nGoocoo.
6192,4,5,99,35,10,0,0,0,0,0,0,0,0x008D5906,Ebony Base,0x00931B0F,Used to craft various Poogie\nDecorations. Bring it to the\nSmithy!
6193,4,5,99,35,5,0,0,0,0,0,0,0,0x008D5911,Amethyst Base,0x00931B51,Used to craft various Poogie\nDecorations. Bring it to the\nSmithy!
6194,4,5,99,35,2,0,0,0,0,0,0,0,0x008D591F,Olive Base,0x00931B93,Used to craft various Poogie\nDecorations. Bring it to the\nSmithy!
6195,4,5,99,35,1,0,0,0,0,0,0,0,0x008D592A,Cinnabar Base,0x00931BD5,Used to craft various Poogie\nDecorations. Bring it to the\nSmithy!
6196,4,5,99,35,0,0,0,0,0,0,0,0,0x008D5938,Marian Base,0x00931C17,Used to craft various Poogie\nDecorations. Bring it to the\nSmithy!
6197,6,7,99,43,5,0,100000,100,7,2120,0,0,0x008D5944,Hndicrft Jwl SP+,0x00931C59,A skill-rich Decoration that\ncan only be attached to SP\nArmor.
6198,6,7,99,43,5,0,100000,100,7,2121,0,0,0x008D5955,Handicrft Jwl EX,0x00931C98,A skill-rich Decoration that\ncan only be attached to SP\nArmor.
6199,6,7,99,43,6,0,100000,100,7,2122,0,0,0x008D5966,Razor Jewel SP+,0x00931CD7,A skill-rich Decoration that\ncan only be attached to SP\nArmor.
6200,6,7,99,43,6,0,100000,100,7,2123,0,0,0x008D5976,Razor Jewel EX,0x00931D16,A skill-rich Decoration that\ncan only be attached to SP\nArmor.
6201,6,7,99,43,4,0,100000,100,7,2124,0,0,0x008D5985,Truesight Jwl SP+,0x00931D55,A skill-rich Decoration that\ncan only be attached to SP\nArmor.
6202,6,7,99,43,4,0,100000,100,7,2125,0,0,0x008D5997,Truesight Jwl EX,0x00931D94,A skill-rich Decoration that\ncan only be attached to SP\nArmor.
6203,6,7,99,43,3,0,100000,100,7,2126,0,0,0x008D59A8,Steadfast Jwl SP+,0x00931DD3,A skill-rich Decoration that\ncan only be attached to SP\nArmor.
6204,6,7,99,43,3,0,100000,100,7,2127,0,0,0x008D59BA,Steadfast Jwl EX,0x00931E12,A skill-rich Decoration that\ncan only be attached to SP\nArmor.
6205,6,7,99,43,5,0,100000,100,7,2128,0,0,0x008D59CB,Antivirus Jwl SP+,0x00931E51,A skill-rich Decoration that\ncan only be attached to SP\nArmor.
6206,6,7,99,43,5,0,100000,100,7,2129,0,0,0x008D59DD,Antivirus Jwl EX,0x00931E90,A skill-rich Decoration that\ncan only be attached to SP\nArmor.
6207,6,7,99,43,4,0,100000,100,7,2130,0,0,0x008D59EE,Antipara Jwl SP+,0x00931ECF,A skill-rich Decoration that\ncan only be attached to SP\nArmor.
6208,6,7,99,43,4,0,100000,100,7,2131,0,0,0x008D59FF,Antipara Jwl EX,0x00931F0E,A skill-rich Decoration that\ncan only be attached to SP\nArmor.
6209,6,7,99,43,0,0,100000,100,7,2132,0,0,0x008D5A0F,Snowball Jwl SP+,0x00931F4D,A skill-rich Decoration that\ncan only be attached to SP\nArmor.
6210,6,7,99,43,0,0,100000,100,7,2133,0,0,0x008D5A20,Snowball Jwl EX,0x00931F8C,A skill-rich Decoration that\ncan only be attached to SP\nArmor.
6211,6,7,99,43,2,0,100000,100,7,2134,0,0,0x008D5A30,Resistance Jwl SP+,0x00931FCB,A skill-rich Decoration that\ncan only be attached to SP\nArmor.
6212,6,7,99,43,2,0,100000,100,7,2135,0,0,0x008D5A43,Resistance Jwl EX,0x0093200A,A skill-rich Decoration that\ncan only be attached to SP\nArmor.
6213,3,4,99,0,0,0,0,0,0,0,0,0,0x000DBE6C,ダミー６２１３,0x0000276D,ダミー
6214,3,4,99,0,0,0,0,0,0,0,0,0,0x000DBE7B,ダミー６２１４,0x0000276D,ダミー
6215,6,7,99,43,6,0,100000,100,7,2136,0,0,0x008D5A55,Heat Res Jwl SP+,0x00932049,A skill-rich Decoration that\ncan only be attached to SP\nArmor.
6216,6,7,99,43,6,0,100000,100,7,2137,0,0,0x008D5A66,Heat Res Jwl EX,0x00932088,A skill-rich Decoration that\ncan only be attached to SP\nArmor.
6217,6,7,99,43,7,0,100000,100,7,2138,0,0,0x008D5A76,Cold Res Jwl SP+,0x009320C7,A skill-rich Decoration that\ncan only be attached to SP\nArmor.
6218,6,7,99,43,7,0,100000,100,7,2139,0,0,0x008D5A87,Cold Res Jwl EX,0x00932106,A skill-rich Decoration that\ncan only be attached to SP\nArmor.
6219,6,7,99,43,10,0,100000,100,7,2140,0,0,0x008D5A97,Potential Jwl SP+,0x00932145,A skill-rich Decoration that\ncan only be attached to SP\nArmor.
6220,6,7,99,43,10,0,100000,100,7,2141,0,0,0x008D5AA9,Potential Jwl EX,0x00932184,A skill-rich Decoration that\ncan only be attached to SP\nArmor.
6221,6,7,99,43,1,0,100000,100,7,2142,0,0,0x008D5ABA,Vitality Jwl SP+,0x009321C3,A skill-rich Decoration that\ncan only be attached to SP\nArmor.
6222,6,7,99,43,1,0,100000,100,7,2143,0,0,0x008D5ACB,Vitality Jwl EX,0x00932202,A skill-rich Decoration that\ncan only be attached to SP\nArmor.
6223,6,7,99,43,5,0,100000,100,7,2144,0,0,0x008D5ADB,Stealth Jwl SP+,0x00932241,A skill-rich Decoration that\ncan only be attached to SP\nArmor.
6224,6,7,99,43,5,0,100000,100,7,2145,0,0,0x008D5AEB,Stealth Jwl EX,0x00932280,A skill-rich Decoration that\ncan only be attached to SP\nArmor.
6225,6,7,99,43,5,0,100000,100,7,2146,0,0,0x008D5AFA,Alchemst Jwl SP+,0x009322BF,A skill-rich Decoration that\ncan only be attached to SP\nArmor.
6226,6,7,99,43,5,0,100000,100,7,2147,0,0,0x008D5B0B,Alchemist Jwl EX,0x009322FE,A skill-rich Decoration that\ncan only be attached to SP\nArmor.
6227,6,7,99,43,3,0,100000,100,7,2148,0,0,0x008D5B1C,Enduring Jwl SP+,0x0093233D,A skill-rich Decoration that\ncan only be attached to SP\nArmor.
6228,6,7,99,43,3,0,100000,100,7,2149,0,0,0x008D5B2D,Enduring Jwl EX,0x0093237C,A skill-rich Decoration that\ncan only be attached to SP\nArmor.
6229,6,7,99,43,4,0,100000,100,7,2150,0,0,0x008D5B3D,Hngrless Jwl SP+,0x009323BB,A skill-rich Decoration that\ncan only be attached to SP\nArmor.
6230,6,7,99,43,4,0,100000,100,7,2151,0,0,0x008D5B4E,Hngerless Jwl EX,0x009323FA,A skill-rich Decoration that\ncan only be attached to SP\nArmor.
6231,6,7,99,43,1,0,100000,100,7,2152,0,0,0x008D5B5F,Gobbler Jwl SP+,0x00932439,A skill-rich Decoration that\ncan only be attached to SP\nArmor.
6232,6,7,99,43,1,0,100000,100,7,2153,0,0,0x008D5B6F,Gobbler Jwl EX,0x00932478,A skill-rich Decoration that\ncan only be attached to SP\nArmor.
6233,6,7,99,43,3,0,100000,100,7,2154,0,0,0x008D5B7E,Protectn Jwl SP+,0x009324B7,A skill-rich Decoration that\ncan only be attached to SP\nArmor.
6234,6,7,99,43,3,0,100000,100,7,2155,0,0,0x008D5B8F,Protectn Jwl EX,0x009324F6,A skill-rich Decoration that\ncan only be attached to SP\nArmor.
6235,6,7,99,43,2,0,100000,100,7,2156,0,0,0x008D5B9F,Recovery Jwl SP+,0x00932535,A skill-rich Decoration that\ncan only be attached to SP\nArmor.
6236,6,7,99,43,2,0,100000,100,7,2157,0,0,0x008D5BB0,Recovery Jwl EX,0x00932574,A skill-rich Decoration that\ncan only be attached to SP\nArmor.
6237,6,7,99,43,8,0,100000,100,7,2158,0,0,0x008D5BC0,TransportrJwlSP+,0x009325B3,A skill-rich Decoration that\ncan only be attached to SP\nArmor.
6238,6,7,99,43,8,0,100000,100,7,2159,0,0,0x008D5BD1,Transprtr Jwl EX,0x009325F2,A skill-rich Decoration that\ncan only be attached to SP\nArmor.
6239,6,7,99,43,6,0,100000,100,7,2160,0,0,0x008D5BE2,Fishing Jwl SP+,0x00932631,A skill-rich Decoration that\ncan only be attached to SP\nArmor.
6240,6,7,99,43,6,0,100000,100,7,2161,0,0,0x008D5BF2,Fishing Jwl EX,0x00932670,A skill-rich Decoration that\ncan only be attached to SP\nArmor.
6241,6,7,99,43,5,0,100000,100,7,2162,0,0,0x008D5C01,Professor Jwl SP+,0x009326AF,A skill-rich Decoration that\ncan only be attached to SP\nArmor.
6242,6,7,99,43,5,0,100000,100,7,2163,0,0,0x008D5C13,Professor Jwl EX,0x009326EE,A skill-rich Decoration that\ncan only be attached to SP\nArmor.
6243,6,7,99,43,1,0,100000,100,7,2164,0,0,0x008D5C24,Gourmet Jwl SP+,0x0093272D,A skill-rich Decoration that\ncan only be attached to SP\nArmor.
6244,6,7,99,43,1,0,100000,100,7,2165,0,0,0x008D5C34,Gourmet Jwl EX,0x0093276C,A skill-rich Decoration that\ncan only be attached to SP\nArmor.
6245,6,7,99,43,10,0,100000,100,7,2166,0,0,0x008D5C43,Mindful Jewel 2+,0x009327AB,A Decoration for experts\nenchanted by rich skill\ncombinations.
6246,6,7,99,43,3,0,100000,100,7,2167,0,0,0x008D5C54,Sheath Jewel+,0x009327EA,A Decoration for experts\nenchanted by rich skill\ncombinations.
6247,6,7,99,43,7,0,100000,100,7,2168,0,0,0x008D5C62,Throwing Jwl 2+,0x00932829,A Decoration for experts\nenchanted by rich skill\ncombinations.
6248,6,7,99,43,4,0,100000,100,7,2169,0,0,0x008D5C72,Ironwall Jwl 2+,0x00932868,A Decoration for experts\nenchanted by rich skill\ncombinations.
6249,6,7,99,43,10,0,100000,100,7,2170,0,0,0x008D5C82,Focus Jewel 2+,0x009328A7,A Decoration for experts\nenchanted by rich skill\ncombinations.
6250,6,7,99,43,2,0,100000,100,7,2171,0,0,0x008D5C91,Psychic Jewel 2+,0x009328E6,A Decoration for experts\nenchanted by rich skill\ncombinations.
6251,6,7,99,43,2,0,100000,100,7,2172,0,0,0x008D5CA2,Fasting Jewel 2+,0x00932925,A Decoration for experts\nenchanted by rich skill\ncombinations.
6252,6,7,99,43,7,0,100000,100,7,2173,0,0,0x008D5CB3,Artillery Jwl 2+,0x00932964,A Decoration for experts\nenchanted by rich skill\ncombinations.
6253,6,7,99,43,4,0,100000,100,7,2174,0,0,0x008D5CC4,Evasion Jewel 2+,0x009329A3,A Decoration for experts\nenchanted by rich skill\ncombinations.
6254,6,7,99,43,5,0,100000,100,7,2175,0,0,0x008D5CD5,Tectonic Jwl 2+,0x009329E2,A Decoration for experts\nenchanted by rich skill\ncombinations.
6255,4,5,99,43,4,0,0,0,0,2176,2,0,0x008D5CE5,Fencing 2 PA3,0x00932A21,A Haven Poogie Decoration.\nIncompatible with certain\noutfits.
6256,4,5,99,43,4,0,0,0,0,2177,2,0,0x008D5CF3,Fencing 2 PA4,0x00932A5F,A Haven Poogie Decoration.\nIncompatible with certain\noutfits.
6257,4,5,99,43,4,0,0,0,0,2178,2,0,0x008D5D01,StatusRes 2 PA3,0x00932A9D,A Haven Poogie Decoration.\nIncompatible with certain\noutfits.
6258,4,5,99,43,4,0,0,0,0,2179,2,0,0x008D5D11,StatusRes 2 PA4,0x00932ADB,A Haven Poogie Decoration.\nIncompatible with certain\noutfits.
6259,4,5,99,43,4,0,0,0,0,2180,2,0,0x008D5D21,Handicraft 2 PA3,0x00932B19,A Haven Poogie Decoration.\nIncompatible with certain\noutfits.
6260,4,5,99,43,4,0,0,0,0,2181,2,0,0x008D5D32,Handicraft 2 PA4,0x00932B57,A Haven Poogie Decoration.\nIncompatible with certain\noutfits.
6261,4,5,99,43,4,0,0,0,0,2182,2,0,0x008D5D43,Handling 2 PA3,0x00932B95,A Haven Poogie Decoration.\nIncompatible with certain\noutfits.
6262,4,5,99,43,4,0,0,0,0,2183,2,0,0x008D5D52,Handling 2 PA4,0x00932BD3,A Haven Poogie Decoration.\nIncompatible with certain\noutfits.
6263,4,5,99,43,4,0,0,0,0,2184,2,0,0x008D5D61,Elemental 2 PA3,0x00932C11,A Haven Poogie Decoration.\nIncompatible with certain\noutfits.
6264,4,5,99,43,4,0,0,0,0,2185,2,0,0x008D5D71,Elemental 2 PA4,0x00932C4F,A Haven Poogie Decoration.\nIncompatible with certain\noutfits.
6265,4,5,99,43,4,0,0,0,0,2186,2,0,0x008D5D81,Attack 2 PA3,0x00932C8D,A Haven Poogie Decoration.\nIncompatible with certain\noutfits.
6266,4,5,99,43,4,0,0,0,0,2187,2,0,0x008D5D8E,Attack 2 PA4,0x00932CCB,A Haven Poogie Decoration.\nIncompatible with certain\noutfits.
6267,4,5,99,43,4,0,0,0,0,2188,2,0,0x008D5D9B,ReloadSpd 2 PB4,0x00932D09,A Haven Poogie Decoration.\nIncompatible with certain\noutfits.
6268,4,5,99,43,4,0,0,0,0,2189,2,0,0x008D5DAB,ReloadSpd 2 PB5,0x00932D47,A Haven Poogie Decoration.\nIncompatible with certain\noutfits.
6269,4,5,99,43,4,0,0,0,0,2190,2,0,0x008D5DBB,ReloadSpd 2 PB6,0x00932D85,A Haven Poogie Decoration.\nIncompatible with certain\noutfits.
6270,4,5,99,43,4,0,0,0,0,2191,2,0,0x008D5DCB,Para SC+ 2 PB4,0x00932DC3,A Haven Poogie Decoration.\nIncompatible with certain\noutfits.
6271,4,5,99,43,4,0,0,0,0,2192,2,0,0x008D5DDA,Para SC+ 2 PB5,0x00932E01,A Haven Poogie Decoration.\nIncompatible with certain\noutfits.
6272,4,5,99,43,4,0,0,0,0,2193,2,0,0x008D5DE9,Para SC+ 2 PB6,0x00932E3F,A Haven Poogie Decoration.\nIncompatible with certain\noutfits.
6273,4,5,99,43,4,0,0,0,0,2194,2,0,0x008D5DF8,FastCharge 2 PB6,0x00932E7D,A Haven Poogie Decoration.\nIncompatible with certain\noutfits.
6274,4,5,99,43,4,0,0,0,0,2195,2,0,0x008D5E09,FastCharge 2 PB7,0x00932EBB,A Haven Poogie Decoration.\nIncompatible with certain\noutfits.
6275,4,5,99,43,4,0,0,0,0,2196,2,0,0x008D5E1A,FastCharge 2 PB8,0x00932EF9,A Haven Poogie Decoration.\nIncompatible with certain\noutfits.
6276,4,5,99,43,4,0,0,0,0,2197,2,0,0x008D5E2B,Knives 2 PB4,0x00932F37,A Haven Poogie Decoration.\nIncompatible with certain\noutfits.
6277,4,5,99,43,4,0,0,0,0,2198,2,0,0x008D5E38,Knives 2 PB5,0x00932F75,A Haven Poogie Decoration.\nIncompatible with certain\noutfits.
6278,4,5,99,43,4,0,0,0,0,2199,2,0,0x008D5E45,Knives 2 PB6,0x00932FB3,A Haven Poogie Decoration.\nIncompatible with certain\noutfits.
6279,4,5,99,43,4,0,0,0,0,2200,2,0,0x008D5E52,Pierce S+ 2 PB4,0x00932FF1,A Haven Poogie Decoration.\nIncompatible with certain\noutfits.
6280,4,5,99,43,4,0,0,0,0,2201,2,0,0x008D5E62,Pierce S+ 2 PB5,0x0093302F,A Haven Poogie Decoration.\nIncompatible with certain\noutfits.
6281,4,5,99,43,4,0,0,0,0,2202,2,0,0x008D5E72,Pierce S+ 2 PB6,0x0093306D,A Haven Poogie Decoration.\nIncompatible with certain\noutfits.
6282,4,5,99,43,4,0,0,0,0,2203,2,0,0x008D5E82,SpdGather 2 PB4,0x009330AB,A Haven Poogie Decoration.\nIncompatible with certain\noutfits.
6283,4,5,99,43,4,0,0,0,0,2204,2,0,0x008D5E92,SpdGather 2 PB5,0x009330E9,A Haven Poogie Decoration.\nIncompatible with certain\noutfits.
6284,4,5,99,43,4,0,0,0,0,2205,2,0,0x008D5EA2,SpdGather 2 PB6,0x00933127,A Haven Poogie Decoration.\nIncompatible with certain\noutfits.
6285,4,5,99,43,4,0,0,0,0,2206,2,0,0x008D5EB2,Whim 2 PB4,0x00933165,A Haven Poogie Decoration.\nIncompatible with certain\noutfits.
6286,4,5,99,43,4,0,0,0,0,2207,2,0,0x008D5EBD,Whim 2 PB5,0x009331A3,A Haven Poogie Decoration.\nIncompatible with certain\noutfits.
6287,4,5,99,43,4,0,0,0,0,2208,2,0,0x008D5EC8,Whim 2 PB6,0x009331E1,A Haven Poogie Decoration.\nIncompatible with certain\noutfits.
6288,4,5,99,43,4,0,0,0,0,2209,2,0,0x008D5ED3,Handicraft 2 PB4,0x0093321F,A Haven Poogie Decoration.\nIncompatible with certain\noutfits.
6289,4,5,99,43,4,0,0,0,0,2210,2,0,0x008D5EE4,Handicraft 2 PB5,0x0093325D,A Haven Poogie Decoration.\nIncompatible with certain\noutfits.
6290,4,5,99,43,4,0,0,0,0,2211,2,0,0x008D5EF5,Handicraft 2 PB6,0x0093329B,A Haven Poogie Decoration.\nIncompatible with certain\noutfits.
6291,3,4,99,43,4,0,0,0,0,2212,2,0,0x008D5F06,Fencing 2 PC6,0x009332D9,A Haven Poogie Decoration.\nIncompatible with certain\noutfits.
6292,3,4,99,43,4,0,0,0,0,2213,2,0,0x008D5F14,Fencing 2 PC7,0x00933317,A Haven Poogie Decoration.\nIncompatible with certain\noutfits.
6293,3,4,99,43,4,0,0,0,0,2214,2,0,0x008D5F22,Fencing 2 PC8,0x00933355,A Haven Poogie Decoration.\nIncompatible with certain\noutfits.
6294,3,4,99,43,4,0,0,0,0,2215,2,0,0x008D5F30,Fencing 2 PC9,0x00933393,A Haven Poogie Decoration.\nIncompatible with certain\noutfits.
6295,3,4,99,43,4,0,0,0,0,2216,2,0,0x008D5F3E,Fencing 2 PC10,0x009333D1,A Haven Poogie Decoration.\nIncompatible with certain\noutfits.
6296,3,4,99,43,4,0,0,0,0,2217,2,0,0x008D5F4D,StatusRes 2 PC6,0x0093340F,A Haven Poogie Decoration.\nIncompatible with certain\noutfits.
6297,3,4,99,43,4,0,0,0,0,2218,2,0,0x008D5F5D,StatusRes 2 PC7,0x0093344D,A Haven Poogie Decoration.\nIncompatible with certain\noutfits.
6298,3,4,99,43,4,0,0,0,0,2219,2,0,0x008D5F6D,StatusRes 2 PC8,0x0093348B,A Haven Poogie Decoration.\nIncompatible with certain\noutfits.
6299,3,4,99,43,4,0,0,0,0,2220,2,0,0x008D5F7D,StatusRes 2 PC9,0x009334C9,A Haven Poogie Decoration.\nIncompatible with certain\noutfits.
6300,3,4,99,43,4,0,0,0,0,2221,2,0,0x008D5F8D,StatusRes 2 PC10,0x00933507,A Haven Poogie Decoration.\nIncompatible with certain\noutfits.
6301,3,4,99,43,4,0,0,0,0,2222,2,0,0x008D5F9E,Handling 2 PC6,0x00933545,A Haven Poogie Decoration.\nIncompatible with certain\noutfits.
6302,3,4,99,43,4,0,0,0,0,2223,2,0,0x008D5FAD,Handling 2 PC7,0x00933583,A Haven Poogie Decoration.\nIncompatible with certain\noutfits.
6303,3,4,99,43,4,0,0,0,0,2224,2,0,0x008D5FBC,Handling 2 PC8,0x009335C1,A Haven Poogie Decoration.\nIncompatible with certain\noutfits.
6304,3,4,99,43,4,0,0,0,0,2225,2,0,0x008D5FCB,Handling 2 PC9,0x009335FF,A Haven Poogie Decoration.\nIncompatible with certain\noutfits.
6305,3,4,99,43,4,0,0,0,0,2226,2,0,0x008D5FDA,Handling 2 PC10,0x0093363D,A Haven Poogie Decoration.\nIncompatible with certain\noutfits.
6306,3,4,99,43,4,0,0,0,0,2227,2,0,0x008D5FEA,Elemental 2 PC6,0x0093367B,A Haven Poogie Decoration.\nIncompatible with certain\noutfits.
6307,3,4,99,43,4,0,0,0,0,2228,2,0,0x008D5FFA,Elemental 2 PC7,0x009336B9,A Haven Poogie Decoration.\nIncompatible with certain\noutfits.
6308,3,4,99,43,4,0,0,0,0,2229,2,0,0x008D600A,Elemental 2 PC8,0x009336F7,A Haven Poogie Decoration.\nIncompatible with certain\noutfits.
6309,3,4,99,43,4,0,0,0,0,2230,2,0,0x008D601A,Elemental 2 PC9,0x00933735,A Haven Poogie Decoration.\nIncompatible with certain\noutfits.
6310,3,4,99,43,4,0,0,0,0,2231,2,0,0x008D602A,Elemental 2 PC10,0x00933773,A Haven Poogie Decoration.\nIncompatible with certain\noutfits.
6311,3,4,99,43,4,0,0,0,0,2232,2,0,0x008D603B,Stam Rec 2 PC6,0x009337B1,A Haven Poogie Decoration.\nIncompatible with certain\noutfits.
6312,3,4,99,43,4,0,0,0,0,2233,2,0,0x008D604A,Stam Rec 2 PC7,0x009337EF,A Haven Poogie Decoration.\nIncompatible with certain\noutfits.
6313,3,4,99,43,4,0,0,0,0,2234,2,0,0x008D6059,Stam Rec 2 PC8,0x0093382D,A Haven Poogie Decoration.\nIncompatible with certain\noutfits.
6314,3,4,99,43,4,0,0,0,0,2235,2,0,0x008D6068,Stam Rec 2 PC9,0x0093386B,A Haven Poogie Decoration.\nIncompatible with certain\noutfits.
6315,3,4,99,43,4,0,0,0,0,2236,2,0,0x008D6077,Stam Rec 2 PC10,0x009338A9,A Haven Poogie Decoration.\nIncompatible with certain\noutfits.
6316,3,4,99,43,4,0,0,0,0,2237,2,0,0x008D6087,Guts 2 PC13,0x009338E7,A Haven Poogie Decoration.\nIncompatible with certain\noutfits.
6317,3,4,99,43,4,0,0,0,0,2238,2,0,0x008D6093,Guts 2 PC14,0x00933925,A Haven Poogie Decoration.\nIncompatible with certain\noutfits.
6318,3,4,99,43,4,0,0,0,0,2239,2,0,0x008D609F,Guts 2 PC15,0x00933963,A Haven Poogie Decoration.\nIncompatible with certain\noutfits.
6319,3,4,99,43,4,0,0,0,0,2240,2,0,0x008D60AB,Guts 2 PC16,0x009339A1,A Haven Poogie Decoration.\nIncompatible with certain\noutfits.
6320,3,4,99,43,4,0,0,0,0,2241,2,0,0x008D60B7,Guts 2 PC17,0x009339DF,A Haven Poogie Decoration.\nIncompatible with certain\noutfits.
6321,3,4,99,43,4,0,0,0,0,2242,2,0,0x008D60C3,Knives 2 PC6,0x00933A1D,A Haven Poogie Decoration.\nIncompatible with certain\noutfits.
6322,3,4,99,43,4,0,0,0,0,2243,2,0,0x008D60D0,Knives 2 PC7,0x00933A5B,A Haven Poogie Decoration.\nIncompatible with certain\noutfits.
6323,3,4,99,43,4,0,0,0,0,2244,2,0,0x008D60DD,Knives 2 PC8,0x00933A99,A Haven Poogie Decoration.\nIncompatible with certain\noutfits.
6324,3,4,99,43,4,0,0,0,0,2245,2,0,0x008D60EA,Knives 2 PC9,0x00933AD7,A Haven Poogie Decoration.\nIncompatible with certain\noutfits.
6325,3,4,99,43,4,0,0,0,0,2246,2,0,0x008D60F7,Knives 2 PC10,0x00933B15,A Haven Poogie Decoration.\nIncompatible with certain\noutfits.
6326,3,4,99,43,4,0,0,0,0,2247,2,0,0x008D6105,Mndfulness 2 PC6,0x00933B53,A Haven Poogie Decoration.\nIncompatible with certain\noutfits.
6327,3,4,99,43,4,0,0,0,0,2248,2,0,0x008D6116,Mndfulness 2 PC7,0x00933B91,A Haven Poogie Decoration.\nIncompatible with certain\noutfits.
6328,3,4,99,43,4,0,0,0,0,2249,2,0,0x008D6127,Mndfulness 2 PC8,0x00933BCF,A Haven Poogie Decoration.\nIncompatible with certain\noutfits.
6329,3,4,99,43,4,0,0,0,0,2250,2,0,0x008D6138,Mndfulness 2 PC9,0x00933C0D,A Haven Poogie Decoration.\nIncompatible with certain\noutfits.
6330,3,4,99,43,4,0,0,0,0,2251,2,0,0x008D6149,Mndfulness 2 PC10,0x00933C4B,A Haven Poogie Decoration.\nIncompatible with certain\noutfits.
6331,3,4,99,43,4,0,0,0,0,2252,2,0,0x008D615B,Def Lock 2 PC6,0x00933C89,A Haven Poogie Decoration.\nIncompatible with certain\noutfits.
6332,3,4,99,43,4,0,0,0,0,2253,2,0,0x008D616A,Def Lock 2 PC7,0x00933CC7,A Haven Poogie Decoration.\nIncompatible with certain\noutfits.
6333,3,4,99,43,4,0,0,0,0,2254,2,0,0x008D6179,Def Lock 2 PC8,0x00933D05,A Haven Poogie Decoration.\nIncompatible with certain\noutfits.
6334,3,4,99,43,4,0,0,0,0,2255,2,0,0x008D6188,Def Lock 2 PC9,0x00933D43,A Haven Poogie Decoration.\nIncompatible with certain\noutfits.
6335,3,4,99,43,4,0,0,0,0,2256,2,0,0x008D6197,Def Lock 2 PC10,0x00933D81,A Haven Poogie Decoration.\nIncompatible with certain\noutfits.
6336,3,4,99,43,4,0,0,0,0,2257,2,0,0x008D61A7,Pierce S+ 2 PC6,0x00933DBF,A Haven Poogie Decoration.\nIncompatible with certain\noutfits.
6337,3,4,99,43,4,0,0,0,0,2258,2,0,0x008D61B7,Pierce S+ 2 PC7,0x00933DFD,A Haven Poogie Decoration.\nIncompatible with certain\noutfits.
6338,3,4,99,43,4,0,0,0,0,2259,2,0,0x008D61C7,Pierce S+ 2 PC8,0x00933E3B,A Haven Poogie Decoration.\nIncompatible with certain\noutfits.
6339,3,4,99,43,4,0,0,0,0,2260,2,0,0x008D61D7,Pierce S+ 2 PC9,0x00933E79,A Haven Poogie Decoration.\nIncompatible with certain\noutfits.
6340,3,4,99,43,4,0,0,0,0,2261,2,0,0x008D61E7,Pierce S+ 2 PC10,0x00933EB7,A Haven Poogie Decoration.\nIncompatible with certain\noutfits.
6341,3,4,99,43,4,0,0,0,0,2262,2,0,0x008D61F8,Gathering 2 PC6,0x00933EF5,A Haven Poogie Decoration.\nIncompatible with certain\noutfits.
6342,3,4,99,43,4,0,0,0,0,2263,2,0,0x008D6208,Gathering 2 PC7,0x00933F33,A Haven Poogie Decoration.\nIncompatible with certain\noutfits.
6343,3,4,99,43,4,0,0,0,0,2264,2,0,0x008D6218,Gathering 2 PC8,0x00933F71,A Haven Poogie Decoration.\nIncompatible with certain\noutfits.
6344,3,4,99,43,4,0,0,0,0,2265,2,0,0x008D6228,Gathering 2 PC9,0x00933FAF,A Haven Poogie Decoration.\nIncompatible with certain\noutfits.
6345,3,4,99,43,4,0,0,0,0,2266,2,0,0x008D6238,Gathering 2 PC10,0x00933FED,A Haven Poogie Decoration.\nIncompatible with certain\noutfits.
6346,3,4,99,43,4,0,0,0,0,2267,2,0,0x008D6249,Expert 2 PC1,0x0093402B,A Haven Poogie Decoration.\nIncompatible with certain\noutfits.
6347,3,4,99,43,4,0,0,0,0,2268,2,0,0x008D6256,Expert 2 PC2,0x00934069,A Haven Poogie Decoration.\nIncompatible with certain\noutfits.
6348,3,4,99,43,4,0,0,0,0,2269,2,0,0x008D6263,Expert 2 PC3,0x009340A7,A Haven Poogie Decoration.\nIncompatible with certain\noutfits.
6349,3,4,99,43,4,0,0,0,0,2270,2,0,0x008D6270,Expert 2 PC4,0x009340E5,A Haven Poogie Decoration.\nIncompatible with certain\noutfits.
6350,3,4,99,43,4,0,0,0,0,2271,2,0,0x008D627D,Expert 2 PC5,0x00934123,A Haven Poogie Decoration.\nIncompatible with certain\noutfits.
6351,4,5,99,43,8,0,100000,5000,0,2272,1,0,0x008D628A,Sharpness 2 SA4,0x00934161,A Haven Poogie Decoration.\nCompatible with all outfits.
6352,4,5,99,43,8,0,100000,5000,0,2273,1,0,0x008D629A,Handicraft 2 SA2,0x00934199,A Haven Poogie Decoration.\nCompatible with all outfits.
6353,4,5,99,43,8,0,100000,5000,0,2274,1,0,0x008D62AB,Rapid Fire 2 SA2,0x009341D1,A Haven Poogie Decoration.\nCompatible with all outfits.
6354,4,5,99,43,8,0,100000,5000,0,2275,1,0,0x008D62BC,Evasion 2 SA2,0x00934209,A Haven Poogie Decoration.\nCompatible with all outfits.
6355,4,5,99,43,8,0,100000,5000,0,2276,1,0,0x008D62CA,Pierce Up 2 SA2,0x00934241,A Haven Poogie Decoration.\nCompatible with all outfits.
6356,4,5,99,43,8,0,10000,500,0,2277,1,0,0x008D62DA,Pierce S+ 2 SB6,0x00934279,A Haven Poogie Decoration.\nCompatible with all outfits.
6357,4,5,99,43,8,0,10000,500,0,2278,1,0,0x008D62EA,Pierce S+ 2 SB7,0x009342B1,A Haven Poogie Decoration.\nCompatible with all outfits.
6358,4,5,99,43,8,0,10000,500,0,2279,1,0,0x008D62FA,Pierce S+ 2 SB8,0x009342E9,A Haven Poogie Decoration.\nCompatible with all outfits.
6359,4,5,99,43,8,0,10000,500,0,2280,1,0,0x008D630A,Pierce S+ 2 SB9,0x00934321,A Haven Poogie Decoration.\nCompatible with all outfits.
6360,4,5,99,43,8,0,10000,500,0,2281,1,0,0x008D631A,Pierce S+ 2 SB10,0x00934359,A Haven Poogie Decoration.\nCompatible with all outfits.
6361,4,5,99,43,8,0,10000,500,0,2282,1,0,0x008D632B,WideRange 2 SB8,0x00934391,A Haven Poogie Decoration.\nCompatible with all outfits.
6362,4,5,99,43,8,0,10000,500,0,2283,1,0,0x008D633B,WideRange 2 SB9,0x009343C9,A Haven Poogie Decoration.\nCompatible with all outfits.
6363,4,5,99,43,8,0,10000,500,0,2284,1,0,0x008D634B,WideRange 2 SB10,0x00934401,A Haven Poogie Decoration.\nCompatible with all outfits.
6364,4,5,99,43,8,0,10000,500,0,2285,1,0,0x008D635C,WideRange 2 SB11,0x00934439,A Haven Poogie Decoration.\nCompatible with all outfits.
6365,4,5,99,43,8,0,10000,500,0,2286,1,0,0x008D636D,WideRange 2 SB12,0x00934471,A Haven Poogie Decoration.\nCompatible with all outfits.
6366,3,4,99,43,8,0,1000,50,0,2287,1,0,0x008D637E,Transporter 2 SC8,0x009344A9,A Haven Poogie Decoration.\nCompatible with all outfits.
6367,3,4,99,43,8,0,1000,50,0,2288,1,0,0x008D6390,Transporter 2 SC9,0x009344E1,A Haven Poogie Decoration.\nCompatible with all outfits.
6368,3,4,99,43,8,0,1000,50,0,2289,1,0,0x008D63A2,Transporter 2 SC10,0x00934519,A Haven Poogie Decoration.\nCompatible with all outfits.
6369,3,4,99,43,8,0,1000,50,0,2290,1,0,0x008D63B5,Transporter 2 SC11,0x00934551,A Haven Poogie Decoration.\nCompatible with all outfits.
6370,3,4,99,43,8,0,1000,50,0,2291,1,0,0x008D63C8,Transporter 2 SC12,0x00934589,A Haven Poogie Decoration.\nCompatible with all outfits.
6371,3,4,99,43,8,0,1000,50,0,2292,1,0,0x008D63DB,Dragon Res 2 SC8,0x009345C1,A Haven Poogie Decoration.\nCompatible with all outfits.
6372,3,4,99,43,8,0,1000,50,0,2293,1,0,0x008D63EC,Dragon Res 2 SC9,0x009345F9,A Haven Poogie Decoration.\nCompatible with all outfits.
6373,3,4,99,43,8,0,1000,50,0,2294,1,0,0x008D63FD,Dragon Res 2 SC10,0x00934631,A Haven Poogie Decoration.\nCompatible with all outfits.
6374,3,4,99,43,8,0,1000,50,0,2295,1,0,0x008D640F,Dragon Res 2 SC11,0x00934669,A Haven Poogie Decoration.\nCompatible with all outfits.
6375,3,4,99,43,8,0,1000,50,0,2296,1,0,0x008D6421,Dragon Res 2 SC12,0x009346A1,A Haven Poogie Decoration.\nCompatible with all outfits.
6376,3,4,99,43,8,0,1000,50,0,2297,1,0,0x008D6433,Gathering 2 SC8,0x009346D9,A Haven Poogie Decoration.\nCompatible with all outfits.
6377,3,4,99,43,8,0,1000,50,0,2298,1,0,0x008D6443,Gathering 2 SC9,0x00934711,A Haven Poogie Decoration.\nCompatible with all outfits.
6378,3,4,99,43,8,0,1000,50,0,2299,1,0,0x008D6453,Gathering 2 SC10,0x00934749,A Haven Poogie Decoration.\nCompatible with all outfits.
6379,3,4,99,43,8,0,1000,50,0,2300,1,0,0x008D6464,Gathering 2 SC11,0x00934781,A Haven Poogie Decoration.\nCompatible with all outfits.
6380,3,4,99,43,8,0,1000,50,0,2301,1,0,0x008D6475,Gathering 2 SC12,0x009347B9,A Haven Poogie Decoration.\nCompatible with all outfits.
6381,3,4,99,43,8,0,1000,50,0,2302,1,0,0x008D6486,Knives 2 SC1,0x009347F1,A Haven Poogie Decoration.\nCompatible with all outfits.
6382,3,4,99,43,8,0,1000,50,0,2303,1,0,0x008D6493,Knives 2 SC2,0x00934829,A Haven Poogie Decoration.\nCompatible with all outfits.
6383,3,4,99,43,8,0,1000,50,0,2304,1,0,0x008D64A0,Knives 2 SC3,0x00934861,A Haven Poogie Decoration.\nCompatible with all outfits.
6384,3,4,99,43,8,0,1000,50,0,2305,1,0,0x008D64AD,Knives 2 SC4,0x00934899,A Haven Poogie Decoration.\nCompatible with all outfits.
6385,3,4,99,43,8,0,1000,50,0,2306,1,0,0x008D64BA,Knives 2 SC5,0x009348D1,A Haven Poogie Decoration.\nCompatible with all outfits.
6386,3,4,99,43,8,0,1000,50,0,2307,1,0,0x008D64C7,Def Lock 2 SC1,0x00934909,A Haven Poogie Decoration.\nCompatible with all outfits.
6387,3,4,99,43,8,0,1000,50,0,2308,1,0,0x008D64D6,Def Lock 2 SC2,0x00934941,A Haven Poogie Decoration.\nCompatible with all outfits.
6388,3,4,99,43,8,0,1000,50,0,2309,1,0,0x008D64E5,Def Lock 2 SC3,0x00934979,A Haven Poogie Decoration.\nCompatible with all outfits.
6389,3,4,99,43,8,0,1000,50,0,2310,1,0,0x008D64F4,Def Lock 2 SC4,0x009349B1,A Haven Poogie Decoration.\nCompatible with all outfits.
6390,3,4,99,43,8,0,1000,50,0,2311,1,0,0x008D6503,Def Lock 2 SC5,0x009349E9,A Haven Poogie Decoration.\nCompatible with all outfits.
6391,4,5,99,24,5,0,400000,40000,0,0,0,0,0x008D6512,Carapaceon Fluid,0x00934A21,An altering fluid activated\nby a stimulated carapaceon.\nExceedingly rare to obtain.
6392,4,5,99,15,5,0,0,0,0,0,0,0,0x008D6523,F.Smithy's Fav,0x00934A75,Bring this to the Felyne\nSmithy. Maybe he could make\nsomething out of it?
6393,4,5,99,43,1,3,0,0,7,2312,0,0,0x008D6532,Training Jwl 7,0x00934ABF,A special Decoration made\nfor training purposes. It\ncannot be crafted.
6394,4,5,99,37,3,0,0,0,0,0,0,0,0x008D6541,F.Cardinal Ticket,0x00934B06,Instructions on forging the\nFort Cardinal. Bring them to\nthe Smithy!
6395,4,5,99,37,8,0,0,0,0,0,0,0,0x008D6553,F.Sorceress Ticket,0x00934B4B,Instructions on forging the\nFort Sorceress. Bring them\nto the Smithy!
6396,4,5,99,37,4,0,0,0,0,0,0,0,0x008D6566,L.Launcher Ticket,0x00934B91,Instructions on forging the\nLast Launcher. Bring them\nto the Smithy!
6397,4,5,99,37,5,0,0,0,0,0,0,0,0x008D6578,Dragon Mortar Tkt,0x00934BD6,Instructions on forging the\nDragon Mortar. Bring them to\nthe Smithy!
6398,4,5,99,37,4,0,0,0,0,0,0,0,0x008D658A,Burst Stock Tkt,0x00934C1B,Instructions on forging the\nBurststock. Bring them to\nthe Smithy!
6399,4,5,99,37,2,0,0,0,0,0,0,0,0x008D659A,Shadow Stock Tkt,0x00934C5D,Instructions on forging the\nShadowstock. Bring them to\nthe Smithy!
6400,4,5,99,37,5,0,0,0,0,0,0,0,0x008D65AB,Papipupe Ticket A,0x00934CA0,Part of the instructions on\nforging the Papipupe Lance.\nBring all 3 to the Smithy!
6401,4,5,99,37,5,0,0,0,0,0,0,0,0x008D65BD,Papipupe Ticket B,0x00934CF3,Part of the instructions on\nforging the Papipupe Lance.\nBring all 3 to the Smithy!
6402,4,5,99,37,5,0,0,0,0,0,0,0,0x008D65CF,Papipupe Ticket C,0x00934D46,Part of the instructions on\nforging the Papipupe Lance.\nBring all 3 to the Smithy!
6403,4,5,99,37,1,0,0,0,0,0,0,0,0x008D65E1,Enryuu Ticket,0x00934D99,Instructions on forging the\nEnryuu. Bring them to the\nSmithy!
6404,4,5,99,37,5,0,0,0,0,0,0,0,0x008D65EF,Dokuro Ticket,0x00934DD7,Instructions on forging the\nDokuro. Bring them to the\nSmithy!
6405,4,5,99,37,5,0,0,0,0,0,0,0,0x008D65FD,Raizan Ticket,0x00934E15,Instructions on forging the\nRaizan. Bring them to the\nSmithy!
6406,4,5,99,37,3,0,0,0,0,0,0,0,0x008D660B,Ryuuzan Ticket,0x00934E53,Instructions on forging the\nRyuuzan. Bring them to the\nSmithy!
6407,4,5,99,37,1,0,0,0,0,0,0,0,0x008D661A,G.Majesty Tkt,0x00934E92,Instructions on forging the\nGod's Majesty. Bring them to\nthe Smithy!
6408,4,5,99,37,1,0,0,0,0,0,0,0,0x008D6628,I.Majesty Tkt,0x00934ED7,Instructions on forging the\nIllusory Majesty. Bring them\nto the Smithy!
6409,4,5,99,37,1,0,0,0,0,0,0,0,0x008D6636,D.Majesty Tkt,0x00934F1F,Instructions on forging the\nDemonic Majesty. Bring them\nto the Smithy!
6410,4,5,99,37,1,0,0,0,0,0,0,0,0x008D6644,D.LordMajestyTkt,0x00934F66,Instructions on forging the\nDemonlord's Majesty. Bring\nthem to the Smithy!
6411,4,5,99,37,5,0,0,0,0,0,0,0,0x008D6655,G.Cradle Ticket,0x00934FB1,Instructions on forging the\nGod's Cradle. Bring them to\nthe Smithy!
6412,4,5,99,37,5,0,0,0,0,0,0,0,0x008D6665,I.Cradle Ticket,0x00934FF5,Instructions on forging the\nIllusory Cradle. Bring them\nto the Smithy!
6413,4,5,99,37,5,0,0,0,0,0,0,0,0x008D6675,D.Cradle Ticket,0x0093503C,Instructions on forging the\nDemonic Cradle. Bring them\nto the Smithy!
6414,4,5,99,37,5,0,0,0,0,0,0,0,0x008D6685,D.LordCradleTkt,0x00935082,Instructions on forging the\nDemonlord's Cradle. Bring\nthem to the Smithy!
6415,4,5,99,37,1,0,0,0,0,0,0,0,0x008D6695,Onimusha Tkt H,0x009350CC,Instructions on forging the\nOnimusha armor. Bring them\nto the Smithy!
6416,4,5,99,37,1,0,0,0,0,0,0,0,0x008D66A4,Onimusha Tkt C,0x00935112,Instructions on forging the\nOnimusha armor. Bring them\nto the Smithy!
6417,4,5,99,37,1,0,0,0,0,0,0,0,0x008D66B3,Onimusha Tkt A,0x00935158,Instructions on forging the\nOnimusha armor. Bring them\nto the Smithy!
6418,4,5,99,37,1,0,0,0,0,0,0,0,0x008D66C2,Onimusha Tkt W,0x0093519E,Instructions on forging the\nOnimusha armor. Bring them\nto the Smithy!
6419,4,5,99,37,1,0,0,0,0,0,0,0,0x008D66D1,Onimusha Tkt L,0x009351E4,Instructions on forging the\nOnimusha armor. Bring them\nto the Smithy!
6420,4,5,99,37,1,0,0,0,0,0,0,0,0x008D66E0,Heat Nail Tkt,0x0093522A,Instructions on forging the\nHeat Nail. Bring them to the\nSmithy!
6421,4,5,99,37,3,0,0,0,0,0,0,0,0x008D66EE,Marsh Nail Tkt,0x0093526B,Instructions on forging the\nMarsh Nail. Bring them to\nthe Smithy!
6422,4,5,99,37,4,0,0,0,0,0,0,0,0x008D66FD,Electro Pole Tkt,0x009352AD,Instructions on forging the\nElectro Pole. Bring them to\nthe Smithy!
6423,4,5,99,37,2,0,0,0,0,0,0,0,0x008D670E,Primal Pole Tkt,0x009352F1,Instructions on forging the\nPrimal Pole. Bring them to\nthe Smithy!
6424,4,5,99,37,1,0,0,0,0,0,0,0,0x008D671E,Warm Prick Tkt,0x00935334,Instructions on forging the\nWarm Prick. Bring them to\nthe Smithy!
6425,4,5,99,37,2,0,0,0,0,0,0,0,0x008D672D,Harm Prick Tkt,0x00935376,Instructions on forging the\nHarmful Prick. Bring them to\nthe Smithy!
6426,4,5,99,37,0,0,0,0,0,0,0,0,0x008D673C,Cloth Ticket H,0x009353BB,Instructions on forging the\nCloth armor. Bring them to\nthe Smithy!
6427,4,5,99,37,0,0,0,0,0,0,0,0,0x008D674B,Cloth Ticket C,0x009353FE,Instructions on forging the\nCloth armor. Bring them to\nthe Smithy!
6428,4,5,99,37,0,0,0,0,0,0,0,0,0x008D675A,Cloth Ticket A,0x00935441,Instructions on forging the\nCloth armor. Bring them to\nthe Smithy!
6429,4,5,99,37,0,0,0,0,0,0,0,0,0x008D6769,Cloth Ticket W,0x00935484,Instructions on forging the\nCloth armor. Bring them to\nthe Smithy!
6430,4,5,99,37,0,0,0,0,0,0,0,0,0x008D6778,Cloth Ticket L,0x009354C7,Instructions on forging the\nCloth armor. Bring them to\nthe Smithy!
6431,4,5,99,23,4,0,0,3000,0,0,0,0,0x008D6787,Aurisioth Scale,0x0093550A,A splendid Aurisioth scale.\nCoveted by nobles for its\ndazzling gleam.
6432,4,5,99,23,4,0,0,5000,0,0,0,0,0x008D6797,Auris Giltscale,0x00935550,An ultrathin golden scale\nthat hardens when processed\nonto armor.
6433,4,5,99,23,0,0,0,3000,0,0,0,0,0x008D67A7,Argasioth Scale,0x00935592,A splendid Argasioth scale.\nCoveted by nobles for its\ndazzling gleam.
6434,4,5,99,23,0,0,0,5000,0,0,0,0,0x008D67B7,Argas Mirrorscl,0x009355D8,A reflective scale with a\ndazzling glow. Cold as ice\nand smooth to the touch.
6435,4,5,99,31,6,0,0,20000,0,0,0,0,0x008D67C7,P.Wyv Temperfang,0x00935626,A strong fang with a black\nluster. Capable of crushing\nbedrock with ease.
6436,4,5,99,9,6,0,0,20000,0,0,0,0,0x008D67D8,P.Wyv Grandfin,0x00935670,A sturdy piscine fin that\nallows for a sudden change\nof course even underground.
6437,4,5,99,9,6,0,0,10000,0,0,0,0,0x008D67E7,Fused Strifeshl,0x009356C1,"A product of mutual strife.\nIts surface is golden, while\nits underside silvery white."
6438,4,5,99,37,4,0,0,0,0,0,0,0,0x008D67F7,Gloria Tkt H,0x00935717,Instructions on forging the\nGloria armor. Bring them to\nthe Smithy!
6439,4,5,99,37,4,0,0,0,0,0,0,0,0x008D6804,Gloria Tkt C,0x0093575B,Instructions on forging the\nGloria armor. Bring them to\nthe Smithy!
6440,4,5,99,37,4,0,0,0,0,0,0,0,0x008D6811,Gloria Tkt A,0x0093579F,Instructions on forging the\nGloria armor. Bring them to\nthe Smithy!
6441,4,5,99,37,4,0,0,0,0,0,0,0,0x008D681E,Gloria Tkt W,0x009357E3,Instructions on forging the\nGloria armor. Bring them to\nthe Smithy!
6442,4,5,99,37,4,0,0,0,0,0,0,0,0x008D682B,Gloria Tkt L,0x00935827,Instructions on forging the\nGloria armor. Bring them to\nthe Smithy!
6443,4,5,99,37,1,0,0,0,0,0,0,0,0x008D6838,SF25 Tkt H,0x0093586B,Instructions on forging the\nSF25 armor. Bring them to\nthe Smithy!
6444,4,5,99,37,1,0,0,0,0,0,0,0,0x008D6843,SF25 Tkt C,0x009358AD,Instructions on forging the\nSF25 armor. Bring them to\nthe Smithy!
6445,4,5,99,37,1,0,0,0,0,0,0,0,0x008D684E,SF25 Tkt A,0x009358EF,Instructions on forging the\nSF25 armor. Bring them to\nthe Smithy!
6446,4,5,99,37,1,0,0,0,0,0,0,0,0x008D6859,SF25 Tkt W,0x00935931,Instructions on forging the\nSF25 armor. Bring them to\nthe Smithy!
6447,4,5,99,37,1,0,0,0,0,0,0,0,0x008D6864,SF25 Tkt L,0x00935973,Instructions on forging the\nSF25 armor. Bring them to\nthe Smithy!
6448,4,5,99,37,7,0,0,0,0,0,0,0,0x008D686F,Oni Soul Tkt H,0x009359B5,Instructions on forging the\nOnimusha Soul armor. Bring\nthem to the Smithy!
6449,4,5,99,37,7,0,0,0,0,0,0,0,0x008D687E,Oni Soul Tkt C,0x00935A00,Instructions on forging the\nOnimusha Soul armor. Bring\nthem to the Smithy!
6450,4,5,99,37,7,0,0,0,0,0,0,0,0x008D688D,Oni Soul Tkt A,0x00935A4B,Instructions on forging the\nOnimusha Soul armor. Bring\nthem to the Smithy!
6451,4,5,99,37,7,0,0,0,0,0,0,0,0x008D689C,Oni Soul Tkt W,0x00935A96,Instructions on forging the\nOnimusha Soul armor. Bring\nthem to the Smithy!
6452,4,5,99,37,7,0,0,0,0,0,0,0,0x008D68AB,Oni Soul Tkt L,0x00935AE1,Instructions on forging the\nOnimusha Soul armor. Bring\nthem to the Smithy!
6453,4,5,99,37,7,0,0,0,0,0,0,0,0x008D68BA,Oni EX Tkt H,0x00935B2C,Instructions on forging\nthe Onimusha EX armor.\nBring them to the Smithy!
6454,4,5,99,37,7,0,0,0,0,0,0,0,0x008D68C7,Oni EX Tkt C,0x00935B75,Instructions on forging\nthe Onimusha EX armor.\nBring them to the Smithy!
6455,4,5,99,37,7,0,0,0,0,0,0,0,0x008D68D4,Oni EX Tkt A,0x00935BBE,Instructions on forging\nthe Onimusha EX armor.\nBring them to the Smithy!
6456,4,5,99,37,7,0,0,0,0,0,0,0,0x008D68E1,Oni EX Tkt W,0x00935C07,Instructions on forging\nthe Onimusha EX armor.\nBring them to the Smithy!
6457,4,5,99,37,7,0,0,0,0,0,0,0,0x008D68EE,Oni EX Tkt L,0x00935C50,Instructions on forging\nthe Onimusha EX armor.\nBring them to the Smithy!
6458,4,5,99,35,3,0,0,0,0,0,0,0,0x008D68FB,Vivid Blue Mochi,0x00935C99,A vivid rice cake decorated\nduring a certain Eastern\nfestival. Inedible if raw.
6459,4,5,99,35,8,0,0,0,0,0,0,0,0x008D690C,Vivid Pink Mochi,0x00935CE9,A vivid rice cake decorated\nduring a certain Eastern\nfestival. Inedible if raw.
6460,4,5,99,35,8,0,0,0,0,0,0,0,0x008D691D,Romantic Perfume,0x00935D39,Incense made from cherry\nblossoms. Its floral aroma\nfills you with nostalgia.
6461,4,5,99,27,8,0,0,0,0,0,0,0,0x008D692E,Sugary Ball,0x00935D87,"A sweet, candy-like stone.\nIts flavor intensifies when\nboiled."
6462,4,5,99,18,7,0,0,0,0,0,0,0,0x008D693A,Crackling Fruit,0x0011167F,はじける食感が楽しい実。\n砂糖などと混ぜると、\n子供が喜ぶお菓子ができる。
6463,4,5,99,0,0,0,0,0,0,0,0,0,0x000DCDFA,ダミー６４６３,0x0000276D,ダミー
6464,4,5,99,0,0,0,0,0,0,0,0,0,0x000DCE09,ダミー６４６４,0x0000276D,ダミー
6465,4,5,99,0,0,0,0,0,0,0,0,0,0x000DCE18,ダミー６４６５,0x0000276D,ダミー
6466,4,5,99,0,0,0,0,0,0,0,0,0,0x000DCE27,ダミー６４６６,0x0000276D,ダミー
6467,4,5,99,33,4,0,0,0,0,0,0,0,0x008D694A,Valiant Crest,0x001116C8,東方で作られた兜についている\n立派な金色の鍬形。\n良く磨かれ、輝いている。
6468,4,5,99,33,7,0,0,0,0,0,0,0,0x008D6958,Heroic Plume,0x00111711,東方で作られた兜の正面に\nついている、立派な前立て。\n触るのも憚られるほど立派。
6469,4,5,99,33,1,0,0,0,0,0,0,0,0x008D6965,Splendid Cord,0x00111760,東方の兜についている、\n上質な紐で編まれた忍緒。\n丈夫で、簡単には千切れない。
6470,4,5,99,37,5,0,0,0,0,0,0,0,0x008D6973,The First KT Tkt,0x00935DC6,Instructions on forging the\nFirst KT. Bring them to the\nSmithy!
6471,4,5,99,37,5,0,0,0,0,0,0,0,0x008D6984,KT's Heart Tkt,0x00935E06,Instructions on forging the\nKT's Heart. Bring them to\nthe Smithy!
6472,4,5,99,37,5,0,0,0,0,0,0,0,0x008D6993,KT's Cry Ticket,0x00935E48,Instructions on forging the\nKT's Cry. Bring them to the\nSmithy!
6473,4,5,99,37,5,0,0,0,0,0,0,0,0x008D69A3,St.Piria Tkt A,0x00935E88,Part of the instructions on\nforging the St.Piria Bow.\nBring all 3 to the Smithy!
6474,4,5,99,37,5,0,0,0,0,0,0,0,0x008D69B2,St.Piria Tkt B,0x00935ED9,Part of the instructions on\nforging the St.Piria Bow.\nBring all 3 to the Smithy!
6475,4,5,99,37,5,0,0,0,0,0,0,0,0x008D69C1,St.Piria Tkt C,0x00935F2A,Part of the instructions on\nforging the St.Piria Bow.\nBring all 3 to the Smithy!
6476,4,5,99,37,6,0,0,0,0,0,0,0,0x008D69D0,Dawn Blade Tkt,0x00935F7B,Instructions on forging the\nDawn Blade. Bring them to\nthe Smithy!
6477,4,5,99,37,5,0,0,0,0,0,0,0,0x008D69DF,Recurved Ticket,0x00935FBD,Instructions on forging the\nRecurved Blades. Bring them\nto the Smithy!
6478,4,5,99,37,1,0,0,0,0,0,0,0,0x008D69EF,Cataclysmic Tkt,0x00936004,Instructions on forging\nthe Cataclysmic Lance.\nBring them to the Smithy!
6479,4,5,99,37,4,0,0,0,0,0,0,0,0x008D69FF,Cadenced Tkt,0x0093604D,Instructions on forging the\nCadenced Lance. Bring them\nto the Smithy!
6480,4,5,99,37,0,0,0,0,0,0,0,0,0x008D6A0C,S.O. Mortar Tkt,0x00936093,Instructions on forging the\nSawed-off Mortar. Bring them\nto the Smithy!
6481,4,5,99,37,0,0,0,0,0,0,0,0,0x008D6A1C,Wicked Mortar Tkt,0x009360DB,Instructions on forging the\nWicked Mortar. Bring them to\nthe Smithy!
6482,4,5,99,37,0,0,0,0,0,0,0,0,0x008D6A2E,Avarice Mortar Tkt,0x00936120,Instructions on forging\nthe Avaricious Mortar.\nBring them to the Smithy!
6483,4,5,99,37,0,0,0,0,0,0,0,0,0x008D6A41,Barrage Mortar Tkt,0x00936169,Instructions on forging the\nBarrage Mortar. Bring them\nto the Smithy!
6484,4,5,99,37,10,0,0,0,0,0,0,0,0x008D6A54,S.O. Carbine Tkt,0x009361AF,Instructions on forging\nthe Sawed-off Carbine.\nBring them to the Smithy!
6485,4,5,99,37,10,0,0,0,0,0,0,0,0x008D6A65,Wicked Carbine Tkt,0x009361F8,Instructions on forging the\nWicked Carbine. Bring them\nto the Smithy!
6486,4,5,99,37,10,0,0,0,0,0,0,0,0x008D6A78,Avarice Carbine Tkt,0x0093623E,Instructions on forging the\nAvaricious Carbine. Bring\nthem to the Smithy!
6487,4,5,99,37,10,0,0,0,0,0,0,0,0x008D6A8C,Barrage Carbine Tkt,0x00936288,Instructions on forging the\nBarrage Carbine. Bring them\nto the Smithy!
6488,4,5,99,18,5,0,0,0,0,0,0,0,0x008D6AA0,Frozen Prp Fruit,0x009362CF,A large bunch of fruit\nfound inside an iceberg.\nPurple in color.
6489,4,5,99,18,4,0,0,0,0,0,0,0,0x008D6AB1,Frozen Ylw Fruit,0x00936310,A large bunch of fruit\nfound inside an iceberg.\nYellow in color.
6490,4,5,99,18,7,0,0,0,0,0,0,0,0x008D6AC2,Frozen Org Fruit,0x00936351,A large bunch of fruit\nfound inside an iceberg.\nOrange in color.
6491,4,5,99,18,8,0,0,0,0,0,0,0,0x008D6AD3,Frozen Pnk Fruit,0x00936392,A large bunch of fruit\nfound inside an iceberg.\nPink in color.
6492,4,5,99,18,0,0,0,0,0,0,0,0,0x008D6AE4,Round Fruit,0x009363D1,An exquisitely juicy fruit.\nRefreshing AND delicious.
6493,3,4,99,0,0,0,0,0,0,0,0,0,0x000DCFCA,ダミー６４９３,0x0000276D,ダミー
6494,3,4,99,0,0,0,0,0,0,0,0,0,0x000DCFD9,ダミー６４９４,0x0000276D,ダミー
6495,3,4,99,0,0,0,0,0,0,0,0,0,0x000DCFE8,ダミー６４９５,0x0000276D,ダミー
6496,3,4,99,0,0,0,0,0,0,0,0,0,0x000DCFF7,ダミー６４９６,0x0000276D,ダミー
6497,3,4,99,0,0,0,0,0,0,0,0,0,0x000DD006,ダミー６４９７,0x0000276D,ダミー
6498,3,4,99,0,0,0,0,0,0,0,0,0,0x000DD015,ダミー６４９８,0x0000276D,ダミー
6499,3,4,99,0,0,0,0,0,0,0,0,0,0x000DD024,ダミー６４９９,0x0000276D,ダミー
6500,3,4,99,0,0,0,0,0,0,0,0,0,0x000DD033,ダミー６５００,0x0000276D,ダミー
6501,3,4,99,0,0,0,0,0,0,0,0,0,0x000DD042,ダミー６５０１,0x0000276D,ダミー
6502,3,4,99,0,0,0,0,0,0,0,0,0,0x000DD051,ダミー６５０２,0x0000276D,ダミー
6503,3,4,99,0,0,0,0,0,0,0,0,0,0x000DD060,ダミー６５０３,0x0000276D,ダミー
6504,3,4,99,0,0,0,0,0,0,0,0,0,0x000DD06F,ダミー６５０４,0x0000276D,ダミー
6505,3,4,99,0,0,0,0,0,0,0,0,0,0x000DD07E,ダミー６５０５,0x0000276D,ダミー
6506,3,4,99,0,0,0,0,0,0,0,0,0,0x000DD08D,ダミー６５０６,0x0000276D,ダミー
6507,3,4,99,0,0,0,0,0,0,0,0,0,0x000DD09C,ダミー６５０７,0x0000276D,ダミー
6508,3,4,99,0,0,0,0,0,0,0,0,0,0x000DD0AB,ダミー６５０８,0x0000276D,ダミー
6509,3,4,99,0,0,0,0,0,0,0,0,0,0x000DD0BA,ダミー６５０９,0x0000276D,ダミー
6510,3,4,99,0,0,0,0,0,0,0,0,0,0x000DD0C9,ダミー６５１０,0x0000276D,ダミー
6511,3,4,99,0,0,0,0,0,0,0,0,0,0x000DD0D8,ダミー６５１１,0x0000276D,ダミー
6512,3,4,99,0,0,0,0,0,0,0,0,0,0x000DD0E7,ダミー６５１２,0x0000276D,ダミー
6513,3,4,99,0,0,0,0,0,0,0,0,0,0x000DD0F6,ダミー６５１３,0x0000276D,ダミー
6514,3,4,99,0,0,0,0,0,0,0,0,0,0x000DD105,ダミー６５１４,0x0000276D,ダミー
6515,3,4,99,0,0,0,0,0,0,0,0,0,0x000DD114,ダミー６５１５,0x0000276D,ダミー
6516,3,4,99,0,0,0,0,0,0,0,0,0,0x000DD123,ダミー６５１６,0x0000276D,ダミー
6517,3,4,99,0,0,0,0,0,0,0,0,0,0x000DD132,ダミー６５１７,0x0000276D,ダミー
6518,3,4,99,0,0,0,0,0,0,0,0,0,0x000DD141,ダミー６５１８,0x0000276D,ダミー
6519,3,4,99,0,0,0,0,0,0,0,0,0,0x000DD150,ダミー６５１９,0x0000276D,ダミー
6520,3,4,99,0,0,0,0,0,0,0,0,0,0x000DD15F,ダミー６５２０,0x0000276D,ダミー
6521,3,4,99,0,0,0,0,0,0,0,0,0,0x000DD16E,ダミー６５２１,0x0000276D,ダミー
6522,3,4,99,0,0,0,0,0,0,0,0,0,0x000DD17D,ダミー６５２２,0x0000276D,ダミー
6523,3,4,99,0,0,0,0,0,0,0,0,0,0x000DD18C,ダミー６５２３,0x0000276D,ダミー
6524,3,4,99,0,0,0,0,0,0,0,0,0,0x000DD19B,ダミー６５２４,0x0000276D,ダミー
6525,3,4,99,0,0,0,0,0,0,0,0,0,0x000DD1AA,ダミー６５２５,0x0000276D,ダミー
6526,3,4,99,0,0,0,0,0,0,0,0,0,0x000DD1B9,ダミー６５２６,0x0000276D,ダミー
6527,3,4,99,0,0,0,0,0,0,0,0,0,0x000DD1C8,ダミー６５２７,0x0000276D,ダミー
6528,3,4,99,0,0,0,0,0,0,0,0,0,0x000DD1D7,ダミー６５２８,0x0000276D,ダミー
6529,3,4,99,0,0,0,0,0,0,0,0,0,0x000DD1E6,ダミー６５２９,0x0000276D,ダミー
6530,3,4,99,0,0,0,0,0,0,0,0,0,0x000DD1F5,ダミー６５３０,0x0000276D,ダミー
6531,3,4,99,0,0,0,0,0,0,0,0,0,0x000DD204,ダミー６５３１,0x0000276D,ダミー
6532,3,4,99,0,0,0,0,0,0,0,0,0,0x000DD213,ダミー６５３２,0x0000276D,ダミー
6533,3,4,99,0,0,0,0,0,0,0,0,0,0x000DD222,ダミー６５３３,0x0000276D,ダミー
6534,3,4,99,0,0,0,0,0,0,0,0,0,0x000DD231,ダミー６５３４,0x0000276D,ダミー
6535,3,4,99,0,0,0,0,0,0,0,0,0,0x000DD240,ダミー６５３５,0x0000276D,ダミー
6536,3,4,99,0,0,0,0,0,0,0,0,0,0x000DD24F,ダミー６５３６,0x0000276D,ダミー
6537,3,4,99,0,0,0,0,0,0,0,0,0,0x000DD25E,ダミー６５３７,0x0000276D,ダミー
6538,3,4,99,0,0,0,0,0,0,0,0,0,0x000DD26D,ダミー６５３８,0x0000276D,ダミー
6539,3,4,99,0,0,0,0,0,0,0,0,0,0x000DD27C,ダミー６５３９,0x0000276D,ダミー
6540,3,4,99,0,0,0,0,0,0,0,0,0,0x000DD28B,ダミー６５４０,0x0000276D,ダミー
6541,3,4,99,0,0,0,0,0,0,0,0,0,0x000DD29A,ダミー６５４１,0x0000276D,ダミー
6542,3,4,99,0,0,0,0,0,0,0,0,0,0x000DD2A9,ダミー６５４２,0x0000276D,ダミー
6543,3,4,99,0,0,0,0,0,0,0,0,0,0x000DD2B8,ダミー６５４３,0x0000276D,ダミー
6544,3,4,99,0,0,0,0,0,0,0,0,0,0x000DD2C7,ダミー６５４４,0x0000276D,ダミー
6545,3,4,99,0,0,0,0,0,0,0,0,0,0x000DD2D6,ダミー６５４５,0x0000276D,ダミー
6546,3,4,99,0,0,0,0,0,0,0,0,0,0x000DD2E5,ダミー６５４６,0x0000276D,ダミー
6547,3,4,99,0,0,0,0,0,0,0,0,0,0x000DD2F4,ダミー６５４７,0x0000276D,ダミー
6548,3,4,99,0,0,0,0,0,0,0,0,0,0x000DD303,ダミー６５４８,0x0000276D,ダミー
6549,3,4,99,0,0,0,0,0,0,0,0,0,0x000DD312,ダミー６５４９,0x0000276D,ダミー
6550,3,4,99,0,0,0,0,0,0,0,0,0,0x000DD321,ダミー６５５０,0x0000276D,ダミー
6551,3,4,99,0,0,0,0,0,0,0,0,0,0x000DD330,ダミー６５５１,0x0000276D,ダミー
6552,3,4,99,0,0,0,0,0,0,0,0,0,0x000DD33F,ダミー６５５２,0x0000276D,ダミー
6553,3,4,99,0,0,0,0,0,0,0,0,0,0x000DD34E,ダミー６５５３,0x0000276D,ダミー
6554,3,4,99,0,0,0,0,0,0,0,0,0,0x000DD35D,ダミー６５５４,0x0000276D,ダミー
6555,3,4,99,0,0,0,0,0,0,0,0,0,0x000DD36C,ダミー６５５５,0x0000276D,ダミー
6556,3,4,99,0,0,0,0,0,0,0,0,0,0x000DD37B,ダミー６５５６,0x0000276D,ダミー
6557,3,4,99,0,0,0,0,0,0,0,0,0,0x000DD38A,ダミー６５５７,0x0000276D,ダミー
6558,3,4,99,0,0,0,0,0,0,0,0,0,0x000DD399,ダミー６５５８,0x0000276D,ダミー
6559,3,4,99,0,0,0,0,0,0,0,0,0,0x000DD3A8,ダミー６５５９,0x0000276D,ダミー
6560,3,4,99,0,0,0,0,0,0,0,0,0,0x000DD3B7,ダミー６５６０,0x0000276D,ダミー
6561,3,4,99,0,0,0,0,0,0,0,0,0,0x000DD3C6,ダミー６５６１,0x0000276D,ダミー
6562,3,4,99,0,0,0,0,0,0,0,0,0,0x000DD3D5,ダミー６５６２,0x0000276D,ダミー
6563,3,4,99,0,0,0,0,0,0,0,0,0,0x000DD3E4,ダミー６５６３,0x0000276D,ダミー
6564,3,4,99,0,0,0,0,0,0,0,0,0,0x000DD3F3,ダミー６５６４,0x0000276D,ダミー
6565,3,4,99,0,0,0,0,0,0,0,0,0,0x000DD402,ダミー６５６５,0x0000276D,ダミー
6566,3,4,99,0,0,0,0,0,0,0,0,0,0x000DD411,ダミー６５６６,0x0000276D,ダミー
6567,3,4,99,0,0,0,0,0,0,0,0,0,0x000DD420,ダミー６５６７,0x0000276D,ダミー
6568,3,4,99,0,0,0,0,0,0,0,0,0,0x000DD42F,ダミー６５６８,0x0000276D,ダミー
6569,3,4,99,0,0,0,0,0,0,0,0,0,0x000DD43E,ダミー６５６９,0x0000276D,ダミー
6570,3,4,99,0,0,0,0,0,0,0,0,0,0x000DD44D,ダミー６５７０,0x0000276D,ダミー
6571,3,4,99,0,0,0,0,0,0,0,0,0,0x000DD45C,ダミー６５７１,0x0000276D,ダミー
6572,3,4,99,0,0,0,0,0,0,0,0,0,0x000DD46B,ダミー６５７２,0x0000276D,ダミー
6573,3,4,99,0,0,0,0,0,0,0,0,0,0x000DD47A,ダミー６５７３,0x0000276D,ダミー
6574,3,4,99,0,0,0,0,0,0,0,0,0,0x000DD489,ダミー６５７４,0x0000276D,ダミー
6575,3,4,99,0,0,0,0,0,0,0,0,0,0x000DD498,ダミー６５７５,0x0000276D,ダミー
6576,3,4,99,0,0,0,0,0,0,0,0,0,0x000DD4A7,ダミー６５７６,0x0000276D,ダミー
6577,3,4,99,0,0,0,0,0,0,0,0,0,0x000DD4B6,ダミー６５７７,0x0000276D,ダミー
6578,3,4,99,0,0,0,0,0,0,0,0,0,0x000DD4C5,ダミー６５７８,0x0000276D,ダミー
6579,3,4,99,0,0,0,0,0,0,0,0,0,0x000DD4D4,ダミー６５７９,0x0000276D,ダミー
6580,3,4,99,0,0,0,0,0,0,0,0,0,0x000DD4E3,ダミー６５８０,0x0000276D,ダミー
6581,3,4,99,0,0,0,0,0,0,0,0,0,0x000DD4F2,ダミー６５８１,0x0000276D,ダミー
6582,3,4,99,0,0,0,0,0,0,0,0,0,0x000DD501,ダミー６５８２,0x0000276D,ダミー
6583,3,4,99,0,0,0,0,0,0,0,0,0,0x000DD510,ダミー６５８３,0x0000276D,ダミー
6584,3,4,99,0,0,0,0,0,0,0,0,0,0x000DD51F,ダミー６５８４,0x0000276D,ダミー
6585,3,4,99,0,0,0,0,0,0,0,0,0,0x000DD52E,ダミー６５８５,0x0000276D,ダミー
6586,3,4,99,0,0,0,0,0,0,0,0,0,0x000DD53D,ダミー６５８６,0x0000276D,ダミー
6587,3,4,99,0,0,0,0,0,0,0,0,0,0x000DD54C,ダミー６５８７,0x0000276D,ダミー
6588,3,4,99,0,0,0,0,0,0,0,0,0,0x000DD55B,ダミー６５８８,0x0000276D,ダミー
6589,3,4,99,0,0,0,0,0,0,0,0,0,0x000DD56A,ダミー６５８９,0x0000276D,ダミー
6590,3,4,99,0,0,0,0,0,0,0,0,0,0x000DD579,ダミー６５９０,0x0000276D,ダミー
6591,3,4,99,0,0,0,0,0,0,0,0,0,0x000DD588,ダミー６５９１,0x0000276D,ダミー
6592,3,4,99,0,0,0,0,0,0,0,0,0,0x000DD597,ダミー６５９２,0x0000276D,ダミー
6593,3,4,99,0,0,0,0,0,0,0,0,0,0x000DD5A6,ダミー６５９３,0x0000276D,ダミー
6594,3,4,99,0,0,0,0,0,0,0,0,0,0x000DD5B5,ダミー６５９４,0x0000276D,ダミー
6595,3,4,99,0,0,0,0,0,0,0,0,0,0x000DD5C4,ダミー６５９５,0x0000276D,ダミー
6596,3,4,99,0,0,0,0,0,0,0,0,0,0x000DD5D3,ダミー６５９６,0x0000276D,ダミー
6597,3,4,99,0,0,0,0,0,0,0,0,0,0x000DD5E2,ダミー６５９７,0x0000276D,ダミー
6598,3,4,99,0,0,0,0,0,0,0,0,0,0x000DD5F1,ダミー６５９８,0x0000276D,ダミー
6599,3,4,99,0,0,0,0,0,0,0,0,0,0x000DD600,ダミー６５９９,0x0000276D,ダミー
6600,4,5,99,18,10,0,1000,100,0,0,0,1,0x008D6AF0,Black Heptaberry,0x00936407,A pitch black fruit whose\nflavor changes with every\nbite. A chef's nightmare.
6601,4,5,99,18,10,0,50,5,0,0,0,1,0x008D6B01,Pebblefruit,0x00936455,"A fruit that has no smell\nand easily sinks underwater,\njust like a rock."
6602,4,5,99,18,7,0,140,14,0,0,0,1,0x008D6B0D,Tea Seeds,0x0093649E,"When dried, these tiny brown\nseeds can be boiled into a\nfragrant tea."
6603,4,5,99,18,6,0,150,15,0,0,0,1,0x008D6B17,Dustseed,0x009364E4,A fragile seed that easily\nshatters into tiny pieces.\nHandle with care.
6604,3,4,99,0,0,0,0,0,0,0,0,0,0x008D6B20,Gutsberry,0x0000276D,ダミー
6605,3,4,99,0,0,0,0,0,0,0,0,0,0x008D6B2A,Aromaberry,0x0000276D,ダミー
6606,4,5,99,27,10,0,70,7,0,0,0,1,0x008D6B35,Cassiterite,0x0093652C,"A sturdy, hard ore beloved\nfor its ease of use. Highly\nsusceptible to heat."
6607,4,5,99,27,7,0,160,16,0,0,0,1,0x008D6B41,Galena,0x00936578,An easy-to-craft ore that\ndefies all expectations.\nCrumbles if not burned.
6608,4,5,99,27,6,0,1210,121,0,0,0,1,0x008D6B48,Prismatite,0x009365C3,A bitterly cold crystal.\nForms a prism when held\nup against light.
6609,4,5,99,27,0,0,90,9,0,0,0,1,0x008D6B53,Trilozite,0x00936606,An adaptable ore that\ndefies all expectations.\nCrumbles if not burned.
6610,3,4,99,0,0,0,0,0,0,0,0,0,0x008D6B5D,Glimmerite,0x0000276D,ダミー
6611,3,4,99,0,0,0,0,0,0,0,0,0,0x008D6B68,Omnisite,0x0000276D,ダミー
6612,4,5,99,20,1,0,140,14,0,0,0,1,0x008D6B71,Johnbug,0x0093664D,A versatile insect boasting\na rock-hard shell. Named in\nhonor of the discoverer. 
6613,4,5,99,20,0,0,1320,132,0,0,0,1,0x008D6B79,Ephemeral Mayfly,0x0093669F,An elusive dragonfly with\na pair of flickering wings.\nEasy to lose sight of.
6614,4,5,99,20,4,0,80,8,0,0,0,1,0x008D6B8A,Twin Firefly,0x009366EC,Named after two faintly\nglowing lanterns found\non the body.
6615,4,5,99,20,2,0,1110,111,0,0,0,1,0x008D6B97,Stembug,0x00936728,A cricket-like insect known\nfor imitating plant stems.\nOften caught by accident.
6616,3,4,99,0,0,0,0,0,0,0,0,0,0x008D6B9F,Diamond Hopper,0x0000276D,ダミー
6617,3,4,99,0,0,0,0,0,0,0,0,0,0x008D6BAE,Honeybug,0x0000276D,ダミー
6618,4,5,99,15,7,0,2200,220,0,0,0,0,0x008D6BB7,Sunlit Herb,0x00936779,"A strong, spiked herb that\ncan only be picked during\nthe day."
6619,4,5,99,15,3,0,2300,230,0,0,0,0,0x008D6BC3,Dew Herb,0x009367B7,A small plant with blooms\nreminiscent of droplets.\nMust be picked at night.
6620,4,5,2,33,4,0,2500,250,0,0,0,1,0x008D6BCC,Dazzling Lump,0x00936803,A rare ore reminiscent of a\npearl. Shines even brighter\nwhen polished.
6621,4,5,99,5,3,0,400,40,0,0,0,1,0x008D6BDA,Wanderfish,0x0093684A,A capricious fish found in\nnumerous locales.
6622,4,5,99,5,3,0,650,65,0,0,0,1,0x008D6BE5,Stubborn Fish,0x00936877,A fish whose habitat varies\ngreatly depending on season\nand locale.
6623,4,5,99,15,1,0,7800,780,0,0,0,0,0x008D6BF3,Red Glacebloom,0x009368BB,A plant with beautiful red\nflowers. Quite tough despite\nits appearance.
6624,4,5,99,20,4,0,5700,570,0,0,0,0,0x008D6C02,Snowfly,0x00936903,"An insect emitting a gentle,\npale glow. As for its body,\nyou'd best look away..."
6625,4,5,99,27,6,0,5300,530,0,0,0,0,0x008D6C0A,Icestone,0x00936954,A brittle type of quartz.\nOften powdered and used\nin processed goods.
6626,4,5,99,27,3,0,6400,640,0,0,0,0,0x008D6C13,Blue Seastone,0x0093699A,"A stone with a clear blue\ncolor, reminiscent of the\nsea. Soothing to the eyes."
6627,4,5,99,12,0,0,7200,720,0,0,0,0,0x008D6C21,Snowshroom,0x009369E9,A cute mushroom reminiscent\nof a princess clad in a pure\nwhite dress. Quite elusive.
6628,4,5,99,12,7,0,10200,1020,0,0,0,0,0x008D6C2C,Evershroom,0x00936A3E,A mushroom said to take ten\nthousand years to mature.\nPrized as a rare commodity.
6629,4,5,99,5,8,0,500,50,0,0,0,1,0x008D6C37,Prime Salmon,0x00936A90,"The finest of salmons.\nDelicious when boiled,\ngrilled or eaten raw."
6630,4,5,99,5,3,0,2100,210,0,0,0,1,0x008D6C44,Anchor Tuna,0x00936AD4,A giant fish found in very\ncold regions. Resembles an\nanchor from above.
6631,4,5,99,27,6,0,0,0,0,0,0,0,0x008D6C50,Eternal Iceblock,0x00936B1D,"A highly pure, fist-sized\nblock of ice found while\nmining. Won't melt easily."
6632,4,5,99,27,4,0,1000,100,0,0,0,1,0x008D6C61,Soapstone,0x00936B6B,A smooth stone high in talc.\nCommonly used to manufacture\ncosmetics. ~C05(Account Item)
6633,4,5,99,12,8,0,100,10,0,0,0,1,0x008D6C6B,Special Mushroom,0x00936BC3,"Extremely tough, it can only\nbe eaten when prepared by a\nspecialist. ~C05(Account Item)"
6634,4,5,10,15,4,0,250,25,0,0,0,1,0x008D6C7C,Mystic Halobloom,0x00936C1B,A miraculous flower found\non Shakalakas. Incredibly\nhard to come by.
6635,4,5,99,9,8,0,1300,130,0,0,0,1,0x008D6C8D,Wyvern Prismtear,0x00936C60,An extremely precious tear\nonly wept by certain flying\nwyverns. ~C05(Account Item)
6636,4,5,99,8,10,0,1200,120,0,0,0,1,0x008D6C9E,Hard Dung,0x00936CB3,Dung used to mark territory.\nAlso a high-quality fuel.\n~C05(Account Item)
6637,4,5,99,9,0,0,1200,120,0,0,0,1,0x008D6CA8,Rare Large Pearl,0x00936CFD,A large pearl with a unique\ncolor. Prized as a gemstone.\n~C05(Account Item)
6638,4,5,10,26,7,0,0,0,0,0,0,0,0x008D6CB9,One-shot Binder,0x00936D49,Anti-monster ammo found on\nthe Exploration Vessel.\n~C05(Supply Item)
6639,3,4,99,0,0,0,0,0,0,2313,0,0,0x000DD79D,ダミー６６３９,0x0000276D,ダミー
6640,3,4,99,0,0,0,0,0,0,2314,0,0,0x000DD7AC,ダミー６６４０,0x0000276D,ダミー
6641,3,4,99,0,0,0,0,0,0,2315,0,0,0x000DD7BB,ダミー６６４１,0x0000276D,ダミー
6642,3,4,99,0,0,0,0,0,0,2316,0,0,0x000DD7CA,ダミー６６４２,0x0000276D,ダミー
6643,4,5,99,10,8,0,250,25,0,0,0,1,0x008D6CC9,Kut-Ku Primebone,0x00936D8E,A superior Kut-Ku bone.\nIt holds both power and\nrefined elegance.
6644,4,5,99,10,8,0,4000,400,0,0,0,1,0x008D6CDA,Sinister Beak,0x00936DD0,"A sinister Yian Kut-Ku beak.\nWhen struck, it produces an\nunsettling sound."
6645,4,5,99,9,8,0,16000,1600,0,0,0,1,0x008D6CE8,Kut-Ku Bewitcher,0x00936E1B,A bewitching Kut-Ku ear.\nIts texture is strikingly\nsmooth.
6646,4,5,99,52,1,0,270,27,0,0,0,1,0x008D6CF9,Herm Primeshell,0x00936E56,A superior Daimyo Hermitaur\nshell. It holds both power\nand refined elegance.
6647,4,5,99,52,1,0,4500,450,0,0,0,1,0x008D6D09,Herm Shieldclaw,0x00936EA3,A claw that specializes in\nfending off predators. As\nsturdy as a fortified wall.
6648,4,5,99,52,1,0,17000,1700,0,0,0,1,0x008D6D19,Hermitaur Feeler,0x00936EF4,A pair of Daimyo Hermitaur\nantennae. Known for their\ntoughness and flexibility.
6649,4,5,99,10,3,0,320,32,0,0,0,1,0x008D6D2A,Pokaradon Bone,0x00936F44,The bone of a Pokaradon.\nIts unique shape allows for\nsemi-aquatic life.
6650,4,5,99,31,3,0,330,33,0,0,0,1,0x008D6D39,Pokaradon Claw,0x00936F8C,"When the monster strikes its\nforelimbs, these metallic\nclaws resound with a clang."
6651,4,5,99,31,3,0,5000,500,0,0,0,1,0x008D6D48,Heroic Tusks,0x00936FDF,A pair of stout tusks used\nby the Pokaradon to defend\nits herd.
6652,4,5,99,9,3,0,20000,2000,0,0,0,1,0x008D6D55,Pokaradon Tear,0x0093701F,A crystal of ice formed\nupon a Pokaradon's demise.\nIt shall never melt.
6653,4,5,99,9,3,0,1000,100,0,0,0,1,0x008D6D64,Pokaradon Tail,0x00937067,The tail of a Pokaradon.\nIts fin allows it to swim\nthrough the waters.
6654,4,5,99,14,3,0,5250,525,0,0,0,1,0x008D6D73,Pokaradon Piel,0x009370AE,A thick Pokaradon pelt.\nAn indispensable part of\nits harsh arctic life.
6655,4,5,99,1,6,0,1000,100,0,0,0,1,0x008D6D82,Prime Gem,0x009370F6,A crystal formed inside a\nmonster's body. Used as a\ncrafting material.
6656,4,5,99,14,5,0,320,32,0,0,0,1,0x008D6D8C,Gyp Magnapelt,0x0093713D,Tempered Gypceros hide.\nA timeless material that\ndoes not weather with age.
6657,4,5,99,24,3,0,4900,490,0,0,0,1,0x008D6D9A,Sprint Extract,0x00937189,A gross-looking fluid used\nto provide the Gypceros with\nnearly limitless stamina.
6658,4,5,99,27,5,0,19000,1900,0,0,0,1,0x008D6DA9,Gypcero Pyroxene,0x009371DB,A rare crystal formed inside\nthe Gypceros's crest. Shines\nwith a blinding light.
6659,4,5,99,14,8,0,330,33,0,0,0,1,0x008D6DBA,Conga Magnapelt,0x0093722C,Tempered Congalala pelt.\nA timeless material that\ndoes not weather with age.
6660,4,5,99,14,8,0,4700,470,0,0,0,1,0x008D6DCA,Vivid Pelt,0x00937279,Vibrant Congalala hair.\nBeloved by hunters for its\nstriking beauty.
6661,4,5,99,31,8,0,18000,1800,0,0,0,1,0x008D6DD5,Conga Shredder,0x009372BD,"A Congalala claw. Despite\nthe countless scars, its\nedge remains razor sharp."
6662,4,5,99,31,2,0,350,35,0,0,0,1,0x008D6DE4,Falno Claw,0x0093730A,The claw of a Falnocatrice.\nBetter suited for dashing\nrather than catching prey.
6663,4,5,99,14,2,0,370,37,0,0,0,1,0x008D6DEF,Falno Drypelt,0x0093735B,"A vibrant Falnocatrice pelt.\nPerpetually dry, it readily\nproduces static electricity."
6664,4,5,99,23,2,0,5500,550,0,0,0,1,0x008D6DFD,Brilliant Quill,0x009373B1,A fluorescent tail feather.\nPrized as a decoration and\ncoveted by the ladies.
6665,4,5,99,9,2,0,22000,2200,0,0,0,1,0x008D6E0D,Falno Voltpelt,0x009373FF,A Falnocatrice pelt with\nan intense static charge.\nEmits a crackling noise.
6666,4,5,99,10,2,0,6000,600,0,0,0,1,0x008D6E1C,Falno Beak,0x0093744B,A resistive Falnocatrice\nbeak. Prized as a material\nfor thunder resistant armor.
6667,4,5,99,9,2,0,1200,120,0,0,0,1,0x008D6E27,Falno Tail,0x0093749C,A severed Falnocatrice tail.\nExceedingly rare and coveted\nby bird wyvern fanatics.
6668,4,5,99,1,6,0,1100,110,0,0,0,1,0x008D6E32,Magnific Gem,0x009374EF,A crystal formed inside a\nmonster's body. Used as a\ncrafting material.
6669,4,5,99,9,10,0,340,34,0,0,0,1,0x008D6E3F,Basa Glosshell,0x00937536,A dazzling Basarios shell.\nIt seems almost too lovely\nto waste on equipment.
6670,4,5,99,9,10,0,4800,480,0,0,0,1,0x008D6E4E,Basarios Grndwng,0x00937583,A strong wing capable of\nlifting the Basarios's\ngiant body.
6671,4,5,99,9,10,0,19000,1900,0,0,0,1,0x008D6E5F,Basarios Head,0x009375BF,Head carved from a Basarios.\nIt weighs about as much as\na single Bulldrome.
6672,4,5,99,23,2,0,350,35,0,0,0,1,0x008D6E6D,Rath Glosscale,0x0093760B,A dazzling Rathian scale.\nIt seems almost too lovely\nto waste on equipment.
6673,4,5,99,9,2,0,5000,500,0,0,0,1,0x008D6E7C,Rathian Piercer,0x00937657,A helical spike found on\na Rathian's back and tail.\nExtremely toxic.
6674,4,5,99,23,2,0,20000,2000,0,0,0,1,0x008D6E8C,Rath Direplate,0x0093769C,An eerily glowing Rathian\nscale. Surrounded by an\nominous aura.
6675,4,5,99,52,3,0,360,36,0,0,0,1,0x008D6E9B,Ceana Glosshell,0x009376DC,A dazzling Ceanataur shell.\nIt seems almost too lovely\nto waste on equipment.
6676,4,5,99,52,3,0,5100,510,0,0,0,1,0x008D6EAB,Ceanataur Reaper,0x0093772A,A long Ceanataur pincer.\nUsed as a material for its\nstrength and sharpness.
6677,4,5,99,52,3,0,21000,2100,0,0,0,1,0x008D6EBC,Ceanataur Sickle,0x00937776,A claw evolved to rend prey.\nIts dull gleam strikes fear\ninto the beholder.
6678,4,5,99,14,7,0,380,38,0,0,0,1,0x008D6ECD,Hyujikiki Pelt,0x009377C2,The fur of a Hyujikiki. Its\nrazor sharp hairs help keep\npredators at bay.
6679,4,5,99,31,7,0,400,40,0,0,0,1,0x008D6EDC,Hyujikiki Fang,0x0093780C,"A small, sharp Hyujikiki\nfang. Used to tear prey\napart."
6680,4,5,99,9,7,0,6500,650,0,0,0,1,0x008D6EEB,Hyujikiki Spike,0x00937844,The largest and hardest\nquills shot by Hyujikiki\nare known as spikes.
6681,4,5,99,9,1,0,26000,2600,0,0,0,1,0x008D6EFB,Crimson Quill,0x0093788A,A quill turned red due to\nagitation. Named for the\ncolor of its tip.
6682,4,5,99,9,7,0,1400,140,0,0,0,1,0x008D6F09,Hyujikiki Tail,0x009378CF,A Hyujikiki tail. Its tip is\nmade up of numerous hardened\nhairs.
6683,4,5,99,31,7,0,6800,680,0,0,0,1,0x008D6F18,Hyujikiki Horn,0x00937910,A uniquely shaped horn from\na Hyujikiki. It won't budge\nunder half-hearted attacks.
6684,4,5,99,1,6,0,1200,120,0,0,0,1,0x008D6F27,Glossy Gem,0x00937964,A crystal formed inside a\nmonster's body. Used as a\ncrafting material.
6685,4,5,99,23,1,0,400,40,0,0,0,1,0x008D6F32,Rath Valorscale,0x009379AB,A fine Rathalos scale.\nBears the scars of many\nhard-fought battles.
6686,4,5,99,9,1,0,5400,540,0,0,0,1,0x008D6F42,Rathalos Myeloid,0x009379EF,Medulla found deep inside a\nRathalos. Extremely hard to\nextract.
6687,4,5,99,1,1,0,22500,2250,0,0,0,1,0x008D6F53,Rath Bloodgem,0x00937A30,A jewel formed inside of a\nRathalos. Its bright hue is\nreminiscent of fresh blood.
6688,4,5,99,14,0,0,380,38,0,0,0,1,0x008D6F61,Blan Valorpelt,0x00937A83,A fine Blangonga hide.\nBears the scars of many\nhard-fought battles.
6689,4,5,99,9,0,0,5200,520,0,0,0,1,0x008D6F70,Blan Tempertail,0x00937AC7,"A tempered Blangonga tail.\nSupple, and exceptionally\ncomfortable to the touch."
6690,4,5,99,9,0,0,21500,2150,0,0,0,1,0x008D6F80,Blan Longwhisker,0x00937B16,Its impressive length is a\ntestament to the years spent\nas the leader of the pack.
6691,4,5,99,31,10,0,1600,160,0,0,0,1,0x008D6F91,Blango Ironfang,0x00937B69,A tough Blangonga fang with\na feel similar to that of a\nfreezing cold metal.
6692,4,5,99,14,0,0,390,39,0,0,0,1,0x008D6FA1,Pearl Valorhide,0x00937BB6,A fine Khezu hide.\nBears the scars of many\nhard-fought battles.
6693,4,5,99,24,3,0,5300,530,0,0,0,1,0x008D6FB1,Pale Concentrate,0x00937BF6,A highly concentrated Pale\nExtract with a mysterious\naroma.
6694,4,5,99,14,3,0,22000,2200,0,0,0,1,0x008D6FC2,Pallid Hide,0x00937C32,A mysterious Khezu hide.\nIt glows a faint bluish\nwhite in the dark.
6695,3,4,99,0,0,0,0,0,0,0,0,0,0x008D6FCE,Gravios Exabone,0x0000276D,ダミー
6696,3,4,99,0,0,0,0,0,0,0,0,0,0x008D6FDE,Gravios Myeloid,0x0000276D,ダミー
6697,3,4,99,0,0,0,0,0,0,0,0,0,0x008D6FEE,Gravios Pleura,0x0000276D,ダミー
6698,4,5,99,14,10,0,420,42,0,0,0,1,0x008D6FFD,Midogaron Fur,0x00937C76,Jet-black Midogaron fur.\nBoasts exceptional heat\nresistance.
6699,4,5,99,31,10,0,440,44,0,0,0,1,0x008D700B,Midogaron Fang,0x00937CB3,A heated Midogaron fang.\nWhatever it bites is left\nwith a severe burn mark.
6700,4,5,99,9,10,0,7000,700,0,0,0,1,0x008D701A,Midogaron Tendon,0x00937CFF,"A strong, highly elastic\nMidogaron tendon. Used in\na variety of applications."
6701,4,5,99,31,1,0,29000,2900,0,0,0,1,0x008D702B,Mido Scorchclaw,0x00937D4D,A vermilion Midogaron claw.\nUsed to burn prey and delay\ntheir wounds from healing.
6702,4,5,99,9,10,0,7200,720,0,0,0,1,0x008D703B,Midogaron Mane,0x00937DA0,A mane burning with the\nMidogaron's fury. Handle\nwith extreme care.
6703,4,5,99,9,1,0,1600,160,0,0,0,1,0x008D704A,Midogaron Spike,0x00937DE4,A spike found on Midogaron's\nback. Used both for defense\nand offense.
6704,4,5,99,1,6,0,1300,130,0,0,0,1,0x008D705A,Valiant Gem,0x00937E2A,A crystal formed inside a\nmonster's body. Used as a\ncrafting material.
6705,3,4,99,0,0,0,0,0,0,0,0,0,0x008D7066,Espinas Aceshell,0x0000276D,ダミー
6706,3,4,99,0,0,0,0,0,0,0,0,0,0x008D7077,Espi Bladespike,0x0000276D,ダミー
6707,3,4,99,0,0,0,0,0,0,0,0,0,0x008D7087,Espi Darkshell,0x0000276D,ダミー
6708,3,4,99,0,0,0,0,0,0,0,0,0,0x008D7096,Lavasio Acescale,0x0000276D,ダミー
6709,3,4,99,0,0,0,0,0,0,0,0,0,0x008D70A7,Lavasio Acefang,0x0000276D,ダミー
6710,3,4,99,0,0,0,0,0,0,0,0,0,0x008D70B7,Lavasio Slagshl,0x0000276D,ダミー
6711,3,4,99,0,0,0,0,0,0,0,0,0,0x008D70C7,Paria Exahide,0x0000276D,ダミー
6712,3,4,99,0,0,0,0,0,0,0,0,0,0x008D70D5,Paria Stoutbone,0x0000276D,ダミー
6713,3,4,99,0,0,0,0,0,0,0,0,0,0x008D70E5,Pariapuria Mucus,0x0000276D,ダミー
6714,3,4,99,0,0,0,0,0,0,0,0,0,0x008D70F6,Tigrex Exascale,0x0000276D,ダミー
6715,3,4,99,0,0,0,0,0,0,0,0,0,0x008D7106,Tigrex Webbing,0x0000276D,ダミー
6716,3,4,99,0,0,0,0,0,0,0,0,0,0x008D7115,Tigrex Honefang,0x0000276D,ダミー
6717,3,4,99,0,0,0,0,0,0,0,0,0,0x008D7125,Giaorg Scale,0x0000276D,ダミー
6718,3,4,99,0,0,0,0,0,0,0,0,0,0x008D7132,Giaorg Hide,0x0000276D,ダミー
6719,3,4,99,0,0,0,0,0,0,0,0,0,0x008D713E,Giaorg Horn,0x0000276D,ダミー
6720,3,4,99,0,0,0,0,0,0,0,0,0,0x008D714A,Giao Frostblood,0x0000276D,ダミー
6721,3,4,99,0,0,0,0,0,0,0,0,0,0x008D715A,Giaorg Brutefang,0x0000276D,ダミー
6722,3,4,99,0,0,0,0,0,0,0,0,0,0x008D716B,Giaorg Tail,0x0000276D,ダミー
6723,3,4,99,0,0,0,0,0,0,0,0,0,0x008D7177,Exalted Gem,0x0000276D,ダミー
6724,3,4,99,0,0,0,0,0,0,0,0,0,0x008D7183,Rajang Acefang,0x0000276D,ダミー
6725,3,4,99,0,0,0,0,0,0,0,0,0,0x008D7192,Pure Gold Pelt,0x0000276D,ダミー
6726,3,4,99,0,0,0,0,0,0,0,0,0,0x008D71A1,Rajang Blood,0x0000276D,ダミー
6727,3,4,99,0,0,0,0,0,0,0,0,0,0x008D71AE,Rajang Acehorn,0x0000276D,ダミー
6728,3,4,99,0,0,0,0,0,0,0,0,0,0x008D71BD,Vashim Apexcryst,0x0000276D,ダミー
6729,3,4,99,0,0,0,0,0,0,0,0,0,0x008D71CE,Vashim Pincer,0x0000276D,ダミー
6730,3,4,99,0,0,0,0,0,0,0,0,0,0x008D71DC,Vashim Essence,0x0000276D,ダミー
6731,3,4,99,0,0,0,0,0,0,0,0,0,0x008D71EB,Vashim Apextail,0x0000276D,ダミー
6732,3,4,99,0,0,0,0,0,0,0,0,0,0x008D71FB,Garuga Apexshell,0x0000276D,ダミー
6733,3,4,99,0,0,0,0,0,0,0,0,0,0x008D720C,Garuga Greatwing,0x0000276D,ダミー
6734,3,4,99,0,0,0,0,0,0,0,0,0,0x008D721D,Garuga Talon,0x0000276D,ダミー
6735,3,4,99,0,0,0,0,0,0,0,0,0,0x008D722A,Grenze Apexshell,0x0000276D,ダミー
6736,3,4,99,0,0,0,0,0,0,0,0,0,0x008D723B,Grenze Furyhorn,0x0000276D,ダミー
6737,3,4,99,0,0,0,0,0,0,0,0,0,0x008D724B,Gren Tempertail,0x0000276D,ダミー
6738,3,4,99,0,0,0,0,0,0,0,0,0,0x008D725B,Grenze Grndspike,0x0000276D,ダミー
6739,3,4,99,0,0,0,0,0,0,0,0,0,0x008D726C,Dura Apexscale,0x0000276D,ダミー
6740,3,4,99,0,0,0,0,0,0,0,0,0,0x008D727B,Dura Frigidshell,0x0000276D,ダミー
6741,3,4,99,0,0,0,0,0,0,0,0,0,0x008D728C,Dura Glacespike,0x0000276D,ダミー
6742,3,4,99,0,0,0,0,0,0,0,0,0,0x008D729C,Anorpatis Fang,0x0000276D,ダミー
6743,3,4,99,0,0,0,0,0,0,0,0,0,0x008D72AB,Anorpatis Shell,0x0000276D,ダミー
6744,3,4,99,0,0,0,0,0,0,0,0,0,0x008D72BB,Anor Sawhorn,0x0000276D,ダミー
6745,3,4,99,0,0,0,0,0,0,0,0,0,0x008D72C8,Anorpatis Glare,0x0000276D,ダミー
6746,3,4,99,0,0,0,0,0,0,0,0,0,0x008D72D8,Anorpatis Tail,0x0000276D,ダミー
6747,3,4,99,0,0,0,0,0,0,0,0,0,0x008D72E7,Anor Webbing,0x0000276D,ダミー
6748,3,4,99,0,0,0,0,0,0,0,0,0,0x008D72F4,Ace Gem,0x0000276D,ダミー
6749,4,5,99,35,1,0,350,35,0,0,0,1,0x008D72FC,Conflagrant Sac,0x00937E71,A monster organ filled with\na highly explosive powder.\nExtremely dangerous!
6750,4,5,99,35,3,0,350,35,0,0,0,1,0x008D730C,Foaming Sac,0x00937EBD,A monster organ designed to\nhold and preserve tremendous\namounts of water.
6751,4,5,99,35,4,0,350,35,0,0,0,1,0x008D7318,Lightning Sac,0x00937F08,A monster organ that can\nstore electricity as strong\nas lightning.
6752,4,5,99,35,0,0,350,35,0,0,0,1,0x008D7326,Cryo Sac,0x00937F4B,A monster organ that has\nfierce freezing properties.\nHandle with extreme care.
6753,4,5,99,35,5,0,350,35,0,0,0,1,0x008D732F,Noxious Sac,0x00937F9A,A monster's internal organ\nfilled with a most lethal\ntoxin. Use extreme care!
6754,4,5,99,35,4,0,350,35,0,0,0,1,0x008D733B,Ultraplegia Sac,0x00937FE8,A monster organ filled with\nhighly concentrated toxins.\nHandle with extreme care.
6755,4,5,99,35,6,0,350,35,0,0,0,1,0x008D734B,Torpor Sac,0x0093803A,A monster organ that can\nsubdue rampaging monsters\nin the blink of an eye.
6756,4,5,99,9,2,0,1200,120,0,0,0,1,0x008D7356,Wyvern Tail,0x00938085,"The tail of a flying wyvern.\nSupple, used to craft many\ndifferent types of gear."
6757,4,5,99,9,2,0,1200,120,0,0,0,1,0x008D7362,Wyvern Wing,0x009380D6,"The wing of a flying wyvern.\nSupple, used to craft many\ndifferent types of gear."
6758,3,4,99,0,0,0,0,0,0,0,0,0,0x008D736E,Wyvern Tail+,0x0000276D,ダミー
6759,3,4,99,0,0,0,0,0,0,0,0,0,0x008D737B,Wyvern Wing+,0x0000276D,ダミー
6760,3,4,99,0,0,0,0,0,0,0,0,0,0x008D7388,??? Shard,0x0000276D,ダミー
6761,3,4,99,0,0,0,0,0,0,0,0,0,0x008D7392,??? Cortex,0x0000276D,ダミー
6762,3,4,99,0,0,0,0,0,0,0,0,0,0x008D739D,??? Crystal,0x0000276D,ダミー
6763,3,4,99,0,0,0,0,0,0,0,0,0,0x008D73A9,??? Blood,0x0000276D,ダミー
6764,3,4,99,0,0,0,0,0,0,0,0,0,0x008D73B3,??? Hardhorn,0x0000276D,ダミー
6765,3,4,99,0,0,0,0,0,0,0,0,0,0x008D73C0,??? Surspike,0x0000276D,ダミー
6766,3,4,99,0,0,0,0,0,0,0,0,0,0x008D73CD,Levidiora Scale,0x0000276D,ダミー
6767,3,4,99,0,0,0,0,0,0,0,0,0,0x008D73DD,Levidiora Shell,0x0000276D,ダミー
6768,3,4,99,0,0,0,0,0,0,0,0,0,0x008D73ED,Levidiora Weave,0x0000276D,ダミー
6769,3,4,99,0,0,0,0,0,0,0,0,0,0x008D73FD,Electromagnetite,0x0000276D,ダミー
6770,3,4,99,0,0,0,0,0,0,0,0,0,0x008D740E,Levidiora Horn,0x0000276D,ダミー
6771,3,4,99,0,0,0,0,0,0,0,0,0,0x008D741D,Levidiora Tail,0x0000276D,ダミー
6772,3,4,99,0,0,0,0,0,0,0,0,0,0x008D742C,Levidiora Wing,0x0000276D,ダミー
6773,3,4,99,0,0,0,0,0,0,0,0,0,0x008D743B,Shantien Scale,0x0000276D,ダミー
6774,3,4,99,0,0,0,0,0,0,0,0,0,0x008D744A,Shantien Shell,0x0000276D,ダミー
6775,3,4,99,0,0,0,0,0,0,0,0,0,0x008D7459,Shantien Soulfur,0x0000276D,ダミー
6776,3,4,99,0,0,0,0,0,0,0,0,0,0x008D746A,Shantien Jadeite,0x0000276D,ダミー
6777,3,4,99,0,0,0,0,0,0,0,0,0,0x008D747B,Shantien Horn,0x0000276D,ダミー
6778,3,4,99,0,0,0,0,0,0,0,0,0,0x008D7489,Shantien Wing,0x0000276D,ダミー
6779,3,4,99,0,0,0,0,0,0,0,0,0,0x008D7497,Shantien Claw,0x0000276D,ダミー
6780,3,4,99,0,0,0,0,0,0,0,0,0,0x008D74A5,Vors Firescale,0x0000276D,ダミー
6781,3,4,99,0,0,0,0,0,0,0,0,0,0x008D74B4,Vors Rimescale,0x0000276D,ダミー
6782,3,4,99,0,0,0,0,0,0,0,0,0,0x008D74C3,Vors Fireclaw,0x0000276D,ダミー
6783,3,4,99,0,0,0,0,0,0,0,0,0,0x008D74D1,Vors Rimehorn,0x0000276D,ダミー
6784,3,4,99,0,0,0,0,0,0,0,0,0,0x008D74DF,Antinomic Gem,0x0000276D,ダミー
6785,3,4,99,0,0,0,0,0,0,0,0,0,0x008D74ED,Vorsphyroa Wing,0x0000276D,ダミー
6786,3,4,99,0,0,0,0,0,0,0,0,0,0x008D74FD,Vorsphyroa Tail,0x0000276D,ダミー
6787,3,4,99,0,0,0,0,0,0,0,0,0,0x000DDE0D,ダミー6787,0x0000276D,ダミー
6788,3,4,99,0,0,0,0,0,0,0,0,0,0x000DDE18,ダミー6788,0x0000276D,ダミー
6789,3,4,99,0,0,0,0,0,0,0,0,0,0x000DDE23,ダミー6789,0x0000276D,ダミー
6790,3,4,99,0,0,0,0,0,0,0,0,0,0x000DDE2E,ダミー6790,0x0000276D,ダミー
6791,3,4,99,0,0,0,0,0,0,0,0,0,0x000DDE39,ダミー6791,0x0000276D,ダミー
6792,3,4,99,0,0,0,0,0,0,0,0,0,0x000DDE44,ダミー6792,0x0000276D,ダミー
6793,4,5,99,10,4,0,70,7,0,0,0,1,0x008D750D,Monster Rarebone,0x00938127,"A fully grown wyvern bone.\nThick, sturdy, and versatile\nin its applications."
6794,4,5,99,3,0,0,70,7,0,0,0,1,0x008D751E,Marbled Steak,0x00938174,A prime cut of monster meat.\nSought after by chefs far\nand wide.
6795,4,5,99,14,0,0,70,7,0,0,0,1,0x008D752C,Lovely Pelt,0x009381B5,A spotless herbivore pelt.\nIt is prized for more than\njust clothing.
6796,4,5,99,9,0,0,70,7,0,0,0,1,0x008D7538,VividHerbvrShell,0x009381FA,"A brilliant herbivore shell. \nThough meant for protection,\nit boasts striking colors."
6797,4,5,99,10,0,0,120,12,0,0,0,1,0x008D7549,Beast Rarebone,0x00938250,"A highly developed fanged\nbeast bone. Thick, sturdy,\nand versatile."
6798,4,5,99,14,7,0,120,12,0,0,0,1,0x008D7558,Bristly Fur,0x00938294,Fur carved off of a raging\nfanged beast. Its hairs are\nhard and sharp like needles.
6799,4,5,99,24,1,0,120,12,0,0,0,1,0x008D7564,Beast Wildblood,0x009382E8,"The blood of a fierce fanged\nbeast. Dark red in color, it\nexudes a beastly aroma."
6800,4,5,99,14,2,0,120,12,0,0,0,1,0x008D7574,ThickWyvernSkin,0x0093833A,The hide of a flying wyvern.\nGrown thicker and stronger\nover time.
6801,4,5,99,9,2,0,120,12,0,0,0,1,0x008D7584,F.Wyvern Arm,0x0093837D,The arm of a flying wyvern.\nIts strong build allows for\nintense movements.
6802,4,5,99,9,2,0,120,12,0,0,0,1,0x008D7591,F.Wyvern Tongue,0x009383C8,A flying wyvern tongue.\nBoasts excellent elasticity.
6803,4,5,99,9,6,0,140,14,0,0,0,1,0x008D75A1,P.Wyv Primefin,0x009383FD,A top-quality piscine fin.\nDistinguished by its larger-\nthan-average size.
6804,4,5,99,31,6,0,140,14,0,0,0,1,0x008D75B0,P.Wyv Primefang,0x00938448,A top-quality piscine fin.\nDistinguished by its larger-\nthan-average size.
6805,4,5,99,23,6,0,140,14,0,0,0,1,0x008D75C0,P.Wyv Primescale,0x00938493,A top-quality piscine scale.\nDistinguished by its larger-\nthan-average size.
6806,4,5,99,20,10,0,160,16,0,0,0,1,0x008D75D1,Nptrn Bladeshell,0x009384E0,A neopteron exoskeleton.\nShaped like a blade to fend\noff outside threats.
6807,4,5,99,20,10,0,160,16,0,0,0,1,0x008D75E2,Nptrn Toxspike,0x0093852A,A large neopteron stinger.\nContains a potent paralytic\nneurotoxin.
6808,4,5,99,24,3,0,250,25,0,0,0,1,0x008D75F1,Neopteron Balm,0x0093856D,A sticky body fluid found\ninside neopterons. Emanates\na sweet aroma.
6809,4,5,99,35,4,0,160,16,0,0,0,1,0x008D7600,Top Secret Stash,0x009385B2,"A pouch carried by lynians.\nMostly junk, but sometimes,\nsomething incredible..."
6810,4,5,99,1,4,0,160,16,0,0,0,1,0x008D7611,Clean Junk,0x00938602,A piece of junk beloved by\nlynians. Carefully polished\nto perfection.
6811,4,5,99,35,4,0,160,16,0,0,0,1,0x008D761C,Lynian Gunpowder,0x00938648,Highly volatile gunpowder\nproduced by lynians. Take\nextreme care when handling.
6812,4,5,99,31,8,0,120,12,0,0,0,1,0x008D762D,Jagged Fang,0x00938698,A finely notched fang. Used\nto effortlessly tear through\nthe flesh of its prey.
6813,4,5,99,23,8,0,120,12,0,0,0,1,0x008D7639,Rough Scale,0x009386E8,"A damaged bird wyvern scale.\nDespite the claw marks, it\nhas retained its strength."
6814,4,5,99,31,8,0,120,12,0,0,0,1,0x008D7645,Thin Avian Talon,0x0093873B,"A long, slender bird wyvern\nclaw. Commonly used to craft\nfine accessories."
6815,4,5,99,52,3,0,120,12,0,0,0,1,0x008D7656,Sm Cpceon Leg,0x00938786,"The leg of a carapaceon.\nWhile small, it's quite\nhard and difficult to cut."
6816,4,5,99,23,1,0,120,12,0,0,0,1,0x008D7664,Red Pearl,0x009387D2,A glowing red pearl valued\nboth as a jewel and as a\ncrafting material.
6817,4,5,99,52,3,0,120,12,0,0,0,1,0x008D766E,Tough Shell,0x00938819,A robust dorsal carapace.\nIts pattern differs from\nindividual to individual.
6818,4,5,99,31,3,0,120,12,0,0,0,1,0x008D767A,Pokara Fang,0x00938866,The fang of a Pokara.\nShaped to feed on fish\nand crustaceans.
6819,4,5,99,14,3,0,120,12,0,0,0,1,0x008D7686,Pokara Hide,0x009388A4,"A highly heat retentive,\nwater-resistant Pokara hide.\nPerfect for the Polar Sea."
6820,4,5,99,9,3,0,120,12,0,0,0,1,0x008D7692,Pokara Blubber,0x009388F5,The fat of a Pokara. Used\nto make candles and various\nother items.
6821,4,5,99,20,10,0,530,53,0,0,0,0,0x008D76A1,Pepperbug,0x00938938,A small bug used to impart a\ndeep flavor. Its uses vary\ndepending on the color.
6822,4,5,99,5,0,0,480,48,0,0,0,0,0x008D76AB,Fatty Blowfish,0x00938988,"A fish low in meat, but rich\nin exquisite fat. Completely\nnon-toxic and safe to eat."
6823,4,5,99,20,7,0,420,42,0,0,0,0,0x008D76BA,Scythe Mantis,0x009389DD,A mantis with scissor-like\npincers. It is valued for\nits highly fragrant broth.
6824,4,5,99,24,0,0,630,63,0,0,0,0,0x008D76C8,Mushroom Booze,0x00938A2D,A top-quality liquor made\nfrom meticulously selected\nChoice Mushrooms.
6825,4,5,99,18,0,0,550,55,0,0,0,0,0x008D76D7,Fist Rice,0x00938A74,Its grains grow as big as an\nadult's fist. Tricky to cook\nbut extremely nutritious.
6826,4,5,99,25,0,0,800,80,0,0,0,0,0x008D76E1,Round Egg,0x00938AC8,A spherical egg rarely found\non the beach. It evokes the\ngrandeur of the sea.
6827,4,5,99,25,5,0,730,73,0,0,0,0,0x008D76EB,Gyre Cucumber,0x00938B16,"When salted, its ovary makes\nfor an exceptional delicacy.\nA favorite among nobles."
6828,4,5,99,24,7,0,1620,162,0,0,0,0,0x008D76F9,Golden Extract,0x00938B69,Golden-hued broth made with\na variety of meats. Brings\ndepth to any dish.
6829,4,5,99,24,4,0,1940,194,0,0,0,0,0x008D7708,Predator Honey,0x00938BB3,Honey gathered exclusively\nfor the queen by carnivorous\nbees. A powerful delicacy.
6830,4,5,10,33,0,0,200,20,0,0,0,1,0x008D7717,Dazzling Shard,0x00938C06,"A mysterious, glimmering\nshard carried by insects.\nIt feels strangely slimy."
6831,3,4,99,0,0,0,0,0,0,0,0,0,0x008D7726,GW Ticket,0x0000276D,ダミー
6832,3,4,99,0,0,0,0,0,0,0,0,0,0x008D7730,GW Deco Voucher,0x0000276D,ダミー
6833,3,4,99,0,0,0,0,0,0,0,0,0,0x008D7740,GW Lottery Ticket,0x0000276D,ダミー
6834,3,4,99,0,0,0,0,0,0,0,0,0,0x008D7752,Silver Jewel,0x0000276D,ダミー
6835,3,4,99,0,0,0,0,0,0,0,0,0,0x008D775F,Dark Green Jewel,0x0000276D,ダミー
6836,3,4,99,0,0,0,0,0,0,0,0,0,0x008D7770,Azure Jewel,0x0000276D,ダミー
6837,3,4,99,0,0,0,0,0,0,2317,0,0,0x000DE07B,ダミー６８３７,0x0000276D,ダミー
6838,3,4,99,0,0,0,0,0,0,2318,0,0,0x000DE08A,ダミー６８３８,0x0000276D,ダミー
6839,3,4,99,0,0,0,0,0,0,2319,0,0,0x000DE099,ダミー６８３９,0x0000276D,ダミー
6840,3,4,99,0,0,0,0,0,0,2320,0,0,0x000DE0A8,ダミー６８４０,0x0000276D,ダミー
6841,3,4,99,0,0,0,0,0,0,2321,0,0,0x000DE0B7,ダミー６８４１,0x0000276D,ダミー
6842,3,4,99,0,0,0,0,0,0,2322,0,0,0x000DE0C6,ダミー６８４２,0x0000276D,ダミー
6843,3,4,99,0,0,0,0,0,0,2323,0,0,0x000DE0D5,ダミー６８４３,0x0000276D,ダミー
6844,3,4,99,0,0,0,0,0,0,2324,0,0,0x000DE0E4,ダミー６８４４,0x0000276D,ダミー
6845,3,4,99,0,0,0,0,0,0,2325,0,0,0x000DE0F3,ダミー６８４５,0x0000276D,ダミー
6846,3,4,99,0,0,0,0,0,0,2326,0,0,0x000DE102,ダミー６８４６,0x0000276D,ダミー
6847,3,4,99,0,0,0,0,0,0,2327,0,0,0x000DE111,ダミー６８４７,0x0000276D,ダミー
6848,3,4,99,0,0,0,0,0,0,2328,0,0,0x000DE120,ダミー６８４８,0x0000276D,ダミー
6849,3,4,99,0,0,0,0,0,0,2329,0,0,0x000DE12F,ダミー６８４９,0x0000276D,ダミー
6850,3,4,99,0,0,0,0,0,0,2330,0,0,0x000DE13E,ダミー６８５０,0x0000276D,ダミー
6851,3,4,99,0,0,0,0,0,0,2331,0,0,0x000DE14D,ダミー６８５１,0x0000276D,ダミー
6852,3,4,99,0,0,0,0,0,0,2332,0,0,0x000DE15C,ダミー６８５２,0x0000276D,ダミー
6853,3,4,99,0,0,0,0,0,0,2333,0,0,0x000DE16B,ダミー６８５３,0x0000276D,ダミー
6854,3,4,99,0,0,0,0,0,0,2334,0,0,0x000DE17A,ダミー６８５４,0x0000276D,ダミー
6855,3,4,99,0,0,0,0,0,0,2335,0,0,0x000DE189,ダミー６８５５,0x0000276D,ダミー
6856,3,4,99,0,0,0,0,0,0,2336,0,0,0x000DE198,ダミー６８５６,0x0000276D,ダミー
6857,3,4,99,0,0,0,0,0,0,2337,0,0,0x000DE1A7,ダミー６８５７,0x0000276D,ダミー
6858,3,4,99,0,0,0,0,0,0,2338,0,0,0x000DE1B6,ダミー６８５８,0x0000276D,ダミー
6859,3,4,99,0,0,0,0,0,0,2339,0,0,0x000DE1C5,ダミー６８５９,0x0000276D,ダミー
6860,3,4,99,0,0,0,0,0,0,2340,0,0,0x000DE1D4,ダミー６８６０,0x0000276D,ダミー
6861,3,4,99,0,0,0,0,0,0,2341,0,0,0x000DE1E3,ダミー６８６１,0x0000276D,ダミー
6862,3,4,99,0,0,0,0,0,0,2342,0,0,0x000DE1F2,ダミー６８６２,0x0000276D,ダミー
6863,3,4,99,0,0,0,0,0,0,2343,0,0,0x000DE201,ダミー６８６３,0x0000276D,ダミー
6864,3,4,99,0,0,0,0,0,0,2344,0,0,0x000DE210,ダミー６８６４,0x0000276D,ダミー
6865,3,4,99,0,0,0,0,0,0,2345,0,0,0x000DE21F,ダミー６８６５,0x0000276D,ダミー
6866,3,4,99,0,0,0,0,0,0,2346,0,0,0x000DE22E,ダミー６８６６,0x0000276D,ダミー
6867,3,4,99,0,0,0,0,0,0,2347,0,0,0x000DE23D,ダミー６８６７,0x0000276D,ダミー
6868,3,4,99,0,0,0,0,0,0,2348,0,0,0x000DE24C,ダミー６８６８,0x0000276D,ダミー
6869,3,4,99,0,0,0,0,0,0,2349,0,0,0x000DE25B,ダミー６８６９,0x0000276D,ダミー
6870,3,4,99,0,0,0,0,0,0,2350,0,0,0x000DE26A,ダミー６８７０,0x0000276D,ダミー
6871,3,4,99,0,0,0,0,0,0,2351,0,0,0x000DE279,ダミー６８７１,0x0000276D,ダミー
6872,3,4,99,0,0,0,0,0,0,2352,0,0,0x000DE288,ダミー６８７２,0x0000276D,ダミー
6873,3,4,99,0,0,0,0,0,0,2353,0,0,0x000DE297,ダミー６８７３,0x0000276D,ダミー
6874,3,4,99,0,0,0,0,0,0,2354,0,0,0x000DE2A6,ダミー６８７４,0x0000276D,ダミー
6875,3,4,99,0,0,0,0,0,0,2355,0,0,0x000DE2B5,ダミー６８７５,0x0000276D,ダミー
6876,3,4,99,0,0,0,0,0,0,2356,0,0,0x000DE2C4,ダミー６８７６,0x0000276D,ダミー
6877,3,4,99,0,0,0,0,0,0,2357,0,0,0x000DE2D3,ダミー６８７７,0x0000276D,ダミー
6878,3,4,99,0,0,0,0,0,0,2358,0,0,0x000DE2E2,ダミー６８７８,0x0000276D,ダミー
6879,3,4,99,0,0,0,0,0,0,2359,0,0,0x000DE2F1,ダミー６８７９,0x0000276D,ダミー
6880,3,4,99,0,0,0,0,0,0,2360,0,0,0x000DE300,ダミー６８８０,0x0000276D,ダミー
6881,3,4,99,0,0,0,0,0,0,2361,0,0,0x000DE30F,ダミー６８８１,0x0000276D,ダミー
6882,3,4,99,0,0,0,0,0,0,2362,0,0,0x000DE31E,ダミー６８８２,0x0000276D,ダミー
6883,3,4,99,0,0,0,0,0,0,2363,0,0,0x000DE32D,ダミー６８８３,0x0000276D,ダミー
6884,3,4,99,0,0,0,0,0,0,2364,0,0,0x000DE33C,ダミー６８８４,0x0000276D,ダミー
6885,3,4,99,0,0,0,0,0,0,2365,0,0,0x000DE34B,ダミー６８８５,0x0000276D,ダミー
6886,3,4,99,0,0,0,0,0,0,2366,0,0,0x000DE35A,ダミー６８８６,0x0000276D,ダミー
6887,3,4,99,0,0,0,0,0,0,2367,0,0,0x000DE369,ダミー６８８７,0x0000276D,ダミー
6888,3,4,99,0,0,0,0,0,0,2368,0,0,0x000DE378,ダミー６８８８,0x0000276D,ダミー
6889,3,4,99,0,0,0,0,0,0,2369,0,0,0x000DE387,ダミー６８８９,0x0000276D,ダミー
6890,3,4,99,0,0,0,0,0,0,2370,0,0,0x000DE396,ダミー６８９０,0x0000276D,ダミー
6891,3,4,99,0,0,0,0,0,0,2371,0,0,0x000DE3A5,ダミー６８９１,0x0000276D,ダミー
6892,6,7,99,43,3,0,0,0,7,2372,0,0,0x008D777C,Hope B G,0x00938C53,A Decoration created by\nrefining G Rank armor.
6893,6,7,99,43,3,0,0,0,7,2373,0,0,0x008D7785,Hope B GF,0x00938C82,A Decoration created by\nrefining G Rank armor.
6894,6,7,99,43,3,0,0,0,7,2374,0,0,0x008D778F,Hope G G,0x00938CB1,A Decoration created by\nrefining G Rank armor.
6895,6,7,99,43,3,0,0,0,7,2375,0,0,0x008D7798,Hope G GF,0x00938CE0,A Decoration created by\nrefining G Rank armor.
6896,6,7,99,43,10,0,0,0,7,2376,0,0,0x008D77A2,Pietra B G,0x00938D0F,A Decoration created by\nrefining G Rank armor.
6897,6,7,99,43,10,0,0,0,7,2377,0,0,0x008D77AD,Pietra B GF,0x00938D3E,A Decoration created by\nrefining G Rank armor.
6898,6,7,99,43,10,0,0,0,7,2378,0,0,0x008D77B9,Pietra G G,0x00938D6D,A Decoration created by\nrefining G Rank armor.
6899,6,7,99,43,10,0,0,0,7,2379,0,0,0x008D77C4,Pietra G GF,0x00938D9C,A Decoration created by\nrefining G Rank armor.
6900,6,7,99,43,8,0,0,0,7,2380,0,0,0x008D77D0,Kut-Ku B G,0x00938DCB,A Decoration created by\nrefining G Rank armor.
6901,6,7,99,43,8,0,0,0,7,2381,0,0,0x008D77DB,Kut-Ku B GF,0x00938DFA,A Decoration created by\nrefining G Rank armor.
6902,6,7,99,43,8,0,0,0,7,2382,0,0,0x008D77E7,Kut-Ku G G,0x00938E29,A Decoration created by\nrefining G Rank armor.
6903,6,7,99,43,8,0,0,0,7,2383,0,0,0x008D77F2,Kut-Ku G GF,0x00938E58,A Decoration created by\nrefining G Rank armor.
6904,6,7,99,43,8,0,0,0,7,2384,0,0,0x008D77FE,Hermitaur B G,0x00938E87,A Decoration created by\nrefining G Rank armor.
6905,6,7,99,43,8,0,0,0,7,2385,0,0,0x008D780C,Hermitaur B GF,0x00938EB6,A Decoration created by\nrefining G Rank armor.
6906,6,7,99,43,8,0,0,0,7,2386,0,0,0x008D781B,Hermitaur G G,0x00938EE5,A Decoration created by\nrefining G Rank armor.
6907,6,7,99,43,8,0,0,0,7,2387,0,0,0x008D7829,Hermitaur G GF,0x00938F14,A Decoration created by\nrefining G Rank armor.
6908,6,7,99,43,10,0,0,0,7,2388,0,0,0x008D7838,Pokara B G,0x00938F43,A Decoration created by\nrefining G Rank armor.
6909,6,7,99,43,10,0,0,0,7,2389,0,0,0x008D7843,Pokara B GF,0x00938F72,A Decoration created by\nrefining G Rank armor.
6910,6,7,99,43,10,0,0,0,7,2390,0,0,0x008D784F,Pokara G G,0x00938FA1,A Decoration created by\nrefining G Rank armor.
6911,6,7,99,43,10,0,0,0,7,2391,0,0,0x008D785A,Pokara G GF,0x00938FD0,A Decoration created by\nrefining G Rank armor.
6912,6,7,99,43,8,0,0,0,7,2392,0,0,0x008D7866,Conga B G,0x00938FFF,A Decoration created by\nrefining G Rank armor.
6913,6,7,99,43,8,0,0,0,7,2393,0,0,0x008D7870,Conga B GF,0x0093902E,A Decoration created by\nrefining G Rank armor.
6914,6,7,99,43,8,0,0,0,7,2394,0,0,0x008D787B,Conga G G,0x0093905D,A Decoration created by\nrefining G Rank armor.
6915,6,7,99,43,8,0,0,0,7,2395,0,0,0x008D7885,Conga G GF,0x0093908C,A Decoration created by\nrefining G Rank armor.
6916,6,7,99,43,10,0,0,0,7,2396,0,0,0x008D7890,Gypceros B G,0x009390BB,A Decoration created by\nrefining G Rank armor.
6917,6,7,99,43,10,0,0,0,7,2397,0,0,0x008D789D,Gypceros B GF,0x009390EA,A Decoration created by\nrefining G Rank armor.
6918,6,7,99,43,10,0,0,0,7,2398,0,0,0x008D78AB,Gypceros G G,0x00939119,A Decoration created by\nrefining G Rank armor.
6919,6,7,99,43,10,0,0,0,7,2399,0,0,0x008D78B8,Gypceros G GF,0x00939148,A Decoration created by\nrefining G Rank armor.
6920,6,7,99,43,4,0,0,0,7,2400,0,0,0x008D78C6,Falno B G,0x00939177,A Decoration created by\nrefining G Rank armor.
6921,6,7,99,43,4,0,0,0,7,2401,0,0,0x008D78D0,Falno B GF,0x009391A6,A Decoration created by\nrefining G Rank armor.
6922,6,7,99,43,4,0,0,0,7,2402,0,0,0x008D78DB,Falno G G,0x009391D5,A Decoration created by\nrefining G Rank armor.
6923,6,7,99,43,4,0,0,0,7,2403,0,0,0x008D78E5,Falno G GF,0x00939204,A Decoration created by\nrefining G Rank armor.
6924,6,7,99,43,10,0,0,0,7,2404,0,0,0x008D78F0,Basarios B G,0x00939233,A Decoration created by\nrefining G Rank armor.
6925,6,7,99,43,10,0,0,0,7,2405,0,0,0x008D78FD,Basarios B GF,0x00939262,A Decoration created by\nrefining G Rank armor.
6926,6,7,99,43,10,0,0,0,7,2406,0,0,0x008D790B,Basarios G G,0x00939291,A Decoration created by\nrefining G Rank armor.
6927,6,7,99,43,10,0,0,0,7,2407,0,0,0x008D7918,Basarios G GF,0x009392C0,A Decoration created by\nrefining G Rank armor.
6928,6,7,99,43,2,0,0,0,7,2408,0,0,0x008D7926,Rathian B G,0x009392EF,A Decoration created by\nrefining G Rank armor.
6929,6,7,99,43,2,0,0,0,7,2409,0,0,0x008D7932,Rathian B GF,0x0093931E,A Decoration created by\nrefining G Rank armor.
6930,6,7,99,43,2,0,0,0,7,2410,0,0,0x008D793F,Rathian G G,0x0093934D,A Decoration created by\nrefining G Rank armor.
6931,6,7,99,43,2,0,0,0,7,2411,0,0,0x008D794B,Rathian G GF,0x0093937C,A Decoration created by\nrefining G Rank armor.
6932,6,7,99,43,3,0,0,0,7,2412,0,0,0x008D7958,Ceanataur B G,0x009393AB,A Decoration created by\nrefining G Rank armor.
6933,6,7,99,43,3,0,0,0,7,2413,0,0,0x008D7966,Ceanataur B GF,0x009393DA,A Decoration created by\nrefining G Rank armor.
6934,6,7,99,43,3,0,0,0,7,2414,0,0,0x008D7975,Ceanataur G G,0x00939409,A Decoration created by\nrefining G Rank armor.
6935,6,7,99,43,3,0,0,0,7,2415,0,0,0x008D7983,Ceanataur G GF,0x00939438,A Decoration created by\nrefining G Rank armor.
6936,6,7,99,43,4,0,0,0,7,2416,0,0,0x008D7992,Hyujikiki B G,0x00939467,A Decoration created by\nrefining G Rank armor.
6937,6,7,99,43,4,0,0,0,7,2417,0,0,0x008D79A0,Hyujikiki B GF,0x00939496,A Decoration created by\nrefining G Rank armor.
6938,6,7,99,43,4,0,0,0,7,2418,0,0,0x008D79AF,Hyujikiki G G,0x009394C5,A Decoration created by\nrefining G Rank armor.
6939,6,7,99,43,4,0,0,0,7,2419,0,0,0x008D79BD,Hyujikiki G GF,0x009394F4,A Decoration created by\nrefining G Rank armor.
6940,6,7,99,43,0,0,0,0,7,2420,0,0,0x008D79CC,Blangonga B G,0x00939523,A Decoration created by\nrefining G Rank armor.
6941,6,7,99,43,0,0,0,0,7,2421,0,0,0x008D79DA,Blangonga B GF,0x00939552,A Decoration created by\nrefining G Rank armor.
6942,6,7,99,43,0,0,0,0,7,2422,0,0,0x008D79E9,Blangonga G G,0x00939581,A Decoration created by\nrefining G Rank armor.
6943,6,7,99,43,0,0,0,0,7,2423,0,0,0x008D79F7,Blangonga G GF,0x009395B0,A Decoration created by\nrefining G Rank armor.
6944,6,7,99,43,1,0,0,0,7,2424,0,0,0x008D7A06,Rathalos B G,0x009395DF,A Decoration created by\nrefining G Rank armor.
6945,6,7,99,43,1,0,0,0,7,2425,0,0,0x008D7A13,Rathalos B GF,0x0093960E,A Decoration created by\nrefining G Rank armor.
6946,6,7,99,43,1,0,0,0,7,2426,0,0,0x008D7A21,Rathalos G G,0x0093963D,A Decoration created by\nrefining G Rank armor.
6947,6,7,99,43,1,0,0,0,7,2427,0,0,0x008D7A2E,Rathalos G GF,0x0093966C,A Decoration created by\nrefining G Rank armor.
6948,6,7,99,43,0,0,0,0,7,2428,0,0,0x008D7A3C,Khezu B G,0x0093969B,A Decoration created by\nrefining G Rank armor.
6949,6,7,99,43,0,0,0,0,7,2429,0,0,0x008D7A46,Khezu B GF,0x009396CA,A Decoration created by\nrefining G Rank armor.
6950,6,7,99,43,0,0,0,0,7,2430,0,0,0x008D7A51,Khezu G G,0x009396F9,A Decoration created by\nrefining G Rank armor.
6951,6,7,99,43,0,0,0,0,7,2431,0,0,0x008D7A5B,Khezu G GF,0x00939728,A Decoration created by\nrefining G Rank armor.
6952,6,7,99,43,1,0,0,0,7,2432,0,0,0x008D7A66,Mikagura B G,0x00939757,A Decoration created by\nrefining G Rank armor.
6953,6,7,99,43,1,0,0,0,7,2433,0,0,0x008D7A73,Mikagura B GF,0x00939786,A Decoration created by\nrefining G Rank armor.
6954,6,7,99,43,1,0,0,0,7,2434,0,0,0x008D7A81,Satokagura G G,0x009397B5,A Decoration created by\nrefining G Rank armor.
6955,6,7,99,43,1,0,0,0,7,2435,0,0,0x008D7A90,Satokagura G GF,0x009397E4,A Decoration created by\nrefining G Rank armor.
6956,6,7,99,43,8,0,0,0,7,2436,0,0,0x008D7AA0,Roses B G,0x00939813,A Decoration created by\nrefining G Rank armor.
6957,6,7,99,43,8,0,0,0,7,2437,0,0,0x008D7AAA,Roses B GF,0x00939842,A Decoration created by\nrefining G Rank armor.
6958,6,7,99,43,8,0,0,0,7,2438,0,0,0x008D7AB5,Roses G G,0x00939871,A Decoration created by\nrefining G Rank armor.
6959,6,7,99,43,8,0,0,0,7,2439,0,0,0x008D7ABF,Roses G GF,0x009398A0,A Decoration created by\nrefining G Rank armor.
6960,3,4,99,0,0,0,0,0,0,2440,0,0,0x000DE79C,ダミー６９６０,0x0000276D,ダミー
6961,3,4,99,0,0,0,0,0,0,2441,0,0,0x000DE7AB,ダミー６９６１,0x0000276D,ダミー
6962,3,4,99,0,0,0,0,0,0,2442,0,0,0x000DE7BA,ダミー６９６２,0x0000276D,ダミー
6963,3,4,99,0,0,0,0,0,0,2443,0,0,0x000DE7C9,ダミー６９６３,0x0000276D,ダミー
6964,3,4,99,0,0,0,0,0,0,2444,0,0,0x000DE7D8,ダミー６９６４,0x0000276D,ダミー
6965,3,4,99,0,0,0,0,0,0,2445,0,0,0x000DE7E7,ダミー６９６５,0x0000276D,ダミー
6966,3,4,99,0,0,0,0,0,0,2446,0,0,0x000DE7F6,ダミー６９６６,0x0000276D,ダミー
6967,3,4,99,0,0,0,0,0,0,2447,0,0,0x000DE805,ダミー６９６７,0x0000276D,ダミー
6968,3,4,99,0,0,0,0,0,0,2448,0,0,0x000DE814,ダミー６９６８,0x0000276D,ダミー
6969,3,4,99,0,0,0,0,0,0,2449,0,0,0x000DE823,ダミー６９６９,0x0000276D,ダミー
6970,3,4,99,0,0,0,0,0,0,2450,0,0,0x000DE832,ダミー６９７０,0x0000276D,ダミー
6971,3,4,99,0,0,0,0,0,0,2451,0,0,0x000DE841,ダミー６９７１,0x0000276D,ダミー
6972,3,4,99,0,0,0,0,0,0,2452,0,0,0x000DE850,ダミー６９７２,0x0000276D,ダミー
6973,3,4,99,0,0,0,0,0,0,2453,0,0,0x000DE85F,ダミー６９７３,0x0000276D,ダミー
6974,3,4,99,0,0,0,0,0,0,2454,0,0,0x000DE86E,ダミー６９７４,0x0000276D,ダミー
6975,3,4,99,0,0,0,0,0,0,2455,0,0,0x000DE87D,ダミー６９７５,0x0000276D,ダミー
6976,3,4,99,0,0,0,0,0,0,2456,0,0,0x000DE88C,ダミー６９７６,0x0000276D,ダミー
6977,3,4,99,0,0,0,0,0,0,2457,0,0,0x000DE89B,ダミー６９７７,0x0000276D,ダミー
6978,3,4,99,0,0,0,0,0,0,2458,0,0,0x000DE8AA,ダミー６９７８,0x0000276D,ダミー
6979,3,4,99,0,0,0,0,0,0,2459,0,0,0x000DE8B9,ダミー６９７９,0x0000276D,ダミー
6980,3,4,99,0,0,0,0,0,0,2460,0,0,0x000DE8C8,ダミー６９８０,0x0000276D,ダミー
6981,3,4,99,0,0,0,0,0,0,2461,0,0,0x000DE8D7,ダミー６９８１,0x0000276D,ダミー
6982,3,4,99,0,0,0,0,0,0,2462,0,0,0x000DE8E6,ダミー６９８２,0x0000276D,ダミー
6983,3,4,99,0,0,0,0,0,0,2463,0,0,0x000DE8F5,ダミー６９８３,0x0000276D,ダミー
6984,4,5,99,37,7,0,0,0,0,0,0,0,0x008D7ACA,Sp. Exchange Tkt,0x009398CF,A special ticket that can\nbe exchanged for various\nitems at the Combinery.
6985,4,5,99,37,8,0,0,0,0,0,0,0,0x008D7ADB,G Upgrade Ticket,0x0093991A,A paper detailing how to\nupgrade certain weapons to\nG Rank level.
6986,4,5,3,80,8,0,2000,10,0,0,0,0,0x008D7AEC,Herbal Elixir,0x0093995C,A foul-smelling beverage.\nDrinking it decreases your\nHealth.
6987,4,5,99,23,8,0,260,26,0,0,0,1,0x008D7AFA,Kut-Ku Primescl,0x00939999,A superior Kut-Ku scale.\nIt holds both power and\nrefined elegance.
6988,4,5,99,52,1,0,280,28,0,0,0,1,0x008D7B0A,Herm Primeclaw,0x009399DC,A superior Daimyo Hermitaur\npincer. It holds both power\nand refined elegance.
6989,4,5,99,31,5,0,330,33,0,0,0,1,0x008D7B19,Gyp Magnaclaw,0x00939A2A,Tempered Gypceros claw.\nA timeless material that\ndoes not weather with age.
6990,4,5,99,31,8,0,340,34,0,0,0,1,0x008D7B27,Conga Magnaclaw,0x00939A76,Tempered Congalala claw.\nA timeless material that\ndoes not weather with age.
6991,4,5,99,27,8,0,350,35,0,0,0,1,0x008D7B37,Basa Glosstear,0x00939AC3,A dazzling Basarios tear.\nIt seems almost too lovely\nto waste on equipment.
6992,4,5,99,9,2,0,360,36,0,0,0,1,0x008D7B46,Rath Glosshell,0x00939B0F,A dazzling Rathian shell.\nIt seems almost too lovely\nto waste on equipment.
6993,4,5,99,52,3,0,370,37,0,0,0,1,0x008D7B55,Ceana Glossleg,0x00939B5B,A dazzling Ceanataur leg.\nIt seems almost too lovely\nto waste on equipment.
6994,4,5,99,31,0,0,390,39,0,0,0,1,0x008D7B64,Blango Valorfang,0x00939BA7,A fine Blangonga fang.\nBears the scars of many\nhard-fought battles.
6995,4,5,99,32,0,0,400,40,0,0,0,1,0x008D7B75,Pearl Valorweave,0x00939BEB,A fine Khezu webbing.\nBears the scars of many\nhard-fought battles.
6996,3,4,99,0,0,0,0,0,0,0,0,0,0x008D7B86,Gravios Exashell,0x0000276D,ダミー
6997,4,5,99,9,1,0,410,41,0,0,0,1,0x008D7B97,Rath Valorshell,0x00939C2E,A fine Rathalos shell.\nBears the scars of many\nhard-fought battles.
6998,3,4,99,0,0,0,0,0,0,0,0,0,0x008D7BA7,Espinas Acescale,0x0000276D,ダミー
6999,3,4,99,0,0,0,0,0,0,0,0,0,0x008D7BB8,Lavasioth Acefin,0x0000276D,ダミー
7000,3,4,99,0,0,0,0,0,0,0,0,0,0x008D7BC9,Paria Exafang,0x0000276D,ダミー
7001,3,4,99,0,0,0,0,0,0,0,0,0,0x008D7BD7,Tigrex Exaclaw,0x0000276D,ダミー
7002,3,4,99,0,0,0,0,0,0,0,0,0,0x008D7BE6,Rajang Acepelt,0x0000276D,ダミー
7003,3,4,99,0,0,0,0,0,0,0,0,0,0x008D7BF5,Garuga Apexscale,0x0000276D,ダミー
7004,3,4,99,0,0,0,0,0,0,0,0,0,0x008D7C06,Dura Apexclaw,0x0000276D,ダミー
7005,3,4,99,0,0,0,0,0,0,0,0,0,0x008D7C14,Vashim Cortex,0x0000276D,ダミー
7006,3,4,99,0,0,0,0,0,0,0,0,0,0x008D7C22,Grenze Apexscale,0x0000276D,ダミー
7007,4,5,99,6,1,0,0,0,0,0,0,0,0x008D7C33,G Weapon Kit,0x00939C72,A crafting kit used to forge\na G Rank weapon prototype.
7008,4,5,99,6,1,0,0,0,0,0,0,0,0x008D7C40,G Armor Kit,0x00939CAA,A crafting kit used to forge\na G Rank armor prototype.
7009,4,5,99,37,0,0,0,0,0,0,0,0,0x008D7C4C,Supreme Ticket,0x00939CE1,Proof of one's contributions\nto fending off the looming\nthreat of Supreme Monsters.
7010,4,5,99,34,5,0,0,0,0,0,0,0,0x008D7C5B,Fest Insignia,0x00939D35,A special prize awarded\nto G Rank Hunter Fest\nparticipants.
7011,4,5,99,1,8,0,0,0,0,0,0,0,0x008D7C69,Fest Fervor,0x00939D71,A special item imbued with\nthe passion of G Rank Hunter\nFest participants.
7012,4,5,99,18,4,0,0,0,0,0,0,0,0x008D7C75,Tingleberry,0x00939DBC,A small but pungent fruit. \nIts mature taste gives a\ntingling sensation.
7013,4,5,99,27,10,0,0,0,0,0,0,0,0x008D7C81,Black Gleamstone,0x00939E05,A captivating black mineral.\nSold to certain collectors\nfor a hefty sum.
7014,4,5,99,9,3,0,0,0,0,0,0,0,0x008D7C92,Predator Feather,0x00114847,非常に丈夫な猛禽類の羽毛。\n破れにくいので、主に\n武器の仕上げなどに使われる。
7015,4,5,99,14,4,0,0,0,0,0,0,0,0x008D7CA3,Sturdy Beast Fur,0x00114894,非常に丈夫な獣の毛皮。\n加工することはできないが、\n武器の仕上げなどに使われる。
7016,4,5,99,31,10,0,0,0,0,0,0,0,0x008D7CB4,Sharp Fang Shard,0x001148E3,とても鋭い牙のかけら。\nどんなモンスターの牙なのかは\n全く判別できない。
7017,4,5,99,23,6,0,0,0,0,0,0,0,0x008D7CC5,Icy Scales,0x0011492A,うろこのような形をした氷。\n非常に薄いので、扱う時は\n手を切らないよう注意が必要。
7018,4,5,99,15,3,0,0,0,0,0,0,0,0x008D7CD0,Icy Petals,0x0011497B,花びらのような形をした氷。\n美しい形をしているが、\n触れるとすぐに溶けてしまう。
7019,4,5,99,1,3,0,0,0,0,0,0,0,0x008D7CDB,Celestial Drop,0x001149CA,空から零れ落ちてきたと\n云われている宝石。\nとてもひんやりとしている。
7020,4,5,99,33,0,0,0,0,0,0,0,0,0x008D7CEA,Twstd Hachimaki,0x00114A0F,気合を入れる時に頭に巻く、\n白く細長い布。
7021,4,5,99,33,1,0,0,0,0,0,0,0,0x008D7CFA,Bright Red Happi,0x00114A39,東方の祭りなどの時に着る、\n真っ赤な法被。着ると\n体がアツくなってくる。
7022,4,5,99,1,4,0,0,0,0,0,0,0,0x008D7D0B,Gld Mikoshi Decor,0x00114A80,東方の祭りで見られる神輿の\n頂部につける、尾の長い\n鳥を模して造られた飾り。
7023,4,5,99,35,4,0,0,0,0,0,0,0,0x008D7D1D,Supreme Dango,0x00114ACB,満月を眺めながら食べる団子。\n東方ではこれを何段にも\n積んで、飾りつけをする。
7024,4,5,99,52,7,0,0,0,0,0,0,0,0x008D7D2B,Orange Carapace,0x00114B18,甲殻種のとても頑丈な殻。\n加工することが難しいため、\nそのまま使われることが多い。
7025,4,5,99,27,6,0,0,0,0,0,0,0,0x008D7D3B,Celestite Frgmnt,0x00114B69,小さな青水晶の欠片。\n光の加減でさまざまな色に\n見えるため、女性人気が高い。
7026,4,5,99,27,3,0,0,0,0,0,0,0,0x008D7D4C,Clear Celestite,0x00114BB4,青く透き通った水晶。\n非常に純度が高いが、\n小さいため用途が限られる。
7027,4,5,99,1,3,0,0,0,0,0,0,0,0x008D7D5C,Celestite Chunk,0x00114BF9,発見されることが稀な、\nとても大きな青水晶の塊。\n純度はあまり高くはない。
7028,4,5,99,1,1,0,0,0,0,0,0,0,0x008D7D6C,Large Red Gem,0x00114C42,飛竜種がまれに持っている\n紅玉によく似た石。好事家が\n高値で取り扱っている。
7029,4,5,99,33,4,0,0,0,0,0,0,0,0x008D7D7A,Delicate Gears,0x00114C8D,１本１本の歯が非常に\n細かく作られている歯車。\n素材も非常に頑丈。
7030,4,5,99,27,6,0,0,0,0,0,0,0,0x008D7D89,Rough Celestite,0x00114CCE,空がそのまま映ったかの\nような色をした石。\n手触りはとても滑らか。
7031,4,5,99,15,6,0,0,0,0,0,0,0,0x008D7D99,Slumbering Herb,0x00114D0F,葉を煎じると、強い\n催眠作用のある薬になる草。\n使用には医者の診断が必要。
7032,4,5,99,41,8,0,0,0,0,0,0,0,0x008D7DA9,Orchestra Notes,0x00114D58,東方のお祭りで演奏される\n音楽の楽譜。譜面を見ている\nだけで元気になれる気がする。
7033,4,5,99,10,4,0,0,0,0,0,0,0,0x008D7DB9,Perforated Bone,0x00114DA9,大きな穴の開いた、頑丈な骨。\n変わった形状をしているが、\n弓の材料には向いていそう。
7034,4,5,99,10,5,0,0,0,0,0,0,0,0x008D7DC9,Fine Wyvern Bone,0x00939E4E,A quality small bone found\nin a certain land. Used as\nan upgrade material.
7035,4,5,99,10,7,0,0,0,0,0,0,0,0x008D7DDA,Tough Beast Bone,0x00939E99,A sturdy beast bone found\nin a certain land. Used as\nan upgrade material.
7036,4,5,99,23,2,0,0,0,0,0,0,0,0x008D7DEB,Luminous Scale,0x00114EA2,翠の淡い光を放つ鱗。\n加工することで、誰もが振り\n向く防具を作ることができる。
7037,4,5,99,33,5,0,0,0,0,0,0,0,0x008D7DFA,Old-looking Lamp,0x00114EEF,一見なんの価値もなさそうな、\n汚れてボロボロのランプ。\n磨くと何かが起きる…？
7038,4,5,99,33,0,0,0,0,0,0,0,0,0x008D7E0B,Fine Handkerchief,0x00939EE3,A quality handkerchief with\na soft texture. Favored by\nboth ladies and gentlemen.
7039,4,5,99,14,7,0,0,0,0,0,0,0,0x008D7E1D,Strdy Tanned Hide,0x00939F35,Made by repeatedly tanning\nvarious animal hides. Used\nto manufacture clothing.
7040,4,5,99,14,10,0,0,0,0,0,0,0,0x008D7E2F,Warm Fur,0x00939F84,"A warm, Bulluk-like pelt.\nWhile similar in pattern,\nits texture is different."
7041,4,5,99,37,6,0,0,0,0,0,0,0,0x008D7E38,Sigil Ticket,0x00939FD2,A commemorative ticket made\nfor G Rank hunters. Bring it\nto the Felyne Smithy!
7042,3,4,99,0,0,0,0,0,0,0,0,0,0x000DEBC6,ダミー7042,0x0000276D,ダミー
7043,4,5,99,27,5,0,0,0,0,0,0,0,0x008D7E45,Violet Caldite,0x0093A021,An ore said to contain the\npower of flame. Its color\nchanges with viewing angle.
7044,4,5,99,27,5,0,0,0,0,0,0,0,0x008D7E54,Wysteria Caldite,0x0093A072,An ore said to contain the\npower of flame. Its color\nchanges with viewing angle.
7045,4,5,99,27,3,0,0,0,0,0,0,0,0x008D7E65,Indigo Caldite,0x0093A0C3,An ore said to contain the\npower of flame. Its color\nchanges with viewing angle.
7046,4,5,99,37,4,0,0,0,0,0,0,0,0x008D7E74,Yell Rygo Tkt,0x0093A114,Instructions on forging the\nStalwart Union. Bring them\nto the Smithy!
7047,4,5,99,37,1,0,0,0,0,0,0,0,0x008D7E82,Kalet Rygo Tkt,0x0093A15A,Instructions on forging the\nSturdy Union. Bring them to\nthe Smithy!
7048,4,5,99,37,5,0,0,0,0,0,0,0,0x008D7E91,Giar Rygo Tkt,0x0093A19E,Instructions on forging the\nEnlightened Harmony. Bring\nthem to the Smithy!
7049,4,5,99,37,3,0,0,0,0,0,0,0,0x008D7E9F,Bull Rygo Tkt,0x0093A1E9,Instructions on forging the\nBlue Harmony. Bring them to\nthe Smithy!
7050,4,5,99,37,4,0,0,0,0,0,0,0,0x008D7EAD,Kirino Turris Tkt,0x0093A22D,Instructions on forging the\nLightning Turris. Bring them\nto the Smithy!
7051,4,5,99,37,6,0,0,0,0,0,0,0,0x008D7EBF,Vure Turris Tkt,0x0093A275,Instructions on forging the\nFoggy Turris. Bring them to\nthe Smithy!
7052,4,5,99,37,3,0,0,0,0,0,0,0,0x008D7ECF,BG1 Ticket 1,0x0093A2B9,"A ticket made of special,\nrare paper. Can be exchanged\nfor a special item."
7053,4,5,99,37,3,0,0,0,0,0,0,0,0x008D7EDC,BG1 Ticket 2,0x0093A304,"A ticket made of special,\nrare paper. Can be exchanged\nfor a special item."
7054,4,5,99,37,3,0,0,0,0,0,0,0,0x008D7EE9,BG1 Ticket 3,0x0093A34F,"A ticket made of special,\nrare paper. Can be exchanged\nfor a special item."
7055,4,5,99,37,3,0,0,0,0,0,0,0,0x008D7EF6,BG1 Ticket 4,0x0093A39A,"A ticket made of special,\nrare paper. Can be exchanged\nfor a special item."
7056,4,5,99,37,3,0,0,0,0,0,0,0,0x008D7F03,BG1 Ticket 5,0x0093A3E5,"A ticket made of special,\nrare paper. Can be exchanged\nfor a special item."
7057,4,5,99,37,3,0,0,0,0,0,0,0,0x008D7F10,BG1 Ticket 6,0x0093A430,"A ticket made of special,\nrare paper. Can be exchanged\nfor a special item."
7058,4,5,99,37,3,0,0,0,0,0,0,0,0x008D7F1D,BG1 Ticket 7,0x0093A47B,"A ticket made of special,\nrare paper. Can be exchanged\nfor a special item."
7059,4,5,99,24,1,0,0,0,0,0,0,0,0x008D7F2A,Odd Red Liquid,0x0093A4C6,A venomous liquid with an\nunknown use. Highly coveted\nby certain researchers.
7060,4,5,99,24,3,0,0,0,0,0,0,0,0x008D7F39,Odd Blue Liquid,0x0093A514,A venomous liquid with an\nunknown use. Highly coveted\nby certain researchers.
7061,4,5,99,24,2,0,0,0,0,0,0,0,0x008D7F49,Odd Teal Liquid,0x0093A562,A venomous liquid with an\nunknown use. Highly coveted\nby certain researchers.
7062,4,5,99,24,8,0,0,0,0,0,0,0,0x008D7F59,Odd Pink Liquid,0x0093A5B0,A venomous liquid with an\nunknown use. Highly coveted\nby certain researchers.
7063,4,5,99,24,0,0,0,0,0,0,0,0,0x008D7F69,Odd White Liquid,0x0093A5FE,A venomous liquid with an\nunknown use. Highly coveted\nby certain researchers.
7064,4,5,99,24,10,0,0,0,0,0,0,0,0x008D7F7A,Odd Black Liquid,0x0093A64C,A venomous liquid with an\nunknown use. Highly coveted\nby certain researchers.
7065,4,5,99,24,8,0,0,0,0,0,0,0,0x008D7F8B,Odd Peach Liquid,0x0093A69A,A venomous liquid with an\nunknown use. Highly coveted\nby certain researchers.
7066,4,5,99,24,3,0,0,0,0,0,0,0,0x008D7F9C,Odd Azure Liquid,0x0093A6E8,A venomous liquid with an\nunknown use. Highly coveted\nby certain researchers.
7067,4,5,99,24,4,0,0,0,0,0,0,0,0x008D7FAD,Odd Ylw Liquid,0x0093A736,A venomous liquid with an\nunknown use. Highly coveted\nby certain researchers.
7068,4,5,99,24,7,0,0,0,0,0,0,0,0x008D7FBC,Odd Brown Liquid,0x0093A784,A venomous liquid with an\nunknown use. Highly coveted\nby certain researchers.
7069,4,5,99,24,2,0,0,0,0,0,0,0,0x008D7FCD,Odd Green Liquid,0x0093A7D2,A venomous liquid with an\nunknown use. Highly coveted\nby certain researchers.
7070,4,5,99,24,10,0,0,0,0,0,0,0,0x008D7FDE,Odd Slvr Liquid,0x0093A820,A venomous liquid with an\nunknown use. Highly coveted\nby certain researchers.
7071,4,5,99,24,4,0,0,0,0,0,0,0,0x008D7FEE,Odd Gold Liquid,0x0093A86E,A venomous liquid with an\nunknown use. Highly coveted\nby certain researchers.
7072,4,5,99,6,1,0,0,0,0,0,0,0,0x008D7FFE,Old Red Box,0x0093A8BC,"A colorful wooden box.\nThere's something inside,\nbut it cannot be opened."
7073,4,5,99,6,3,0,0,0,0,0,0,0,0x008D800A,Old Blue Box,0x0093A906,"A colorful wooden box.\nThere's something inside,\nbut it cannot be opened."
7074,4,5,99,6,2,0,0,0,0,0,0,0,0x008D8017,Old Green Box,0x0093A950,"A colorful wooden box.\nThere's something inside,\nbut it cannot be opened."
7075,4,5,99,6,0,0,0,0,0,0,0,0,0x008D8025,Old White Box,0x0093A99A,"A colorful wooden box.\nThere's something inside,\nbut it cannot be opened."
7076,4,5,99,6,10,0,0,0,0,0,0,0,0x008D8033,Old Black Box,0x0093A9E4,"A colorful wooden box.\nThere's something inside,\nbut it cannot be opened."
7077,4,5,99,6,8,0,0,0,0,0,0,0,0x008D8041,Old Pink Box,0x0093AA2E,"A colorful wooden box.\nThere's something inside,\nbut it cannot be opened."
7078,4,5,99,6,4,0,0,0,0,0,0,0,0x008D804E,Old Yellow Box,0x0093AA78,"A colorful wooden box.\nThere's something inside,\nbut it cannot be opened."
7079,4,5,99,6,7,0,0,0,0,0,0,0,0x008D805D,Old Brown Box,0x0093AAC2,"A colorful wooden box.\nThere's something inside,\nbut it cannot be opened."
7080,4,5,99,6,10,0,0,0,0,0,0,0,0x008D806B,Old Silver Box,0x0093AB0C,"A colorful wooden box.\nThere's something inside,\nbut it cannot be opened."
7081,4,5,99,6,4,0,0,0,0,0,0,0,0x008D807A,Old Golden Box,0x0093AB56,"A colorful wooden box.\nThere's something inside,\nbut it cannot be opened."
7082,4,5,99,1,1,0,0,0,0,0,0,0,0x008D8089,Red Bracelet,0x0093ABA0,A beautifully colored small\nbracelet rarely given out by\nthe Hunter's Guild.
7083,4,5,99,1,3,0,0,0,0,0,0,0,0x008D8096,Blue Bracelet,0x0093ABED,A beautifully colored small\nbracelet rarely given out by\nthe Hunter's Guild.
7084,4,5,99,1,4,0,0,0,0,0,0,0,0x008D80A4,Yellow Bracelet,0x0093AC3A,A beautifully colored small\nbracelet rarely given out by\nthe Hunter's Guild.
7085,4,5,99,1,2,0,0,0,0,0,0,0,0x008D80B4,Green Bracelet,0x0093AC87,A beautifully colored small\nbracelet rarely given out by\nthe Hunter's Guild.
7086,4,5,99,1,4,0,0,0,0,0,0,0,0x008D80C3,Gold Bracelet,0x0093ACD4,A beautifully colored small\nbracelet rarely given out by\nthe Hunter's Guild.
7087,4,5,99,1,10,0,0,0,0,0,0,0,0x008D80D1,Silver Bracelet,0x0093AD21,A beautifully colored small\nbracelet rarely given out by\nthe Hunter's Guild.
7088,4,5,99,1,6,0,0,0,0,0,0,0,0x008D80E1,Cyan Bracelet,0x0093AD6E,A beautifully colored small\nbracelet rarely given out by\nthe Hunter's Guild.
7089,4,5,99,1,5,0,0,0,0,0,0,0,0x008D80EF,Purple Bracelet,0x0093ADBB,A beautifully colored small\nbracelet rarely given out by\nthe Hunter's Guild.
7090,4,5,99,1,8,0,0,0,0,0,0,0,0x008D80FF,Pink Bracelet,0x0093AE08,A beautifully colored small\nbracelet rarely given out by\nthe Hunter's Guild.
7091,4,5,99,1,0,0,0,0,0,0,0,0,0x008D810D,White Bracelet,0x0093AE55,A beautifully colored small\nbracelet rarely given out by\nthe Hunter's Guild.
7092,4,5,99,1,10,0,0,0,0,0,0,0,0x008D811C,Black Bracelet,0x0093AEA2,A beautifully colored small\nbracelet rarely given out by\nthe Hunter's Guild.
7093,4,5,99,37,3,0,0,0,0,0,0,0,0x008D812B,Date Ticket H,0x0093AEEF,Instructions on forging\nthe Azure Dragon armor.\nBring them to the Smithy!
7094,4,5,99,37,3,0,0,0,0,0,0,0,0x008D8139,Date Ticket C,0x0093AF39,Instructions on forging\nthe Azure Dragon armor.\nBring them to the Smithy!
7095,4,5,99,37,3,0,0,0,0,0,0,0,0x008D8147,Date Ticket A,0x0093AF83,Instructions on forging\nthe Azure Dragon armor.\nBring them to the Smithy!
7096,4,5,99,37,3,0,0,0,0,0,0,0,0x008D8155,Date Ticket W,0x0093AFCD,Instructions on forging\nthe Azure Dragon armor.\nBring them to the Smithy!
7097,4,5,99,37,3,0,0,0,0,0,0,0,0x008D8163,Date Ticket L,0x0093B017,Instructions on forging\nthe Azure Dragon armor.\nBring them to the Smithy!
7098,3,4,99,0,0,0,0,0,0,0,0,0,0x000DEF1E,ダミー7098,0x0000276D,ダミー
7099,3,4,99,0,0,0,0,0,0,0,0,0,0x000DEF29,ダミー7099,0x0000276D,ダミー
7100,3,4,99,0,0,0,0,0,0,0,0,0,0x000DEF34,ダミー7100,0x0000276D,ダミー
7101,3,4,99,0,0,0,0,0,0,0,0,0,0x000DEF3F,ダミー7101,0x0000276D,ダミー
7102,3,4,99,0,0,0,0,0,0,0,0,0,0x000DEF4A,ダミー7102,0x0000276D,ダミー
7103,3,4,99,0,0,0,0,0,0,0,0,0,0x000DEF55,ダミー7103,0x0000276D,ダミー
7104,3,4,99,0,0,0,0,0,0,0,0,0,0x000DEF60,ダミー7104,0x0000276D,ダミー
7105,3,4,99,0,0,0,0,0,0,0,0,0,0x000DEF6B,ダミー7105,0x0000276D,ダミー
7106,3,4,99,0,0,0,0,0,0,0,0,0,0x000DEF76,ダミー7106,0x0000276D,ダミー
7107,3,4,99,0,0,0,0,0,0,0,0,0,0x000DEF81,ダミー7107,0x0000276D,ダミー
7108,3,4,99,0,0,0,0,0,0,0,0,0,0x000DEF8C,ダミー7108,0x0000276D,ダミー
7109,3,4,99,0,0,0,0,0,0,0,0,0,0x000DEF97,ダミー7109,0x0000276D,ダミー
7110,3,4,99,0,0,0,0,0,0,0,0,0,0x000DEFA2,ダミー7110,0x0000276D,ダミー
7111,3,4,99,0,0,0,0,0,0,0,0,0,0x000DEFAD,ダミー7111,0x0000276D,ダミー
7112,3,4,99,0,0,0,0,0,0,0,0,0,0x000DEFB8,ダミー7112,0x0000276D,ダミー
7113,4,5,99,37,4,0,0,0,0,0,0,0,0x008D8171,Magos Ticket H,0x0093B061,Instructions on forging the\nMagos armor. Bring them to\nthe Smithy!
7114,4,5,99,37,4,0,0,0,0,0,0,0,0x008D8180,Magos Ticket C,0x0093B0A4,Instructions on forging the\nMagos armor. Bring them to\nthe Smithy!
7115,4,5,99,37,4,0,0,0,0,0,0,0,0x008D818F,Magos Ticket A,0x0093B0E7,Instructions on forging the\nMagos armor. Bring them to\nthe Smithy!
7116,4,5,99,37,4,0,0,0,0,0,0,0,0x008D819E,Magos Ticket W,0x0093B12A,Instructions on forging the\nMagos armor. Bring them to\nthe Smithy!
7117,4,5,99,37,4,0,0,0,0,0,0,0,0x008D81AD,Magos Ticket L,0x0093B16D,Instructions on forging the\nMagos armor. Bring them to\nthe Smithy!
7118,4,5,99,37,7,0,0,0,0,0,0,0,0x008D81BC,Master's Tkt H,0x0093B1B0,Awarded for obtaining every\nsingle Mystic Tome. Bring it\nto the Smithy!
7119,4,5,99,37,7,0,0,0,0,0,0,0,0x008D81CB,Master's Tkt C,0x0093B1F8,Awarded for obtaining every\nsingle Mystic Tome. Bring it\nto the Smithy!
7120,4,5,99,37,7,0,0,0,0,0,0,0,0x008D81DA,Master's Tkt A,0x0093B240,Awarded for obtaining every\nsingle Mystic Tome. Bring it\nto the Smithy!
7121,4,5,99,37,7,0,0,0,0,0,0,0,0x008D81E9,Master's Tkt W,0x0093B288,Awarded for obtaining every\nsingle Mystic Tome. Bring it\nto the Smithy!
7122,4,5,99,37,7,0,0,0,0,0,0,0,0x008D81F8,Master's Tkt L,0x0093B2D0,Awarded for obtaining every\nsingle Mystic Tome. Bring it\nto the Smithy!
7123,4,5,99,37,5,0,10000,1000,0,0,0,1,0x008D8207,Prpl Porta Card,0x0093B318,A G Rank coupon that can be\nsold for a hefty sum. Its\ncolor denotes the price.
7124,4,5,99,33,4,0,0,0,0,0,0,0,0x008D8217,Soft Cloth,0x0093B367,A silky fabric used to sew\nhigh-quality clothing.
7125,4,5,99,24,0,0,0,0,0,0,0,0,0x008D8222,Light Dye,0x0093B399,"A special dye primarily used\nto harden hides and fabrics,\nrather than color them."
7126,4,5,99,23,2,0,0,0,0,0,0,0,0x008D822C,Damaged Scale,0x0093B3EB,A mysterious scale covered\nin countless scars. It may\nbe used as a binding agent.
7127,3,4,99,0,0,0,0,0,0,0,0,0,0x000DF08D,ダミー7127,0x0000276D,ダミー
7128,3,4,99,0,0,0,0,0,0,0,0,0,0x000DF098,ダミー7128,0x0000276D,ダミー
7129,3,4,99,0,0,0,0,0,0,0,0,0,0x000DF0A3,ダミー7129,0x0000276D,ダミー
7130,4,5,99,31,10,0,70,7,0,0,0,1,0x008D823A,Cracked Fang,0x0093B43D,"A cracked, brittle monster\nfang. It breaks easily, so\nits uses are limited."
7131,4,5,99,10,0,0,90,9,0,0,0,1,0x008D8247,Cracked Bone,0x0093B489,"A cracked, brittle monster\nbone. It breaks easily, so\nits uses are limited."
7132,4,5,99,31,10,0,50,5,0,0,0,1,0x008D8254,Cracked Claw,0x0093B4D5,"A cracked, brittle monster\nclaw. It breaks easily, so\nits uses are limited."
7133,4,5,99,31,10,0,90,9,0,0,0,1,0x008D8261,Chipped Fang,0x0093B521,A large warped monster fang.\nIt may be used as a binding\nagent if crushed.
7134,4,5,99,10,0,0,110,11,0,0,0,1,0x008D826E,Chipped Bone,0x0093B56C,A large warped monster bone.\nIt may be used as a binding\nagent if crushed.
7135,4,5,99,31,10,0,70,7,0,0,0,1,0x008D827B,Chipped Claw,0x0093B5B7,A large warped monster claw.\nIt may be used as a binding\nagent if crushed.
7136,4,5,99,31,10,0,50,5,0,0,0,1,0x008D8288,Broken Fang,0x0093B602,"A chipped monster fang.\nExtremely fragile, so its\nuses are limited."
7137,4,5,99,10,0,0,70,7,0,0,0,1,0x008D8294,Broken Bone,0x0093B646,"A chipped monster bone.\nExtremely fragile, so its\nuses are limited."
7138,4,5,99,31,10,0,30,3,0,0,0,1,0x008D82A0,Broken Claw,0x0093B68A,"A chipped monster claw.\nExtremely fragile, so its\nuses are limited."
7139,4,5,99,37,1,0,0,0,0,0,0,0,0x008D82AC,Red Supreme Tkt,0x0093B6CE,Proof of one's contributions\nto fending off the looming\nthreat of Supreme Monsters.
7140,4,5,99,37,3,0,0,0,0,0,0,0,0x008D82BC,Blue Supreme Tkt,0x0093B722,Proof of one's contributions\nto fending off the looming\nthreat of Supreme Monsters.
7141,4,5,99,37,4,0,0,0,0,0,0,0,0x008D82CD,Ylw Supreme Tkt,0x0093B776,Proof of one's contributions\nto fending off the looming\nthreat of Supreme Monsters.
7142,4,5,99,37,0,0,0,0,0,0,0,0,0x008D82DD,Wht Supreme Tkt,0x0093B7CA,Proof of one's contributions\nto fending off the looming\nthreat of Supreme Monsters.
7143,4,5,99,37,2,0,0,0,0,0,0,0,0x008D82ED,Grn Supreme Tkt,0x0093B81E,Proof of one's contributions\nto fending off the looming\nthreat of Supreme Monsters.
7144,4,5,99,37,1,0,0,0,0,0,0,0,0x008D82FD,Red Voucher 1,0x0093B872,A special voucher issued by\nthe Hunter's Guild. Used to\ninitiate certain Quests.
7145,4,5,99,37,3,0,0,0,0,0,0,0,0x008D830B,Red Voucher 2,0x0093B8C3,A special voucher issued by\nthe Hunter's Guild. Used to\ninitiate certain Quests.
7146,4,5,99,37,3,0,0,0,0,0,0,0,0x008D8319,Red Voucher 3,0x0093B914,A special voucher issued by\nthe Hunter's Guild. Used to\ninitiate certain Quests.
7147,4,5,99,37,4,0,0,0,0,0,0,0,0x008D8327,Yellow Voucher 1,0x0093B965,A special voucher issued by\nthe Hunter's Guild. Used to\ninitiate certain Quests.
7148,4,5,99,37,4,0,0,0,0,0,0,0,0x008D8338,Yellow Voucher 2,0x0093B9B6,A special voucher issued by\nthe Hunter's Guild. Used to\ninitiate certain Quests.
7149,4,5,99,37,4,0,0,0,0,0,0,0,0x008D8349,Yellow Voucher 3,0x0093BA07,A special voucher issued by\nthe Hunter's Guild. Used to\ninitiate certain Quests.
7150,4,5,99,37,0,0,0,0,0,0,0,0,0x008D835A,White Voucher 1,0x0093BA58,A special voucher issued by\nthe Hunter's Guild. Used to\ninitiate certain Quests.
7151,4,5,99,37,0,0,0,0,0,0,0,0,0x008D836A,White Voucher 2,0x0093BAA9,A special voucher issued by\nthe Hunter's Guild. Used to\ninitiate certain Quests.
7152,4,5,99,37,0,0,0,0,0,0,0,0,0x008D837A,White Voucher 3,0x0093BAFA,A special voucher issued by\nthe Hunter's Guild. Used to\ninitiate certain Quests.
7153,4,5,99,37,0,0,0,0,0,0,0,0,0x008D838A,White Voucher 4,0x0093BB4B,A special voucher issued by\nthe Hunter's Guild. Used to\ninitiate certain Quests.
7154,4,5,99,37,2,0,0,0,0,0,0,0,0x008D839A,Green Voucher 1,0x0093BB9C,A special voucher issued by\nthe Hunter's Guild. Used to\ninitiate certain Quests.
7155,4,5,99,37,2,0,0,0,0,0,0,0,0x008D83AA,Green Voucher 2,0x0093BBED,A special voucher issued by\nthe Hunter's Guild. Used to\ninitiate certain Quests.
7156,4,5,99,37,2,0,0,0,0,0,0,0,0x008D83BA,Green Voucher 3,0x0093BC3E,A special voucher issued by\nthe Hunter's Guild. Used to\ninitiate certain Quests.
7157,4,5,99,37,2,0,0,0,0,0,0,0,0x008D83CA,Green Voucher 4,0x0093BC8F,A special voucher issued by\nthe Hunter's Guild. Used to\ninitiate certain Quests.
7158,4,5,99,37,2,0,0,0,0,0,0,0,0x008D83DA,Green Voucher 5,0x0093BCE0,A special voucher issued by\nthe Hunter's Guild. Used to\ninitiate certain Quests.
7159,4,5,99,36,4,0,0,0,0,0,0,0,0x008D83EA,Eastern Glow,0x0093BD31,A tome detailing the secrets\nof the Starsword. Used as an\nupgrade material.
7160,4,5,99,36,4,0,0,0,0,0,0,0,0x008D83F7,Western Glow,0x0093BD7D,A tome detailing the secrets\nof the Starsword. Used as an\nupgrade material.
7161,3,4,99,0,0,0,0,0,0,0,0,0,0x008D8404,Immortal Gem,0x0000276D,ダミー
7162,3,4,99,0,0,0,0,0,0,0,0,0,0x000DF282,ダミー7162,0x0000276D,ダミー
7163,3,4,99,0,0,0,0,0,0,0,0,0,0x000DF28D,ダミー7163,0x0000276D,ダミー
7164,3,4,99,0,0,0,0,0,0,0,0,0,0x000DF298,ダミー7164,0x0000276D,ダミー
7165,3,4,99,0,0,0,0,0,0,0,0,0,0x000DF2A3,ダミー7165,0x0000276D,ダミー
7166,3,4,99,0,0,0,0,0,0,0,0,0,0x000DF2AE,ダミー7166,0x0000276D,ダミー
7167,3,4,99,0,0,0,0,0,0,0,0,0,0x000DF2B9,ダミー7167,0x0000276D,ダミー
7168,3,4,99,0,0,0,0,0,0,0,0,0,0x000DF2C4,ダミー7168,0x0000276D,ダミー
7169,3,4,99,0,0,0,0,0,0,0,0,0,0x000DF2CF,ダミー7169,0x0000276D,ダミー
7170,3,4,99,0,0,0,0,0,0,0,0,0,0x000DF2DA,ダミー7170,0x0000276D,ダミー
7171,3,4,99,0,0,0,0,0,0,0,0,0,0x000DF2E5,ダミー7171,0x0000276D,ダミー
7172,3,4,99,0,0,0,0,0,0,0,0,0,0x000DF2F0,ダミー7172,0x0000276D,ダミー
7173,3,4,99,0,0,0,0,0,0,0,0,0,0x000DF2FB,ダミー7173,0x0000276D,ダミー
7174,3,4,99,0,0,0,0,0,0,0,0,0,0x000DF306,ダミー7174,0x0000276D,ダミー
7175,3,4,99,0,0,0,0,0,0,0,0,0,0x000DF311,ダミー7175,0x0000276D,ダミー
7176,4,5,99,37,5,0,0,0,0,0,0,0,0x008D8411,P.Arti Ticket,0x0093BDC9,Instructions on forging the\nPurple Ultima I. Bring them\nto the Smithy!
7177,4,5,99,37,5,0,0,0,0,0,0,0,0x008D841F,P.Stray Ticket,0x0093BE10,Instructions on forging the\nPurple Strife I. Bring them\nto the Smithy!
7178,4,5,99,27,3,0,0,0,0,0,0,0,0x008D842E,Blue Stone,0x0093BE57,A rare pearl with a clear\nblue hue that harmoniously\nblends with a glossy black.
7179,4,5,99,37,4,0,0,0,0,0,0,0,0x008D8439,Ylw Ardol Ticket,0x0093BEA8,Instructions on forging the\nYellow Ardor I. Bring them\nto the Smithy!
7180,4,5,99,37,10,0,0,0,0,0,0,0,0x008D844A,Blk Ardol Ticket,0x0093BEEE,Instructions on forging the\nBlack Ardor I. Bring them\nto the Smithy!
7181,4,5,99,37,5,0,0,0,0,0,0,0,0x008D845B,Prpl Ardol Ticket,0x0093BF33,Instructions on forging the\nPurple Ardor I. Bring them\nto the Smithy!
7182,4,5,99,37,10,0,0,0,0,0,0,0,0x008D846D,Lead Ardol Ticket,0x0093BF79,Instructions on forging\nthe Dark Porta Lance I.\nBring them to the Smithy!
7183,4,5,99,37,3,0,0,0,0,0,0,1,0x008D847F,Sigil Voucher,0x0093BFC3,Obtained by trading in one\nof your Sigils. Use it to\ncraft another one!
7184,4,5,99,37,1,0,0,0,0,0,0,0,0x008D848D,R.Port Lance Tkt,0x0093C00B,Instructions on forging\nthe Red Porta Lance I.\nBring them to the Smithy!
7185,4,5,99,37,4,0,0,0,0,0,0,0,0x008D849E,Y.Port Lance Tkt,0x0093C054,Instructions on forging\nthe Yellow Porta Lance I.\nBring them to the Smithy!
7186,4,5,99,37,0,0,0,0,0,0,0,0,0x008D84AF,W.Port Lance Tkt,0x0093C0A0,Instructions on forging\nthe White Porta Lance I.\nBring them to the Smithy!
7187,4,5,99,37,10,0,0,0,0,0,0,0,0x008D84C0,B.Port Lance Tkt,0x0093C0EB,Instructions on forging\nthe Black Porta Lance I.\nBring them to the Smithy!
7188,4,5,99,37,3,0,0,0,0,0,0,0,0x008D84D1,T.Scarlet S Tkt,0x0093C136,Instructions on forging\nthe Twin Scarlet Spears.\nBring them to the Smithy!
7189,4,5,99,37,3,0,0,0,0,0,0,0,0x008D84E1,T.Crimson F Tkt,0x0093C181,Instructions on forging\nthe Twin Crimson Spears.\nBring them to the Smithy!
7190,4,5,99,37,1,0,0,0,0,0,0,0,0x008D84F1,Scarlet S Tkt,0x0093C1CC,Instructions on forging the\nScarlet Spears. Bring them\nto the Smithy!
7191,4,5,99,37,1,0,0,0,0,0,0,0,0x008D84FF,Crimson F Tkt,0x0093C212,Instructions on forging the\nCrimson Fangs. Bring them to\nthe Smithy!
7192,4,5,99,37,1,0,0,0,0,0,0,0,0x008D850D,Akazonae Tkt H,0x0093C257,Instructions on forging the\nAkazonae armor. Bring them\nto the Smithy!
7193,4,5,99,37,1,0,0,0,0,0,0,0,0x008D851C,Akazonae Tkt C,0x0093C29D,Instructions on forging the\nAkazonae armor. Bring them\nto the Smithy!
7194,4,5,99,37,1,0,0,0,0,0,0,0,0x008D852B,Akazonae Tkt A,0x0093C2E3,Instructions on forging the\nAkazonae armor. Bring them\nto the Smithy!
7195,4,5,99,37,1,0,0,0,0,0,0,0,0x008D853A,Akazonae Tkt W,0x0093C329,Instructions on forging the\nAkazonae armor. Bring them\nto the Smithy!
7196,4,5,99,37,1,0,0,0,0,0,0,0,0x008D8549,Akazonae Tkt L,0x0093C36F,Instructions on forging the\nAkazonae armor. Bring them\nto the Smithy!
7197,4,5,99,37,0,0,0,0,0,0,0,0,0x008D8558,Excalibur Ticket,0x0093C3B5,Instructions on forging the\nExcalibur I. Bring them to\nthe Smithy!
7198,4,5,99,37,0,0,0,0,0,0,0,0,0x008D8569,Caliburn Ticket,0x0093C3F8,Instructions on forging the\nCaliburn I. Bring them to\nthe Smithy!
7199,4,5,99,37,10,0,0,0,0,0,0,0,0x008D8579,K.Bakuya Ticket,0x0093C43A,Instructions on forging\nthe Kanshou & Bakuya I.\nBring them to the Smithy!
7200,4,5,99,37,10,0,0,0,0,0,0,0,0x008D8589,Caladbolg Ticket,0x0093C484,Instructions on forging the\nCaladbolg I. Bring them to\nthe Smithy!
7201,4,5,99,37,0,0,0,0,0,0,0,0,0x008D859A,Fate/SN Tkt H,0x0093C4C7,Instructions on forging\nthe Fate/Stay Night armor.\nBring them to the Smithy!
7202,4,5,99,37,0,0,0,0,0,0,0,0,0x008D85A8,Fate/SN Tkt C,0x0093C514,Instructions on forging\nthe Fate/Stay Night armor.\nBring them to the Smithy!
7203,4,5,99,37,0,0,0,0,0,0,0,0,0x008D85B6,Fate/SN Tkt A,0x0093C561,Instructions on forging\nthe Fate/Stay Night armor.\nBring them to the Smithy!
7204,4,5,99,37,0,0,0,0,0,0,0,0,0x008D85C4,Fate/SN Tkt W,0x0093C5AE,Instructions on forging\nthe Fate/Stay Night armor.\nBring them to the Smithy!
7205,4,5,99,37,0,0,0,0,0,0,0,0,0x008D85D2,Fate/SN Tkt L,0x0093C5FB,Instructions on forging\nthe Fate/Stay Night armor.\nBring them to the Smithy!
7206,4,5,99,37,2,0,0,0,0,0,0,0,0x008D85E0,Miku Key Tkt,0x0093C648,Instructions on forging the\nMiku Keyboard. Bring them to\nthe Smithy!
7207,4,5,99,37,2,0,0,0,0,0,0,0,0x008D85ED,Miku Keyboard Tkt,0x0093C68D,Instructions on forging the\nMiku Piano. Bring them to\nthe Smithy!
7208,4,5,99,37,2,0,0,0,0,0,0,0,0x008D85FF,Miku Horn Tkt,0x0093C6CF,Instructions on forging the\nMiku Horn. Bring them to\nthe Smithy!
7209,4,5,99,37,2,0,0,0,0,0,0,0,0x008D860D,Miku Vocals Tkt,0x0093C710,Instructions on forging the\nMiku Vocals. Bring them to\nthe Smithy!
7210,4,5,99,37,2,0,0,0,0,0,0,0,0x008D861D,Miku Ticket H,0x0093C753,Instructions on forging the\nHatsune Miku armor. Bring\nthem to the Smithy!
7211,4,5,99,37,2,0,0,0,0,0,0,0,0x008D862B,Miku Ticket C,0x0093C79D,Instructions on forging the\nHatsune Miku armor. Bring\nthem to the Smithy!
7212,4,5,99,37,2,0,0,0,0,0,0,0,0x008D8639,Miku Ticket A,0x0093C7E7,Instructions on forging the\nHatsune Miku armor. Bring\nthem to the Smithy!
7213,4,5,99,37,2,0,0,0,0,0,0,0,0x008D8647,Miku Ticket W,0x0093C831,Instructions on forging the\nHatsune Miku armor. Bring\nthem to the Smithy!
7214,4,5,99,37,2,0,0,0,0,0,0,0,0x008D8655,Miku Ticket L,0x0093C87B,Instructions on forging the\nHatsune Miku armor. Bring\nthem to the Smithy!
7215,4,5,99,37,3,0,0,0,0,0,0,0,0x008D8663,Kagehide Tkt C,0x0093C8C5,Instructions on forging the\nKagehide Claws. Bring them\nto the Smithy!
7216,4,5,99,37,3,0,0,0,0,0,0,0,0x008D8672,Dasher Tkt C,0x0093C90B,Instructions on forging the\nClaw Dasher. Bring them to\nthe Smithy!
7217,4,5,99,37,3,0,0,0,0,0,0,0,0x008D867F,Kagehide Tkt K,0x0093C94E,Instructions on forging the\nKagehide Katana. Bring them\nto the Smithy!
7218,4,5,99,37,3,0,0,0,0,0,0,0,0x008D868E,Dasher Tkt K,0x0093C995,Instructions on forging the\nDashing Katana. Bring them\nto the Smithy!
7219,4,5,99,37,1,0,0,0,0,0,0,0,0x008D869B,Delight Ticket,0x0093C9DB,Instructions on forging the\nDelightful Pain. Bring them\nto the Smithy!
7220,4,5,99,37,0,0,0,0,0,0,0,0,0x008D86AA,Variation Ticket,0x0093CA22,Instructions on forging the\nVariation S. Bring them to\nthe Smithy!
7221,4,5,99,37,3,0,0,0,0,0,0,0,0x008D86BB,Ixion Saga Tkt A,0x0093CA65,Part of the instructions on\nforging the Ixion Cannon.\nBring them to the Smithy!
7222,4,5,99,37,3,0,0,0,0,0,0,0,0x008D86CC,Ixion Saga Tkt B,0x0093CAB5,Part of the instructions on\nforging the Ixion Cannon.\nBring them to the Smithy!
7223,4,5,99,27,2,0,5000,5000,0,0,0,0,0x008D86DD,Sprout Ore,0x0093CB05,Rare ore given by the Guild\nto promising hunters. Used\nas a weapon material.
7224,4,5,99,35,5,0,10000,1000,0,0,0,1,0x008D86E8,Caravan Treasure,0x0093CB52,"A gift from the Caravan.\nWorthless to hunters, but\ncoveted by the Smithy."
7225,4,5,99,43,4,0,0,0,7,2464,2,0,0x008D86F9,Attack PA1,0x0093CB9C,Decoration for Hunter Haven\nPoogie outfits. Cannot be\nattached to some outfits.
7226,4,5,99,43,4,0,0,0,7,2465,2,0,0x008D8704,Expert PA1,0x0093CBEC,Decoration for Hunter Haven\nPoogie outfits. Cannot be\nattached to some outfits.
7227,4,5,99,43,4,0,0,0,7,2466,2,0,0x008D870F,Eating PA2,0x0093CC3C,Decoration for Hunter Haven\nPoogie outfits. Cannot be\nattached to some outfits.
7228,4,5,99,43,4,0,0,0,7,2467,2,0,0x008D871A,WideRange PA1,0x0093CC8C,Decoration for Hunter Haven\nPoogie outfits. Cannot be\nattached to some outfits.
7229,4,5,99,43,4,0,0,0,7,2468,2,0,0x008D8728,Mndfulness PA1,0x0093CCDC,Decoration for Hunter Haven\nPoogie outfits. Cannot be\nattached to some outfits.
